distribution,alpha,seed,source_attack,samples_total,client_sample_min,client_sample_max,client_sample_mean,client_sample_population_sd,client_sample_cv,client_Male1_fraction_min,client_Male1_fraction_max,client_Male1_fraction_unweighted_mean,client_Male1_fraction_population_sd,client_Male1_fraction_weighted,clients_missing_Male0,clients_missing_Male1,first4_malicious_sample_fraction,first4_malicious_Male0_coverage_fraction,first4_malicious_Male1_coverage_fraction,first4_malicious_Male1_fraction,root_rows,root_0_0,root_0_1,root_1_0,root_1_1,root_joint_min_support,root_Male1_fraction,global_Male1_fraction,root_Smiling1_fraction,global_Smiling1_fraction,root_joint_tvd,root_sensitive_tvd,root_label_tvd,root_image_ids_sha256,result_sha256,all20_sample_counts_exact_match,client_label_joint_counts_available
IID,5000.0,91001,Sp-DFA,146493,7233,7412,7324.65,59.2091842537963,0.008083551330615975,0.4111431316042267,0.42788985823336967,0.4193709499064175,0.004228796112599056,0.41937157406838554,0,0,0.20009147194746507,0.19819417338757084,0.20271832017579555,0.4248771834061135,16277,4318,5133,4107,2719,2719,0.4193647478036493,0.4193708914419119,0.4823984763777109,0.47969527554217606,0.003544879277508156,6.14363826262343e-06,0.0027032008355348247,b8a09c34ab73d6291d0e8e7aa2c58773dcae985c7010155a7df2d9adec6fb479,0398d0d19e7b5db98b7647bfce9beb5c2f8c07f52327696a85672d5af4dccbfb,True,False
IID,5000.0,91002,Sp-DFA,146493,7208,7516,7324.65,86.3598720471493,0.011790306983562258,0.40495305483739286,0.4289242590559824,0.41939698831499905,0.0053758427653756834,0.41937157406838554,0,0,0.19962728594540352,0.20011051282654188,0.19895824855538374,0.4179660785118315,16277,4300,5151,4108,2718,2718,0.4193647478036493,0.4193708914419119,0.4834428948823493,0.47969527554217606,0.00471217054739817,6.14363826262343e-06,0.0037476193401732583,b912bf10cc84946c88b3162cabd26914a4d55b6ae8bac759f05e3bb8183954b3,920387313a2cb952be700765929b9c24491683e63c9b3e7ccfe87904bc568676,True,False
IID,5000.0,91003,Sp-DFA,146493,7163,7532,7324.65,82.41982467828963,0.011252390855302252,0.4111248795263665,0.4277456647398844,0.4193753498466024,0.004871815561969834,0.41937157406838554,0,0,0.19951123944488816,0.1995344353264831,0.19947912427769188,0.41930406815615695,16277,4315,5136,4067,2759,2759,0.4193647478036493,0.4193708914419119,0.4850402408306199,0.47969527554217606,0.005344965288443804,6.14363826262343e-06,0.005344965288443859,0714b84ec4bbfbb993a1f42d32cdf6ccf08a3edf7e8604200d6761223bb4441b,ba9d152a4f44f3b5cc3f22cb023042e2a419c1c264c6b7dc91c5f3b147304cbd,True,False
IID,5000.0,91004,Sp-DFA,146493,7226,7447,7324.65,71.4893523540394,0.009760104899761682,0.407188914803128,0.4287643484132343,0.41936102357084304,0.0050282437098188165,0.41937157406838554,0,0,0.20155911886574784,0.20028686308166194,0.20332058272971434,0.4230365428252108,16277,4403,5048,4144,2682,2682,0.4193647478036493,0.4193708914419119,0.47490323769736437,0.47969527554217606,0.0047920378448117334,6.14363826262343e-06,0.004792037844811692,428470d23b3d16031dc9125fbf6391c7ebc6bc1fa062c563eb60fa8ddfd93ec9,0e0a28bf119922b0cdd91d7f3543487cfc63ce58573383139740fcfebd374172,True,False
IID,5000.0,91005,Sp-DFA,146493,7216,7450,7324.65,63.1722051221896,0.008624603922670653,0.41080488139311666,0.4287277701778386,0.4193778943164667,0.004751071396493619,0.41937157406838554,0,0,0.19876717658864246,0.19849984716311223,0.19913729958492715,0.4201524830002061,16277,4356,5095,4138,2688,2688,0.4193647478036493,0.4193708914419119,0.4781593659765313,0.47969527554217606,0.003114824599127583,6.14363826262343e-06,0.0015359095656447552,9f64191242bedac086d91b2ec1541d06b8a4381566fbffe361169bd3ce13a8de,cbdfcc047e4b4c30fb7c4b6be52a3e1e93237ce47c7c1c1e69f4e09e1ec27a75,True,False
IID,5000.0,91006,Sp-DFA,146493,7136,7442,7324.65,63.868830426116304,0.00871971089760143,0.41204394412043943,0.42792792792792794,0.41937998333405285,0.004335809244077812,0.41937157406838554,0,0,0.19886274429494924,0.199005384561123,0.1986652559615854,0.4189551009199506,16277,4373,5078,4092,2734,2734,0.4193647478036493,0.4193708914419119,0.4799410210726792,0.47969527554217606,0.000755667506297214,6.14363826262343e-06,0.00024574553050316084,f8b60acfdd7e62c09787da55a173f9beb60dc07b9d262319b81acab7632fa479,e148730207a320c95e236c1a891d8ecb87e447d9465e2eb36ad4f709ac218cf2,True,False
IID,5000.0,91007,Sp-DFA,146493,7126,7419,7324.65,70.35714249456127,0.009605529615007035,0.40689936167323104,0.42969407802413695,0.4193881921680971,0.0050739598461456035,0.41937157406838554,0,0,0.19817329155659313,0.19753579910178937,0.19905591275331652,0.42123936481691987,16277,4364,5087,4095,2731,2731,0.4193647478036493,0.4193708914419119,0.48030963936843396,0.47969527554217606,0.0006143638262578743,6.14363826262343e-06,0.0006143638262579021,1b90dbca172cde5e8400727845a8da589f8d6f3bb8f55957e41bd9d22a94f9e7,50667aff3b04653c44bfe09e05f2a5a861afb737342431f0bbf23c0c6231aa62,True,False
IID,5000.0,91008,Sp-DFA,146493,7175,7445,7324.65,74.22214965897983,0.010133200857239573,0.411114183024606,0.4291481069042316,0.4193801298886271,0.004992512497526133,0.41937157406838554,0,0,0.19967506979855693,0.20027510639798726,0.19884430699112884,0.4176267478034939,16277,4431,5020,4160,2666,2666,0.4193647478036493,0.4193708914419119,0.4722000368618296,0.47969527554217606,0.007495238680346544,6.14363826262343e-06,0.007495238680346461,b7c6f8ae8d38c58dfb8d684534a1a3e54047e2731f9c0ef0272bc3fa700729d7,0cadcca67f03ae992befa24830127f5c42390f1489665461be284900ac2d389b,True,False
IID,5000.0,91009,Sp-DFA,146493,7227,7461,7324.65,62.52861345016376,0.008536737379965426,0.4088985942404804,0.4242631004366812,0.4193841103726366,0.003629745447108471,0.41937157406838554,0,0,0.20097888636317093,0.20155658491852618,0.20017905102954342,0.4177026017254263,16277,4395,5056,4094,2732,2732,0.4193647478036493,0.4193708914419119,0.47846654788966025,0.47969527554217606,0.001984395158813046,6.14363826262343e-06,0.0012287276525158042,012322877bc962928024dfac212af726e036b160b9b78ef68bad540c812c1de6,fa4dadf45ceb892bbcb124463ef33e5b67cc7c5c879aefd8288d65f2f59410b5,True,False
IID,5000.0,91010,Sp-DFA,146493,7245,7491,7324.65,59.36604669337517,0.008104967021410602,0.41073399558498896,0.4280282455187398,0.41937776501316665,0.005006177684887799,0.41937157406838554,0,0,0.1991562736786058,0.19935808507136307,0.19887686172377309,0.41878320479862896,16277,4349,5102,4121,2705,2705,0.4193647478036493,0.4193708914419119,0.47963383915955027,0.47969527554217606,0.0025004607728697087,6.14363826262343e-06,6.143638262579021e-05,efa5dd7e9dc87494c74c3f3d2ebe780f02578da0fe507e532c6c7232af99aa4f,ad2668e84d6b07ae80e5da24e8ee287abda49c9f39fc24e07fb506b12c92c4f2,True,False
