dataset,distribution,method,seed,round,aeod,aspd,fairnessRisk,role
adult,IID,AdaAggRL,1001,67,0.04439776974394094,0.16384771748310212,0.20824548722704306,unprotected_max_risk
adult,IID,AdaAggRL,123,70,0.05127806741606411,0.13026485407493904,0.18154292149100315,unprotected_max_risk
adult,IID,AdaAggRL,2024,62,0.0415302650271242,0.10449735911463046,0.14602762414175466,unprotected_max_risk
adult,IID,AdaAggRL,3141,61,0.18958947271614962,0.15516714667262407,0.34475661938877367,unprotected_max_risk
adult,IID,AdaAggRL,4242,68,0.007872500001428029,0.14679816747539653,0.15467066747682456,unprotected_max_risk
adult,IID,AdaAggRL,456,63,0.08712187637627378,0.17633625798533753,0.2634581343616113,unprotected_max_risk
adult,IID,AdaAggRL,5050,66,0.0233290358843653,0.1369243123268186,0.1602533482111839,unprotected_max_risk
adult,IID,AdaAggRL,6060,61,0.02112585546748036,0.15239273350383,0.17351858897131037,unprotected_max_risk
adult,IID,AdaAggRL,7070,69,0.12654663893603008,0.11734351177871268,0.24389015071474274,unprotected_max_risk
adult,IID,AdaAggRL,789,69,0.03914715154533943,0.1604826604643646,0.19962981200970403,unprotected_max_risk
adult,IID,FairFed,1001,61,0.005417984509762386,0.11888766769264003,0.12430565220240242,fairness_defended_min_risk
adult,IID,FairFed,123,62,0.009008077566573847,0.14825393344289192,0.15726201100946577,fairness_defended_min_risk
adult,IID,FairFed,2024,68,0.02796331193367496,0.11630504024511018,0.14426835217878514,fairness_defended_min_risk
adult,IID,FairFed,3141,67,0.12627531129848268,0.14115675838638236,0.26743206968486505,fairness_defended_min_risk
adult,IID,FairFed,4242,61,0.00719389529951997,0.1280738426383713,0.13526773793789126,fairness_defended_min_risk
adult,IID,FairFed,456,69,0.0302613142196817,0.15340364085531777,0.18366495507499947,fairness_defended_min_risk
adult,IID,FairFed,5050,62,0.008623649145375056,0.12506716010966132,0.13369080925503637,fairness_defended_min_risk
adult,IID,FairFed,6060,66,0.00012795240170659916,0.15594584484799962,0.15607379724970621,fairness_defended_min_risk
adult,IID,FairFed,7070,61,0.07763968946409078,0.09101488309356306,0.16865457255765384,fairness_defended_min_risk
adult,IID,FairFed,789,62,0.05052977435251227,0.11801608584681962,0.16854586019933188,fairness_defended_min_risk
adult,IID,FairGuard,1001,61,0.026530702007424578,0.11074524039397282,0.1372759424013974,fairness_defended_min_risk
adult,IID,FairGuard,123,63,0.0006500438979556433,0.14505051005974287,0.14570055395769851,fairness_defended_min_risk
adult,IID,FairGuard,2024,65,0.01794303947502962,0.13301435114898302,0.15095739062401264,fairness_defended_min_risk
adult,IID,FairGuard,3141,68,0.05541367182836554,0.09128865921679447,0.14670233104516,fairness_defended_min_risk
adult,IID,FairGuard,4242,69,0.006715787441357535,0.10978113598052999,0.11649692342188753,fairness_defended_min_risk
adult,IID,FairGuard,456,66,0.01834974532331113,0.12850207046327766,0.1468518157865888,fairness_defended_min_risk
adult,IID,FairGuard,5050,61,0.0317818914221053,0.10965727771242485,0.14143916913453014,fairness_defended_min_risk
adult,IID,FairGuard,6060,62,0.021554267526765702,0.1055898556427271,0.1271441231694928,fairness_defended_min_risk
adult,IID,FairGuard,7070,64,0.0069836877824306365,0.0578424932882019,0.06482618107063254,fairness_defended_min_risk
adult,IID,FairGuard,789,70,0.033529812623989574,0.13334931413935416,0.16687912676334374,fairness_defended_min_risk
adult,IID,Fed-NGA,1001,70,0.08729952457685741,0.08327392188840405,0.17057344646526146,unprotected_max_risk
adult,IID,Fed-NGA,123,66,0.09859475132393603,0.09602113237913118,0.1946158837030672,unprotected_max_risk
adult,IID,Fed-NGA,2024,68,0.08123206738521838,0.10796627331736217,0.18919834070258054,unprotected_max_risk
adult,IID,Fed-NGA,3141,61,0.0757803811267923,0.1557192528269035,0.2314996339536958,unprotected_max_risk
adult,IID,Fed-NGA,4242,64,0.06016676082211697,0.0980999612055201,0.15826672202763709,unprotected_max_risk
adult,IID,Fed-NGA,456,70,0.23613729978162412,0.27964253950133866,0.5157798392829628,unprotected_max_risk
adult,IID,Fed-NGA,5050,67,0.10357289945283216,0.07980312192648836,0.18337602137932052,unprotected_max_risk
adult,IID,Fed-NGA,6060,69,0.04385168717237187,0.16106836924240103,0.2049200564147729,unprotected_max_risk
adult,IID,Fed-NGA,7070,66,0.08842310660434316,0.2664308905971193,0.35485399720146243,unprotected_max_risk
adult,IID,Fed-NGA,789,63,0.03987088231749214,0.12423034444113701,0.16410122675862915,unprotected_max_risk
adult,IID,FedAA,1001,67,0.060711700961528,0.1044807483847971,0.1651924493463251,unprotected_max_risk
adult,IID,FedAA,123,64,0.06325589737760406,0.11224026626277718,0.17549616364038123,unprotected_max_risk
adult,IID,FedAA,2024,67,0.013941099625225106,0.1002803802926289,0.114221479917854,unprotected_max_risk
adult,IID,FedAA,3141,70,0.21911049089738616,0.16247123364640548,0.38158172454379163,unprotected_max_risk
adult,IID,FedAA,4242,65,0.030463524711664414,0.12613319582537855,0.15659672053704296,unprotected_max_risk
adult,IID,FedAA,456,62,0.047667981796486014,0.14014849912225935,0.18781648091874537,unprotected_max_risk
adult,IID,FedAA,5050,68,0.04993970814285653,0.13205100906372097,0.1819907172065775,unprotected_max_risk
adult,IID,FedAA,6060,66,0.045052954586608074,0.11652256457310886,0.16157551915971693,unprotected_max_risk
adult,IID,FedAA,7070,62,0.21561179241322231,0.17672293892439267,0.392334731337615,unprotected_max_risk
adult,IID,FedAA,789,69,0.13991195275357565,0.07437281755974016,0.21428477031331583,unprotected_max_risk
adult,IID,FedAMM,1001,70,0.022439081233209812,0.12530923942958755,0.14774832066279736,unprotected_max_risk
adult,IID,FedAMM,123,69,0.07748146261019473,0.11407517013259175,0.19155663274278648,unprotected_max_risk
adult,IID,FedAMM,2024,65,0.02128293988921831,0.12084829552847579,0.1421312354176941,unprotected_max_risk
adult,IID,FedAMM,3141,64,0.20938496593552913,0.17653185534750548,0.3859168212830346,unprotected_max_risk
adult,IID,FedAMM,4242,70,0.026057163877894585,0.14603347206502548,0.17209063594292007,unprotected_max_risk
adult,IID,FedAMM,456,63,0.0793270617615961,0.17607720683275552,0.2554042685943516,unprotected_max_risk
adult,IID,FedAMM,5050,68,0.04691626143645988,0.12062587625110593,0.16754213768756582,unprotected_max_risk
adult,IID,FedAMM,6060,69,0.029915728491858196,0.14428581464937176,0.17420154314122996,unprotected_max_risk
adult,IID,FedAMM,7070,70,0.1143197587640255,0.10880722160707687,0.22312698037110237,unprotected_max_risk
adult,IID,FedAMM,789,70,0.04241622116572641,0.12888574221214558,0.17130196337787199,unprotected_max_risk
adult,IID,FedAvg,1001,62,0.011167274345372125,0.1218233533942,0.13299062773957213,unprotected_max_risk
adult,IID,FedAvg,123,70,0.017552898893040347,0.147611210541442,0.16516410943448234,unprotected_max_risk
adult,IID,FedAvg,2024,64,0.05582551862135854,0.12680613099630794,0.18263164961766648,unprotected_max_risk
adult,IID,FedAvg,3141,62,0.1488200675063162,0.15442209124354145,0.30324215874985766,unprotected_max_risk
adult,IID,FedAvg,4242,65,0.03137461435774458,0.14068965182425736,0.17206426618200193,unprotected_max_risk
adult,IID,FedAvg,456,61,0.0679632890850318,0.1627665555713772,0.230729844656409,unprotected_max_risk
adult,IID,FedAvg,5050,70,0.0369394013998221,0.12403926086424986,0.16097866226407198,unprotected_max_risk
adult,IID,FedAvg,6060,62,0.030057390079461843,0.15893212506724036,0.1889895151467022,unprotected_max_risk
adult,IID,FedAvg,7070,70,0.10004792502903209,0.10362427267371645,0.20367219770274853,unprotected_max_risk
adult,IID,FedAvg,789,68,0.05927851981919874,0.12615209353975415,0.1854306133589529,unprotected_max_risk
adult,IID,FedDNA,1001,65,0.018962088960049694,0.12422318256849149,0.14318527152854119,unprotected_max_risk
adult,IID,FedDNA,123,68,0.08313992908923595,0.11219420559164511,0.19533413468088107,unprotected_max_risk
adult,IID,FedDNA,2024,63,0.05193896441952167,0.11360348960138222,0.1655424540209039,unprotected_max_risk
adult,IID,FedDNA,3141,63,0.1828416971743655,0.1804682572764526,0.3633099544508181,unprotected_max_risk
adult,IID,FedDNA,4242,62,0.04212547218149132,0.16786757428657414,0.20999304646806546,unprotected_max_risk
adult,IID,FedDNA,456,68,0.09428092749497186,0.185695401183029,0.2799763286780008,unprotected_max_risk
adult,IID,FedDNA,5050,61,0.02773768158245138,0.13781551409265957,0.16555319567511095,unprotected_max_risk
adult,IID,FedDNA,6060,65,0.020853385397774926,0.1594226631902897,0.18027604858806462,unprotected_max_risk
adult,IID,FedDNA,7070,67,0.1557277835502336,0.13913871520177484,0.29486649875200843,unprotected_max_risk
adult,IID,FedDNA,789,69,0.043669469243155845,0.16120241863460685,0.2048718878777627,unprotected_max_risk
adult,IID,FLAURA,1001,70,0.07739063925362621,0.10926493949581778,0.186655578749444,unprotected_max_risk
adult,IID,FLAURA,123,70,0.05802869903824348,0.10809693235529036,0.16612563139353384,unprotected_max_risk
adult,IID,FLAURA,2024,67,0.034555145485879235,0.09284412968582571,0.12739927517170496,unprotected_max_risk
adult,IID,FLAURA,3141,65,0.1267962603625737,0.11414424107802193,0.24094050144059562,unprotected_max_risk
adult,IID,FLAURA,4242,68,0.0985730451129323,0.13646284298097763,0.23503588809390993,unprotected_max_risk
adult,IID,FLAURA,456,61,0.0728723200683632,0.15820329920390067,0.23107561927226386,unprotected_max_risk
adult,IID,FLAURA,5050,67,0.09450541541403745,0.08202885941781637,0.17653427483185383,unprotected_max_risk
adult,IID,FLAURA,6060,70,0.044919861240190095,0.14460075649436405,0.18952061773455414,unprotected_max_risk
adult,IID,FLAURA,7070,68,0.07763968946409078,0.09394792070775834,0.17158761017184912,unprotected_max_risk
adult,IID,FLAURA,789,62,0.08516374765730006,0.10846246871796342,0.19362621637526348,unprotected_max_risk
adult,IID,FLGMM,1001,69,0.06645984836497965,0.09427989456921015,0.1607397429341898,unprotected_max_risk
adult,IID,FLGMM,123,66,0.07241477598904633,0.09925400570357898,0.1716687816926253,unprotected_max_risk
adult,IID,FLGMM,2024,69,0.08152624366592764,0.11063498366551383,0.19216122733144148,unprotected_max_risk
adult,IID,FLGMM,3141,68,0.1289594556539253,0.17162647411701232,0.3005859297709376,unprotected_max_risk
adult,IID,FLGMM,4242,61,0.05236909012704416,0.09419451381296537,0.14656360394000953,unprotected_max_risk
adult,IID,FLGMM,456,66,0.04903375944148769,0.16302713138032074,0.21206089082180843,unprotected_max_risk
adult,IID,FLGMM,5050,66,0.03962354575526472,0.11530887792553973,0.15493242368080445,unprotected_max_risk
adult,IID,FLGMM,6060,66,0.030694867223678424,0.16882600136119716,0.19952086858487558,unprotected_max_risk
adult,IID,FLGMM,7070,70,0.08250645045757266,0.13386250143387912,0.21636895189145178,unprotected_max_risk
adult,IID,FLGMM,789,66,0.02341700316053852,0.13725512263473139,0.1606721257952699,unprotected_max_risk
adult,IID,FLTG,1001,70,0.10698705795729702,0.2379040484802205,0.3448911064375175,unprotected_max_risk
adult,IID,FLTG,123,61,0.07130718801177394,0.21042516687664795,0.28173235488842185,unprotected_max_risk
adult,IID,FLTG,2024,63,0.13991138153749666,0.15485031906844782,0.2947617006059445,unprotected_max_risk
adult,IID,FLTG,3141,62,0.16095955161822662,0.2266926283547004,0.387652179972927,unprotected_max_risk
adult,IID,FLTG,4242,64,0.09237363700703338,0.22355869720360771,0.3159323342106411,unprotected_max_risk
adult,IID,FLTG,456,68,0.18073276741052324,0.27424246746533787,0.4549752348758611,unprotected_max_risk
adult,IID,FLTG,5050,66,0.1751417044288096,0.2605126560721506,0.4356543605009602,unprotected_max_risk
adult,IID,FLTG,6060,64,0.09735349878416666,0.27365376955838205,0.3710072683425487,unprotected_max_risk
adult,IID,FLTG,7070,67,0.31347195985950366,0.2569327228127791,0.5704046826722828,unprotected_max_risk
adult,IID,FLTG,789,69,0.030233895847887493,0.14038038731808491,0.1706142831659724,unprotected_max_risk
adult,IID,FLTrust+FairGuard,1001,62,0.015284599843144064,0.09490446202319731,0.11018906186634138,fairness_defended_min_risk
adult,IID,FLTrust+FairGuard,123,63,0.005759571725032497,0.12165907167124684,0.12741864339627934,fairness_defended_min_risk
adult,IID,FLTrust+FairGuard,2024,67,0.011306079852580586,0.1020473165867486,0.11335339643932918,fairness_defended_min_risk
adult,IID,FLTrust+FairGuard,3141,67,0.009871185062014065,0.08118634634920432,0.09105753141121839,fairness_defended_min_risk
adult,IID,FLTrust+FairGuard,4242,67,0.010897660356061878,0.1294740790162789,0.14037173937234076,fairness_defended_min_risk
adult,IID,FLTrust+FairGuard,456,64,0.0002621881802826742,0.1308584669925339,0.13112065517281657,fairness_defended_min_risk
adult,IID,FLTrust+FairGuard,5050,65,0.007661721268259619,0.02885119269654295,0.036512913964802565,fairness_defended_min_risk
adult,IID,FLTrust+FairGuard,6060,62,0.018735887392747064,0.1034060060788049,0.12214189347155197,fairness_defended_min_risk
adult,IID,FLTrust+FairGuard,7070,67,0.024827335659706073,0.12287955908863907,0.14770689474834514,fairness_defended_min_risk
adult,IID,FLTrust+FairGuard,789,61,0.00995858112210829,0.04408132613326404,0.05403990725537233,fairness_defended_min_risk
adult,IID,FLTrust,1001,67,0.09178357079737764,0.2401090225592569,0.33189259335663457,unprotected_max_risk
adult,IID,FLTrust,123,61,0.10373740968359768,0.2354188786722201,0.3391562883558178,unprotected_max_risk
adult,IID,FLTrust,2024,65,0.15802578583624038,0.1950809650705641,0.3531067509068045,unprotected_max_risk
adult,IID,FLTrust,3141,65,0.1799553423269401,0.18355309850495807,0.36350844083189815,unprotected_max_risk
adult,IID,FLTrust,4242,63,0.124122397896554,0.2529597090698878,0.3770821069664418,unprotected_max_risk
adult,IID,FLTrust,456,62,0.20241270247467946,0.27442825486749556,0.476840957342175,unprotected_max_risk
adult,IID,FLTrust,5050,70,0.10416753539112023,0.2072187142420438,0.311386249633164,unprotected_max_risk
adult,IID,FLTrust,6060,67,0.03662751742066239,0.20133187560136157,0.23795939302202396,unprotected_max_risk
adult,IID,FLTrust,7070,61,0.310084648510754,0.23384112013453565,0.5439257686452896,unprotected_max_risk
adult,IID,FLTrust,789,64,0.05423239697689608,0.13354304580360607,0.18777544278050215,unprotected_max_risk
adult,IID,GuardFed-AD2+,1001,69,0.003045152917400442,0.00046712662339290696,0.0035122795407933486,fairness_defended_min_risk
adult,IID,GuardFed-AD2+,123,64,0.00001542283413424883,0.0710428677598533,0.07105829059398755,fairness_defended_min_risk
adult,IID,GuardFed-AD2+,2024,65,0.013911396389114677,0.030670228103437024,0.0445816244925517,fairness_defended_min_risk
adult,IID,GuardFed-AD2+,3141,64,0.004608000109673466,0.047713358505409864,0.05232135861508333,fairness_defended_min_risk
adult,IID,GuardFed-AD2+,4242,70,0.009499323394554369,0.0008270057085140302,0.0103263291030684,fairness_defended_min_risk
adult,IID,GuardFed-AD2+,456,69,0.010057972719862474,0.09850136711522459,0.10855933983508706,fairness_defended_min_risk
adult,IID,GuardFed-AD2+,5050,61,0.004992999746951277,0.06400198462111226,0.06899498436806353,fairness_defended_min_risk
adult,IID,GuardFed-AD2+,6060,61,0.0007111640184137014,0.06365267782418217,0.06436384184259587,fairness_defended_min_risk
adult,IID,GuardFed-AD2+,7070,65,0.010311592658959423,0.05298656308311837,0.06329815574207778,fairness_defended_min_risk
adult,IID,GuardFed-AD2+,789,65,0.0002998884414997516,0.04063169080899831,0.04093157925049806,fairness_defended_min_risk
adult,IID,GuardFed-AD2,1001,61,0.022302560590317544,0.09496978151152748,0.11727234210184502,fairness_defended_min_risk
adult,IID,GuardFed-AD2,123,70,0.019287110909027516,0.06777751524265167,0.08706462615167919,fairness_defended_min_risk
adult,IID,GuardFed-AD2,2024,66,0.08456739807077482,0.05784738823757307,0.1424147863083479,fairness_defended_min_risk
adult,IID,GuardFed-AD2,3141,65,0.02110700533687182,0.04120417921147902,0.06231118454835084,fairness_defended_min_risk
adult,IID,GuardFed-AD2,4242,68,0.008119836563655447,0.06316213970113285,0.0712819762647883,fairness_defended_min_risk
adult,IID,GuardFed-AD2,456,61,0.00834718056311623,0.06687951270698765,0.07522669327010388,fairness_defended_min_risk
adult,IID,GuardFed-AD2,5050,70,0.015265178496456477,0.060348807672584374,0.07561398616904086,fairness_defended_min_risk
adult,IID,GuardFed-AD2,6060,62,0.020800262302423544,0.06286607550924828,0.08366633781167182,fairness_defended_min_risk
adult,IID,GuardFed-AD2,7070,61,0.003642073720004746,0.04928014352954497,0.052922217249549715,fairness_defended_min_risk
adult,IID,GuardFed-AD2,789,64,0.00960442715309906,0.0846446682024771,0.09424909535557616,fairness_defended_min_risk
adult,IID,GuardFed,1001,63,0.012080648855768539,0.09354121862332439,0.10562186747909293,fairness_defended_min_risk
adult,IID,GuardFed,123,61,0.0022831506679514835,0.12562869505986063,0.1279118457278121,fairness_defended_min_risk
adult,IID,GuardFed,2024,63,0.06459654151512778,0.11050466566914018,0.17510120718426797,fairness_defended_min_risk
adult,IID,GuardFed,3141,61,0.025411118492492224,0.036808956024055706,0.06222007451654793,fairness_defended_min_risk
adult,IID,GuardFed,4242,63,0.06100416359400013,0.0886169396784556,0.14962110327245573,fairness_defended_min_risk
adult,IID,GuardFed,456,70,0.01823835818789693,0.1069931012108219,0.12523145939871883,fairness_defended_min_risk
adult,IID,GuardFed,5050,68,0.019525879230069293,0.0439355609605961,0.0634614401906654,fairness_defended_min_risk
adult,IID,GuardFed,6060,63,0.004600003084566817,0.08630397579423463,0.09090397887880144,fairness_defended_min_risk
adult,IID,GuardFed,7070,62,0.04132005751003481,0.046513253336218946,0.08783331084625376,fairness_defended_min_risk
adult,IID,GuardFed,789,63,0.014488324628952332,0.11087134552408438,0.12535967015303673,fairness_defended_min_risk
adult,IID,Huber-BRFL,1001,68,0.006803754717530697,0.12664642324243935,0.13345017795997005,unprotected_max_risk
adult,IID,Huber-BRFL,123,70,0.02496157143828215,0.14351243270999361,0.16847400414827576,unprotected_max_risk
adult,IID,Huber-BRFL,2024,61,0.05057547163883608,0.11584886707399868,0.16642433871283474,unprotected_max_risk
adult,IID,Huber-BRFL,3141,62,0.15775103090221865,0.15330770787214984,0.3110587387743685,unprotected_max_risk
adult,IID,Huber-BRFL,4242,64,0.03535142070007091,0.13870974510995562,0.17406116581002654,unprotected_max_risk
adult,IID,Huber-BRFL,456,62,0.06205462996336797,0.16077192388642608,0.22282655384979405,unprotected_max_risk
adult,IID,Huber-BRFL,5050,70,0.034598557907886796,0.12706897372852588,0.16166753163641268,unprotected_max_risk
adult,IID,Huber-BRFL,6060,62,0.034170717064680556,0.15845857883811476,0.19262929590279532,unprotected_max_risk
adult,IID,Huber-BRFL,7070,70,0.10027526902849282,0.10488630697695993,0.20516157600545276,unprotected_max_risk
adult,IID,Huber-BRFL,789,70,0.036666360114037566,0.1325604449011459,0.16922680501518347,unprotected_max_risk
adult,IID,LASA,1001,69,0.028779579710633385,0.12305970927451276,0.15183928898514615,unprotected_max_risk
adult,IID,LASA,123,70,0.054732211046062296,0.1325876479804382,0.1873198590265005,unprotected_max_risk
adult,IID,LASA,2024,70,0.04521232387266216,0.11635112097751014,0.16156344485017232,unprotected_max_risk
adult,IID,LASA,3141,68,0.19052169735715463,0.16098451314251777,0.3515062104996724,unprotected_max_risk
adult,IID,LASA,4242,61,0.024056765169071292,0.14065301994904517,0.16470978511811646,unprotected_max_risk
adult,IID,LASA,456,69,0.070145905723071,0.17327671401567243,0.24342261973874343,unprotected_max_risk
adult,IID,LASA,5050,70,0.040302721673251884,0.12874451088602637,0.16904723255927825,unprotected_max_risk
adult,IID,LASA,6060,65,0.05121009270265742,0.13229573647101195,0.18350582917366937,unprotected_max_risk
adult,IID,LASA,7070,67,0.10143426645287956,0.10495276995756117,0.20638703641044073,unprotected_max_risk
adult,IID,LASA,789,62,0.0316242357842883,0.1466667461092876,0.1782909818935759,unprotected_max_risk
adult,IID,LayerGuard,1001,68,0.015309733350622134,0.1597055270678864,0.17501526041850854,unprotected_max_risk
adult,IID,LayerGuard,123,65,0.021597679948773263,0.15141468650918652,0.17301236645795978,unprotected_max_risk
adult,IID,LayerGuard,2024,67,0.036257369401439754,0.1296425134216904,0.16589988282313015,unprotected_max_risk
adult,IID,LayerGuard,3141,66,0.17440883419939207,0.15412376012838247,0.32853259432777454,unprotected_max_risk
adult,IID,LayerGuard,4242,69,0.018353743835864522,0.162610980438699,0.18096472427456353,unprotected_max_risk
adult,IID,LayerGuard,456,70,0.12059856590491191,0.2112189310642274,0.3318174969691393,unprotected_max_risk
adult,IID,LayerGuard,5050,68,0.049164567923589586,0.13580768209342056,0.18497225001701015,unprotected_max_risk
adult,IID,LayerGuard,6060,64,0.03912658776649369,0.1904659907544036,0.2295925785208973,unprotected_max_risk
adult,IID,LayerGuard,7070,68,0.10823116657746179,0.12625139681593173,0.23448256339339352,unprotected_max_risk
adult,IID,LayerGuard,789,69,0.11570724262003107,0.09779900206426434,0.2135062446842954,unprotected_max_risk
adult,IID,LoGoFair,1001,65,0.012665574120712841,0.07038730564693799,0.08305287976765083,unprotected_max_risk
adult,IID,LoGoFair,123,64,0.02639989352532285,0.07005310498474762,0.09645299851007047,unprotected_max_risk
adult,IID,LoGoFair,2024,65,0.1039527581453985,0.0645752152905058,0.1685279734359043,unprotected_max_risk
adult,IID,LoGoFair,3141,66,0.014766506859448275,0.04217695009266098,0.056943456952109256,unprotected_max_risk
adult,IID,LoGoFair,4242,70,0.0697751864877694,0.07974153383399037,0.14951672032175978,unprotected_max_risk
adult,IID,LoGoFair,456,63,0.031595674980335886,0.06836434745169136,0.09996002243202724,unprotected_max_risk
adult,IID,LoGoFair,5050,70,0.043056554390338175,0.08221954176934526,0.12527609615968344,unprotected_max_risk
adult,IID,LoGoFair,6060,63,0.04823062963434743,0.0706716540583604,0.11890228369270783,unprotected_max_risk
adult,IID,LoGoFair,7070,69,0.05796757891778542,0.030196320771488955,0.08816389968927438,unprotected_max_risk
adult,IID,LoGoFair,789,69,0.04860192008572811,0.07782054706355397,0.12642246714928207,unprotected_max_risk
adult,IID,Median,1001,70,0.022666425232670595,0.1312546168500447,0.1539210420827153,unprotected_max_risk
adult,IID,Median,123,70,0.05525544497446955,0.125107202400419,0.18036264737488855,unprotected_max_risk
adult,IID,Median,2024,70,0.05982460239076781,0.11356196277679885,0.17338656516756668,unprotected_max_risk
adult,IID,Median,3141,62,0.1472063820830079,0.15045812513247958,0.2976645072154875,unprotected_max_risk
adult,IID,Median,4242,67,0.04850938308092245,0.13645341418505774,0.1849627972659802,unprotected_max_risk
adult,IID,Median,456,70,0.05166935043021137,0.16358978976152327,0.21525914019173464,unprotected_max_risk
adult,IID,Median,5050,69,0.08468849587953281,0.06784476061270162,0.15253325649223443,unprotected_max_risk
adult,IID,Median,6060,61,0.02980719743683924,0.15182931279444675,0.181636510231286,unprotected_max_risk
adult,IID,Median,7070,69,0.09732036825158186,0.0979911890108868,0.19531155726246865,unprotected_max_risk
adult,IID,Median,789,69,0.0629605786647367,0.1245939950446261,0.1875545737093628,unprotected_max_risk
adult,IID,SmartFL,1001,64,0.05057832771923132,0.1402852166630978,0.1908635443823291,unprotected_max_risk
adult,IID,SmartFL,123,62,0.03783106969921479,0.18022659924315257,0.21805766894236736,unprotected_max_risk
adult,IID,SmartFL,2024,63,0.034827044339505675,0.11864747413189779,0.15347451847140348,unprotected_max_risk
adult,IID,SmartFL,3141,68,0.16038719310702132,0.1545138514829831,0.31490104459000445,unprotected_max_risk
adult,IID,SmartFL,4242,70,0.02396594181250289,0.1389283928689575,0.1628943346814604,unprotected_max_risk
adult,IID,SmartFL,456,69,0.11130316665057738,0.202459459287041,0.3137626259376184,unprotected_max_risk
adult,IID,SmartFL,5050,68,0.045848087368641655,0.12231009993761346,0.16815818730625512,unprotected_max_risk
adult,IID,SmartFL,6060,69,0.042512756683085406,0.19137229865498429,0.2338850553380697,unprotected_max_risk
adult,IID,SmartFL,7070,70,0.09693479739822497,0.10621707118407901,0.203151868582304,unprotected_max_risk
adult,IID,SmartFL,789,64,0.08070997588896933,0.10663021293551356,0.1873401888244829,unprotected_max_risk
adult,non-IID,AdaAggRL,1001,65,0.030943917434143153,0.14348071584542058,0.17442463327956373,unprotected_max_risk
adult,non-IID,AdaAggRL,123,62,0.036646938767349924,0.14841554701721243,0.18506248578456236,unprotected_max_risk
adult,non-IID,AdaAggRL,2024,64,0.0631667876692727,0.13921877972202223,0.20238556739129493,unprotected_max_risk
adult,non-IID,AdaAggRL,3141,62,0.22570118201743244,0.16399081450713737,0.3896919965245698,unprotected_max_risk
adult,non-IID,AdaAggRL,4242,70,0.03678345941024219,0.14335495175686352,0.18013841116710572,unprotected_max_risk
adult,non-IID,AdaAggRL,456,70,0.03437406998882131,0.14318086007390007,0.17755493006272138,unprotected_max_risk
adult,non-IID,AdaAggRL,5050,65,0.030192197074117022,0.12768375128377069,0.1578759483578877,unprotected_max_risk
adult,non-IID,AdaAggRL,6060,70,0.032236579421026756,0.12536019505009077,0.15759677447111753,unprotected_max_risk
adult,non-IID,AdaAggRL,7070,62,0.14593485509104898,0.15284663975166718,0.29878149484271616,unprotected_max_risk
adult,non-IID,AdaAggRL,789,64,0.11987026540412682,0.2014776207127616,0.3213478861168884,unprotected_max_risk
adult,non-IID,FairFed,1001,61,0.04687456266268941,0.153424043164787,0.2002986058274764,fairness_defended_min_risk
adult,non-IID,FairFed,123,70,0.007739977871089043,0.1461981148908011,0.15393809276189013,fairness_defended_min_risk
adult,non-IID,FairFed,2024,69,0.00796617943839184,0.13066587882055314,0.13863205825894498,fairness_defended_min_risk
adult,non-IID,FairFed,3141,62,0.16888574593108507,0.1410302520309125,0.30991599796199754,fairness_defended_min_risk
adult,non-IID,FairFed,4242,70,0.028124966084045355,0.14011339190340866,0.168238357987454,fairness_defended_min_risk
adult,non-IID,FairFed,456,66,0.06094018739314688,0.14629364664861072,0.2072338340417576,fairness_defended_min_risk
adult,non-IID,FairFed,5050,67,0.0021272086783716837,0.15372991731668187,0.15585712599505355,fairness_defended_min_risk
adult,non-IID,FairFed,6060,61,0.0199417245356156,0.11056585253627989,0.13050757707189548,fairness_defended_min_risk
adult,non-IID,FairFed,7070,70,0.08768852272668853,0.1491587166871111,0.23684723941379962,fairness_defended_min_risk
adult,non-IID,FairFed,789,69,0.035419395413477606,0.14533182921971016,0.18075122463318777,fairness_defended_min_risk
adult,non-IID,FairGuard,1001,62,0.035666731975705024,0.10575714655586746,0.14142387853157248,fairness_defended_min_risk
adult,non-IID,FairGuard,123,69,0.013739460349321497,0.14629440897679147,0.16003386932611297,fairness_defended_min_risk
adult,non-IID,FairGuard,2024,70,0.05489443641251163,0.1393041203557312,0.19419855676824282,fairness_defended_min_risk
adult,non-IID,FairGuard,3141,67,0.002150057321533505,0.08527304729736805,0.08742310461890156,fairness_defended_min_risk
adult,non-IID,FairGuard,4242,61,0.0011024470325610158,0.12145438655471356,0.12255683358727458,fairness_defended_min_risk
adult,non-IID,FairGuard,456,65,0.017804805183900152,0.11712261715770432,0.13492742234160449,fairness_defended_min_risk
adult,non-IID,FairGuard,5050,61,0.055599888270134956,0.06416590524124295,0.11976579351137791,fairness_defended_min_risk
adult,non-IID,FairGuard,6060,62,0.0003490130242977951,0.07227771904507241,0.0726267320693702,fairness_defended_min_risk
adult,non-IID,FairGuard,7070,64,0.0038979785234178888,0.1157450299512724,0.11964300847469028,fairness_defended_min_risk
adult,non-IID,FairGuard,789,61,0.035462807835485166,0.12151896377613086,0.15698177161161603,fairness_defended_min_risk
adult,non-IID,Fed-NGA,1001,70,0.08273436567311254,0.146512675571703,0.22924704124481554,unprotected_max_risk
adult,non-IID,Fed-NGA,123,70,0.13168644121529655,0.060349208897942666,0.1920356501132392,unprotected_max_risk
adult,non-IID,Fed-NGA,2024,61,0.04577839900699787,0.14589980383691006,0.19167820284390794,unprotected_max_risk
adult,non-IID,Fed-NGA,3141,64,0.13205087707372865,0.19713640245856456,0.3291872795322932,unprotected_max_risk
adult,non-IID,Fed-NGA,4242,62,0.12039349933253407,0.20970161712676985,0.3300951164593039,unprotected_max_risk
adult,non-IID,Fed-NGA,456,69,0.08239220724176322,0.1329425919936523,0.2153347992354155,unprotected_max_risk
adult,non-IID,Fed-NGA,5050,67,0.0867997105076912,0.10472056078144898,0.19152027128914018,unprotected_max_risk
adult,non-IID,Fed-NGA,6060,69,0.04666664000991638,0.10333541047701322,0.1500020504869296,unprotected_max_risk
adult,non-IID,Fed-NGA,7070,68,0.04395964701131183,0.1413814847095624,0.18534113172087424,unprotected_max_risk
adult,non-IID,Fed-NGA,789,69,0.05671090354388164,0.11416012960221034,0.17087103314609198,unprotected_max_risk
adult,non-IID,FedAA,1001,68,0.018237786971817882,0.12022029759767519,0.13845808456949307,unprotected_max_risk
adult,non-IID,FedAA,123,63,0.01374003156540049,0.15277640525269795,0.16651643681809844,unprotected_max_risk
adult,non-IID,FedAA,2024,70,0.039120304389624216,0.10192720977574352,0.14104751416536773,unprotected_max_risk
adult,non-IID,FedAA,3141,68,0.1434557773079843,0.13072893138560893,0.27418470869359324,unprotected_max_risk
adult,non-IID,FedAA,4242,69,0.09086791142266504,0.12195246771449877,0.2128203791371638,unprotected_max_risk
adult,non-IID,FedAA,456,63,0.03905290089229663,0.11730954805213313,0.15636244894442974,unprotected_max_risk
adult,non-IID,FedAA,5050,66,0.07998567390073746,0.06292010050374246,0.14290577440447993,unprotected_max_risk
adult,non-IID,FedAA,6060,61,0.06336956937733451,0.1085443989361269,0.1719139683134614,unprotected_max_risk
adult,non-IID,FedAA,7070,70,0.06439318859098703,0.12145400539062319,0.1858471939816102,unprotected_max_risk
adult,non-IID,FedAA,789,68,0.059576694612461234,0.0972314086111548,0.15680810322361605,unprotected_max_risk
adult,non-IID,FedAMM,1001,70,0.0716636268450993,0.10762188153107119,0.1792855083761705,unprotected_max_risk
adult,non-IID,FedAMM,123,61,0.015034407200521405,0.13662901046311476,0.15166341766363617,unprotected_max_risk
adult,non-IID,FedAMM,2024,61,0.03380513877409036,0.12607429594278108,0.15987943471687144,unprotected_max_risk
adult,non-IID,FedAMM,3141,61,0.1874302759373513,0.14645337446374726,0.3338836504010986,unprotected_max_risk
adult,non-IID,FedAMM,4242,62,0.04107843310859782,0.14294144890260652,0.18401988201120434,unprotected_max_risk
adult,non-IID,FedAMM,456,69,0.059781761184839244,0.15132290620847694,0.21110466739331618,unprotected_max_risk
adult,non-IID,FedAMM,5050,70,0.019463045461374118,0.1273155668337329,0.14677861229510702,unprotected_max_risk
adult,non-IID,FedAMM,6060,70,0.011486584133559408,0.11686206141002867,0.12834864554358807,unprotected_max_risk
adult,non-IID,FedAMM,7070,70,0.1669790266592256,0.16282017934051307,0.32979920599973866,unprotected_max_risk
adult,non-IID,FedAMM,789,62,0.058327445047585136,0.15806130554960068,0.21638875059718582,unprotected_max_risk
adult,non-IID,FedAvg,1001,69,0.09128147186389524,0.18477248255261497,0.2760539544165102,unprotected_max_risk
adult,non-IID,FedAvg,123,70,0.012076650343215145,0.1415276109850528,0.15360426132826793,unprotected_max_risk
adult,non-IID,FedAvg,2024,61,0.06584807594432007,0.13524612708195338,0.20109420302627345,unprotected_max_risk
adult,non-IID,FedAvg,3141,61,0.19372793320884635,0.19243719087843036,0.3861651240872767,unprotected_max_risk
adult,non-IID,FedAvg,4242,62,0.05901004826204648,0.15724186293909048,0.21625191120113696,unprotected_max_risk
adult,non-IID,FedAvg,456,67,0.04512321416433085,0.14043399102595291,0.18555720519028376,unprotected_max_risk
adult,non-IID,FedAvg,5050,66,0.04912401158197721,0.16300937715821628,0.2121333887401935,unprotected_max_risk
adult,non-IID,FedAvg,6060,62,0.06807581865260404,0.13522951635212002,0.20330533500472406,unprotected_max_risk
adult,non-IID,FedAvg,7070,61,0.094029021204112,0.15060918647987703,0.24463820768398903,unprotected_max_risk
adult,non-IID,FedAvg,789,61,0.0367828881941632,0.14635595694675366,0.18313884514091686,unprotected_max_risk
adult,non-IID,FedDNA,1001,64,0.04057519174295743,0.10937633971654792,0.14995153145950535,unprotected_max_risk
adult,non-IID,FedDNA,123,64,0.03857822033060854,0.14567056372844922,0.18424878405905776,unprotected_max_risk
adult,non-IID,FedDNA,2024,64,0.06050777682130826,0.13591490957042446,0.19642268639173271,unprotected_max_risk
adult,non-IID,FedDNA,3141,66,0.2365874180519133,0.17481553363233449,0.4114029516842478,unprotected_max_risk
adult,non-IID,FedDNA,4242,61,0.09814234818933065,0.15601908853715601,0.25416143672648667,unprotected_max_risk
adult,non-IID,FedDNA,456,68,0.030329288933088283,0.1451075241831563,0.1754368131162446,unprotected_max_risk
adult,non-IID,FedDNA,5050,68,0.05462367999104334,0.1489801112188669,0.20360379120991023,unprotected_max_risk
adult,non-IID,FedDNA,6060,69,0.03030586907384747,0.13094683687769798,0.16125270595154545,unprotected_max_risk
adult,non-IID,FedDNA,7070,61,0.19479553606058547,0.1676670418524992,0.36246257791308467,unprotected_max_risk
adult,non-IID,FedDNA,789,63,0.0972118371965629,0.17960538202090714,0.27681721921747005,unprotected_max_risk
adult,non-IID,FLAURA,1001,67,0.1089577534300098,0.07726735760080716,0.18622511103081696,unprotected_max_risk
adult,non-IID,FLAURA,123,62,0.05623565176611439,0.0900738491382221,0.14630950090433648,unprotected_max_risk
adult,non-IID,FLAURA,2024,61,0.04268640637111565,0.07588104374283236,0.11856745011394801,unprotected_max_risk
adult,non-IID,FLAURA,3141,61,0.05178302242994176,0.05461567846666435,0.10639870089660611,unprotected_max_risk
adult,non-IID,FLAURA,4242,64,0.03830689269306109,0.14035244197187977,0.17865933466494086,unprotected_max_risk
adult,non-IID,FLAURA,456,70,0.03594320055796385,0.14191393082128542,0.17785713137924927,unprotected_max_risk
adult,non-IID,FLAURA,5050,63,0.010510375854467902,0.09071544860866883,0.10122582446313673,unprotected_max_risk
adult,non-IID,FLAURA,6060,70,0.013464134199220767,0.09309904821721732,0.10656318241643808,unprotected_max_risk
adult,non-IID,FLAURA,7070,62,0.10050775397266509,0.15157632014477496,0.25208407411744005,unprotected_max_risk
adult,non-IID,FLAURA,789,65,0.03434779404918509,0.1165867806917037,0.15093457474088878,unprotected_max_risk
adult,non-IID,FLGMM,1001,67,0.09900431325261294,0.07141789310225,0.17042220635486294,unprotected_max_risk
adult,non-IID,FLGMM,123,68,0.05241364498120982,0.13529260903971163,0.18770625402092145,unprotected_max_risk
adult,non-IID,FLGMM,2024,68,0.08021244668411925,0.07649961287771304,0.1567120595618323,unprotected_max_risk
adult,non-IID,FLGMM,3141,65,0.08525285736563143,0.09327083285437057,0.178523690220002,unprotected_max_risk
adult,non-IID,FLGMM,4242,67,0.0731225127109858,0.1552729096770702,0.228395422388056,unprotected_max_risk
adult,non-IID,FLGMM,456,61,0.08150625110316112,0.13652100059666222,0.21802725169982334,unprotected_max_risk
adult,non-IID,FLGMM,5050,62,0.019306532255715214,0.1211326640011661,0.1404391962568813,unprotected_max_risk
adult,non-IID,FLGMM,6060,69,0.03659781418455199,0.0937346092460217,0.1303324234305737,unprotected_max_risk
adult,non-IID,FLGMM,7070,62,0.07380225984505195,0.12088530856777834,0.1946875684128303,unprotected_max_risk
adult,non-IID,FLGMM,789,64,0.07300369976654397,0.1198868793249335,0.19289057909147747,unprotected_max_risk
adult,non-IID,FLTG,1001,61,0.1683025343143778,0.25641881331260924,0.42472134762698704,unprotected_max_risk
adult,non-IID,FLTG,123,61,0.08792043645478165,0.23027898121980453,0.31819941767458615,unprotected_max_risk
adult,non-IID,FLTG,2024,63,0.05651440521268947,0.235245188214615,0.29175959342730445,unprotected_max_risk
adult,non-IID,FLTG,3141,69,0.21274771499287976,0.16870210297055618,0.3814498179634359,unprotected_max_risk
adult,non-IID,FLTG,4242,62,0.2123427227928354,0.247066430762205,0.4594091535550404,unprotected_max_risk
adult,non-IID,FLTG,456,68,0.09846337162575514,0.2054098699592503,0.30387324158500545,unprotected_max_risk
adult,non-IID,FLTG,5050,70,0.20020895084171553,0.28716906581375784,0.48737801665547337,unprotected_max_risk
adult,non-IID,FLTG,6060,65,0.10964664002134072,0.2520050735749007,0.36165171359624143,unprotected_max_risk
adult,non-IID,FLTG,7070,68,0.24368420661799528,0.3312960714540636,0.5749802780720589,unprotected_max_risk
adult,non-IID,FLTG,789,65,0.006742063380993701,0.18127225271066846,0.18801431609166216,unprotected_max_risk
adult,non-IID,FLTrust+FairGuard,1001,62,0.013276204109214235,0.04001464633047914,0.05329085043969337,fairness_defended_min_risk
adult,non-IID,FLTrust+FairGuard,123,62,0.0019204284577565844,0.11750741233757545,0.11942784079533203,fairness_defended_min_risk
adult,non-IID,FLTrust+FairGuard,2024,62,0.037435788172514084,0.06897685808366183,0.10641264625617591,fairness_defended_min_risk
adult,non-IID,FLTrust+FairGuard,3141,63,0.001031616238759192,0.08594786822748146,0.08697948446624065,fairness_defended_min_risk
adult,non-IID,FLTrust+FairGuard,4242,70,0.0007374399580498681,0.13705497136474679,0.13779241132279665,fairness_defended_min_risk
adult,non-IID,FLTrust+FairGuard,456,64,0.01169279313809557,0.12568155650081575,0.13737434963891132,fairness_defended_min_risk
adult,non-IID,FLTrust+FairGuard,5050,69,0.032093204185185964,0.045576733166158775,0.07766993735134474,fairness_defended_min_risk
adult,non-IID,FLTrust+FairGuard,6060,65,0.008212944784540155,0.14835173212397593,0.15656467690851608,fairness_defended_min_risk
adult,non-IID,FLTrust+FairGuard,7070,61,0.03484303838971903,0.04477540588057551,0.07961844427029455,fairness_defended_min_risk
adult,non-IID,FLTrust+FairGuard,789,62,0.00021363481356362346,0.14761044821326125,0.14782408302682487,fairness_defended_min_risk
adult,non-IID,FLTrust,1001,61,0.1868242156774822,0.2812357853378532,0.4680600010153354,unprotected_max_risk
adult,non-IID,FLTrust,123,66,0.03426382528556515,0.1928643153336014,0.22712814061916656,unprotected_max_risk
adult,non-IID,FLTrust,2024,64,0.204454799957273,0.19437896112242634,0.39883376107969937,unprotected_max_risk
adult,non-IID,FLTrust,3141,66,0.17729861634329175,0.21250361453894653,0.3898022308822383,unprotected_max_risk
adult,non-IID,FLTrust,4242,63,0.19791266220394588,0.25686967024772334,0.4547823324516692,unprotected_max_risk
adult,non-IID,FLTrust,456,68,0.10451140747070664,0.25886885584049113,0.36338026331119777,unprotected_max_risk
adult,non-IID,FLTrust,5050,66,0.22632266511143562,0.3441188326797573,0.5704414977911929,unprotected_max_risk
adult,non-IID,FLTrust,6060,63,0.1025310013246501,0.19946222561551882,0.30199322694016895,unprotected_max_risk
adult,non-IID,FLTrust,7070,64,0.20050426955458278,0.2891312183059551,0.4896354878605379,unprotected_max_risk
adult,non-IID,FLTrust,789,64,0.02868704270582778,0.17279676824208204,0.20148381094790982,unprotected_max_risk
adult,non-IID,GuardFed-AD2+,1001,61,0.010688595271130585,0.07068525559800654,0.08137385086913712,fairness_defended_min_risk
adult,non-IID,GuardFed-AD2+,123,65,0.01425355482046392,0.04540755649383443,0.059661111314298354,fairness_defended_min_risk
adult,non-IID,GuardFed-AD2+,2024,70,0.008980087978700507,0.031013115294634422,0.03999320327333493,fairness_defended_min_risk
adult,non-IID,GuardFed-AD2+,3141,64,0.0225613214741259,0.04301906193591476,0.06558038341004066,fairness_defended_min_risk
adult,non-IID,GuardFed-AD2+,4242,63,0.009703818750853254,0.0005377422864525175,0.010241561037305771,fairness_defended_min_risk
adult,non-IID,GuardFed-AD2+,456,64,0.02581325461214143,0.02340050608159343,0.049213760693734857,fairness_defended_min_risk
adult,non-IID,GuardFed-AD2+,5050,62,0.01337902300344268,0.06083519311317536,0.07421421611661805,fairness_defended_min_risk
adult,non-IID,GuardFed-AD2+,6060,61,0.00348041956963438,0.030014665990521695,0.033495085560156075,fairness_defended_min_risk
adult,non-IID,GuardFed-AD2+,7070,64,0.0029828903647843297,0.04731307602670861,0.05029596639149294,fairness_defended_min_risk
adult,non-IID,GuardFed-AD2+,789,70,0.0034724225445277035,0.04036395312740924,0.04383637567193694,fairness_defended_min_risk
adult,non-IID,GuardFed-AD2,1001,62,0.00032559316505686997,0.07078796928972961,0.07111356245478648,fairness_defended_min_risk
adult,non-IID,GuardFed-AD2,123,61,0.003378743107563975,0.07160855539251096,0.07498729850007493,fairness_defended_min_risk
adult,non-IID,GuardFed-AD2,2024,62,0.026501569987393253,0.033258492767250895,0.05976006275464415,fairness_defended_min_risk
adult,non-IID,GuardFed-AD2,3141,70,0.012334840010944509,0.04300622272444938,0.05534106273539389,fairness_defended_min_risk
adult,non-IID,GuardFed-AD2,4242,63,0.03668349659640899,0.04339970443332756,0.08008320102973654,fairness_defended_min_risk
adult,non-IID,GuardFed-AD2,456,69,0.012265151649300754,0.06393778856378535,0.0762029402130861,fairness_defended_min_risk
adult,non-IID,GuardFed-AD2,5050,65,0.028290618746969004,0.021165700897167985,0.04945631964413699,fairness_defended_min_risk
adult,non-IID,GuardFed-AD2,6060,65,0.004414929074955554,0.057993915738421775,0.06240884481337733,fairness_defended_min_risk
adult,non-IID,GuardFed-AD2,7070,62,0.0077325520620614985,0.04977710125832698,0.05750965332038848,fairness_defended_min_risk
adult,non-IID,GuardFed-AD2,789,65,0.0005312309535138171,0.08849270024626008,0.08902393119977389,fairness_defended_min_risk
adult,non-IID,GuardFed,1001,68,0.002673291249940757,0.08247632599865293,0.08514961724859368,fairness_defended_min_risk
adult,non-IID,GuardFed,123,64,0.040211898316683314,0.11147932230950612,0.15169122062618945,fairness_defended_min_risk
adult,non-IID,GuardFed,2024,70,0.058184641027823364,0.0738086144609082,0.13199325548873156,fairness_defended_min_risk
adult,non-IID,GuardFed,3141,68,0.02286749329249521,0.05107727203187623,0.07394476532437144,fairness_defended_min_risk
adult,non-IID,GuardFed,4242,70,0.0024876460242503895,0.10969503301864027,0.11218267904289066,fairness_defended_min_risk
adult,non-IID,GuardFed,456,67,0.03039783486257397,0.08730846353998967,0.11770629840256364,fairness_defended_min_risk
adult,non-IID,GuardFed,5050,63,0.02616226763643925,0.0471669296899503,0.07332919732638955,fairness_defended_min_risk
adult,non-IID,GuardFed,6060,64,0.02141374837132018,0.057166910029907744,0.07858065840122792,fairness_defended_min_risk
adult,non-IID,GuardFed,7070,65,0.01734383380810911,0.03844824247043441,0.05579207627854352,fairness_defended_min_risk
adult,non-IID,GuardFed,789,64,0.0042389945226090076,0.11560642665124998,0.11984542117385899,fairness_defended_min_risk
adult,non-IID,Huber-BRFL,1001,70,0.060033096259619945,0.16448628770209373,0.22451938396171367,unprotected_max_risk
adult,non-IID,Huber-BRFL,123,61,0.025352283236350415,0.14756928249150034,0.17292156572785075,unprotected_max_risk
adult,non-IID,Huber-BRFL,2024,70,0.02837173143019367,0.13122779493484282,0.1595995263650365,unprotected_max_risk
adult,non-IID,Huber-BRFL,3141,65,0.17261350206294684,0.15068734517967253,0.32330084724261937,unprotected_max_risk
adult,non-IID,Huber-BRFL,4242,62,0.04216945581957798,0.14425937389826027,0.18642882971783825,unprotected_max_risk
adult,non-IID,Huber-BRFL,456,63,0.07441688834610666,0.15330016483541398,0.22771705318152063,unprotected_max_risk
adult,non-IID,Huber-BRFL,5050,61,0.025307157166105654,0.1539867015459895,0.17929385871209516,unprotected_max_risk
adult,non-IID,Huber-BRFL,6060,67,0.04014563725151388,0.1258556481837792,0.16600128543529308,unprotected_max_risk
adult,non-IID,Huber-BRFL,7070,62,0.13123061078421683,0.14589109724663513,0.27712170803085195,unprotected_max_risk
adult,non-IID,Huber-BRFL,789,61,0.019329380898877146,0.1403588415163446,0.15968822241522174,unprotected_max_risk
adult,non-IID,LASA,1001,70,0.021807887465862708,0.1463725877378549,0.1681804752037176,unprotected_max_risk
adult,non-IID,LASA,123,62,0.031715059140856705,0.14228097177905208,0.17399603091990878,unprotected_max_risk
adult,non-IID,LASA,2024,70,0.04425782180457438,0.1151513969724096,0.159409218776984,unprotected_max_risk
adult,non-IID,LASA,3141,66,0.22045170625098892,0.16881161743210232,0.38926332368309124,unprotected_max_risk
adult,non-IID,LASA,4242,70,0.02955643357813753,0.14038301534418174,0.16993944892231927,unprotected_max_risk
adult,non-IID,LASA,456,69,0.07534911298711167,0.15971758388990315,0.2350666968770148,unprotected_max_risk
adult,non-IID,LASA,5050,66,0.03873416232018834,0.1335101854467618,0.17224434776695013,unprotected_max_risk
adult,non-IID,LASA,6060,65,0.03221487321002303,0.1296357126518673,0.16185058586189033,unprotected_max_risk
adult,non-IID,LASA,7070,61,0.10905029043481546,0.14992114517420785,0.2589714356090233,unprotected_max_risk
adult,non-IID,LASA,789,70,0.024348085369385486,0.14126894099656112,0.1656170263659466,unprotected_max_risk
adult,non-IID,LayerGuard,1001,69,0.048354012307421534,0.18468678081608353,0.23304079312350506,unprotected_max_risk
adult,non-IID,LayerGuard,123,61,0.021376048110103074,0.15560899609844447,0.17698504420854755,unprotected_max_risk
adult,non-IID,LayerGuard,2024,62,0.06344097138721538,0.15065111452981866,0.21409208591703405,unprotected_max_risk
adult,non-IID,LayerGuard,3141,70,0.08432463123717976,0.13698208877841284,0.2213067200155926,unprotected_max_risk
adult,non-IID,LayerGuard,4242,70,0.0630559717499376,0.1771255083876362,0.2401814801375738,unprotected_max_risk
adult,non-IID,LayerGuard,456,66,0.053440120275257574,0.1349376048426938,0.18837772511795137,unprotected_max_risk
adult,non-IID,LayerGuard,5050,62,0.060440373323980556,0.150690755595218,0.21113112891919855,unprotected_max_risk
adult,non-IID,LayerGuard,6060,70,0.055010964492637315,0.1733545116126455,0.22836547610528282,unprotected_max_risk
adult,non-IID,LayerGuard,7070,65,0.09550789963276518,0.16322236763966624,0.2587302672724314,unprotected_max_risk
adult,non-IID,LayerGuard,789,68,0.053580639430703236,0.2058951319688381,0.25947577139954137,unprotected_max_risk
adult,non-IID,LoGoFair,1001,63,0.09650467169070254,0.07313760517169857,0.1696422768624011,unprotected_max_risk
adult,non-IID,LoGoFair,123,63,0.02991572849185814,0.09479833791592876,0.1247140664077869,unprotected_max_risk
adult,non-IID,LoGoFair,2024,61,0.10502093221321668,0.06505518112536411,0.1700761133385808,unprotected_max_risk
adult,non-IID,LoGoFair,3141,61,0.07089762608309713,0.03290505334913037,0.1038026794322275,unprotected_max_risk
adult,non-IID,LoGoFair,4242,70,0.07072968855585723,0.07770611759136875,0.14843580614722598,unprotected_max_risk
adult,non-IID,LoGoFair,456,69,0.09662177098690716,0.05818387588430571,0.15480564687121287,unprotected_max_risk
adult,non-IID,LoGoFair,5050,62,0.11294027193312661,0.03673382657571529,0.1496740985088419,unprotected_max_risk
adult,non-IID,LoGoFair,6060,68,0.042162601226629404,0.06542866175013137,0.10759126297676078,unprotected_max_risk
adult,non-IID,LoGoFair,7070,70,0.011129574084154992,0.05431506036696311,0.0654446344511181,unprotected_max_risk
adult,non-IID,LoGoFair,789,64,0.06982888079919986,0.05930806921570755,0.1291369500149074,unprotected_max_risk
adult,non-IID,Median,1001,69,0.04600631422253776,0.11618988856727999,0.16219620278981775,unprotected_max_risk
adult,non-IID,Median,123,69,0.01580612012331417,0.11438405347467379,0.13019017359798796,unprotected_max_risk
adult,non-IID,Median,2024,70,0.035280589906269255,0.1258239313192061,0.16110452122547536,unprotected_max_risk
adult,non-IID,Median,3141,67,0.09605112612393901,0.13993023252734782,0.23598135865128683,unprotected_max_risk
adult,non-IID,Median,4242,65,0.15254839485425709,0.16240667648625612,0.3149550713405132,unprotected_max_risk
adult,non-IID,Median,456,64,0.05328189342136147,0.14918212818676752,0.20246402160812899,unprotected_max_risk
adult,non-IID,Median,5050,69,0.022804659523800064,0.09693801256790288,0.11974267209170295,unprotected_max_risk
adult,non-IID,Median,6060,68,0.009534738791455277,0.12127351416319496,0.13080825295465023,unprotected_max_risk
adult,non-IID,Median,7070,61,0.08396133781090581,0.15120470521792376,0.23516604302882957,unprotected_max_risk
adult,non-IID,Median,789,61,0.046168539588987145,0.1482135099880439,0.19438204957703104,unprotected_max_risk
adult,non-IID,SmartFL,1001,61,0.05371601764143741,0.16362606053391301,0.21734207817535042,unprotected_max_risk
adult,non-IID,SmartFL,123,68,0.020716293538803554,0.14679363362884784,0.1675099271676514,unprotected_max_risk
adult,non-IID,SmartFL,2024,70,0.03748434153923308,0.12902773586644556,0.16651207740567864,unprotected_max_risk
adult,non-IID,SmartFL,3141,65,0.19436255427266774,0.16267969028130672,0.3570422445539745,unprotected_max_risk
adult,non-IID,SmartFL,4242,70,0.08157708189696289,0.1713338203406732,0.2529109022376361,unprotected_max_risk
adult,non-IID,SmartFL,456,70,0.07471334949113217,0.17038181287178294,0.24509516236291512,unprotected_max_risk
adult,non-IID,SmartFL,5050,68,0.04021189831668326,0.12469708990043954,0.1649089882171228,unprotected_max_risk
adult,non-IID,SmartFL,6060,68,0.04719273001871871,0.1567513248160412,0.2039440548347599,unprotected_max_risk
adult,non-IID,SmartFL,7070,68,0.107846738156263,0.16075039814595365,0.26859713630221665,unprotected_max_risk
adult,non-IID,SmartFL,789,61,0.023944235601499164,0.15944645585403647,0.18339069145553563,unprotected_max_risk
compas,IID,AdaAggRL,1001,70,0.27866955564882984,0.2818486671094267,0.5605182227582566,unprotected_max_risk
compas,IID,AdaAggRL,123,64,0.229547471162378,0.2527233827489329,0.4822708539113109,unprotected_max_risk
compas,IID,AdaAggRL,2024,65,0.26944202043016274,0.22877465576185274,0.4982166761920155,unprotected_max_risk
compas,IID,AdaAggRL,3141,65,0.2954043381216735,0.25075080508014613,0.5461551432018197,unprotected_max_risk
compas,IID,AdaAggRL,4242,62,0.2468504360934639,0.235385708966591,0.4822361450600549,unprotected_max_risk
compas,IID,AdaAggRL,456,61,0.23977272727272725,0.23611988136521056,0.4758926086379378,unprotected_max_risk
compas,IID,AdaAggRL,5050,64,0.25173127721853356,0.23066552903015708,0.48239680624869063,unprotected_max_risk
compas,IID,AdaAggRL,6060,61,0.26391000896791056,0.27337241916224975,0.5372824281301603,unprotected_max_risk
compas,IID,AdaAggRL,7070,63,0.2242424242424242,0.19697997191703032,0.4212223961594545,unprotected_max_risk
compas,IID,AdaAggRL,789,66,0.2572512271307453,0.24210414509767758,0.49935537222842286,unprotected_max_risk
compas,IID,FairFed,1001,65,0.27477850506517226,0.27857465506152923,0.5533531601267014,fairness_defended_min_risk
compas,IID,FairFed,123,70,0.2248151434486838,0.24254534886028195,0.46736049230896576,fairness_defended_min_risk
compas,IID,FairFed,2024,70,0.2604589086802525,0.2176103330388084,0.4780692417190609,fairness_defended_min_risk
compas,IID,FairFed,3141,69,0.2764035941166371,0.2444957496203663,0.5208993437370034,fairness_defended_min_risk
compas,IID,FairFed,4242,61,0.24188531160642712,0.23446244924114124,0.47634776084756836,fairness_defended_min_risk
compas,IID,FairFed,456,61,0.23612967914438504,0.23379130595146524,0.4699209850958503,fairness_defended_min_risk
compas,IID,FairFed,5050,65,0.2472513743128436,0.23035038348543968,0.4776017577982833,fairness_defended_min_risk
compas,IID,FairFed,6060,64,0.25722306702538306,0.25790694335667363,0.5151300103820566,fairness_defended_min_risk
compas,IID,FairFed,7070,69,0.21515151515151515,0.19513345246613062,0.41028496761764577,fairness_defended_min_risk
compas,IID,FairFed,789,70,0.2416503621322898,0.23912310168579526,0.48077346381808506,fairness_defended_min_risk
compas,IID,FairGuard,1001,64,0.24056448593890029,0.22374633351502834,0.4643108194539286,fairness_defended_min_risk
compas,IID,FairGuard,123,69,0.13916001183081927,0.2213115423806561,0.36047155421147536,fairness_defended_min_risk
compas,IID,FairGuard,2024,64,0.26874048217921737,0.2327828402083696,0.501523322387587,fairness_defended_min_risk
compas,IID,FairGuard,3141,67,0.23520288445029472,0.1773464044811362,0.41254928893143095,fairness_defended_min_risk
compas,IID,FairGuard,4242,67,0.23331897634686471,0.2460201202922217,0.4793390966390864,fairness_defended_min_risk
compas,IID,FairGuard,456,65,0.2343360071301247,0.24129994035578767,0.47563594748591237,fairness_defended_min_risk
compas,IID,FairGuard,5050,65,0.24839366031270083,0.23079158724804405,0.4791852475607449,fairness_defended_min_risk
compas,IID,FairGuard,6060,69,0.2776153156314579,0.2960348854445945,0.5736502010760525,fairness_defended_min_risk
compas,IID,FairGuard,7070,61,0.1725378787878788,0.15312338414957974,0.32566126293745856,fairness_defended_min_risk
compas,IID,FairGuard,789,68,0.1511172896715065,0.19696946706553975,0.34808675673704625,fairness_defended_min_risk
compas,IID,Fed-NGA,1001,63,0.2795941055688534,0.26443279054376617,0.5440268961126196,unprotected_max_risk
compas,IID,Fed-NGA,123,62,0.19724933451641524,0.2463831212715072,0.44363245578792243,unprotected_max_risk
compas,IID,Fed-NGA,2024,63,0.24262957069281188,0.22157416366792065,0.46420373436073253,unprotected_max_risk
compas,IID,Fed-NGA,3141,67,0.2427345046643392,0.2506399205366345,0.4933744252009737,unprotected_max_risk
compas,IID,Fed-NGA,4242,68,0.257612193867174,0.26073625002480316,0.5183484438919772,unprotected_max_risk
compas,IID,Fed-NGA,456,61,0.248852495543672,0.23356136642439368,0.4824138619680657,unprotected_max_risk
compas,IID,Fed-NGA,5050,64,0.22958163775255236,0.2239470928990706,0.45352873065162297,unprotected_max_risk
compas,IID,Fed-NGA,6060,70,0.28408780754084306,0.2959940332443533,0.5800818407851964,unprotected_max_risk
compas,IID,Fed-NGA,7070,70,0.20284090909090907,0.19500739424824365,0.3978483033391527,unprotected_max_risk
compas,IID,Fed-NGA,789,68,0.2513644320873237,0.2393121890126257,0.49067662109994936,unprotected_max_risk
compas,IID,FedAA,1001,69,0.2640412474050209,0.265356050269216,0.5293972976742369,unprotected_max_risk
compas,IID,FedAA,123,67,0.21186039633244602,0.25981299029935323,0.47167338663179925,unprotected_max_risk
compas,IID,FedAA,2024,65,0.2741816812963058,0.22281607055525143,0.49699775185155726,unprotected_max_risk
compas,IID,FedAA,3141,64,0.26575859898128534,0.21075416663262317,0.47651276561390854,unprotected_max_risk
compas,IID,FedAA,4242,63,0.24292619312539626,0.23824069416058652,0.4811668872859828,unprotected_max_risk
compas,IID,FedAA,456,64,0.23449197860962567,0.24524859731052462,0.4797405759201503,unprotected_max_risk
compas,IID,FedAA,5050,62,0.26115513671735563,0.23345748511520903,0.49461262183256466,unprotected_max_risk
compas,IID,FedAA,6060,69,0.26367606347720984,0.2854378247020416,0.5491138881792514,unprotected_max_risk
compas,IID,FedAA,7070,63,0.23352272727272727,0.19893037267711472,0.432453099949842,unprotected_max_risk
compas,IID,FedAA,789,63,0.26682799574365834,0.23780299201514565,0.504630987758804,unprotected_max_risk
compas,IID,FedAMM,1001,63,0.27867522773422876,0.28035814540348547,0.5590333731377142,unprotected_max_risk
compas,IID,FedAMM,123,62,0.23362910381543928,0.2548220186356065,0.48845112245104577,unprotected_max_risk
compas,IID,FedAMM,2024,62,0.26668719949352365,0.22864859754396571,0.49533579703748937,unprotected_max_risk
compas,IID,FedAMM,3141,66,0.287054312367653,0.25209309165949806,0.5391474040271511,unprotected_max_risk
compas,IID,FedAMM,4242,64,0.2379311582498833,0.23286804622601537,0.4707992044758987,unprotected_max_risk
compas,IID,FedAMM,456,69,0.2345699643493761,0.23112540808430027,0.46569537243367637,unprotected_max_risk
compas,IID,FedAMM,5050,70,0.25633611765545805,0.23349833731545022,0.4898344549709083,unprotected_max_risk
compas,IID,FedAMM,6060,66,0.26837446874878157,0.2724491594367999,0.5408236281855815,unprotected_max_risk
compas,IID,FedAMM,7070,66,0.22140151515151513,0.19135520754668528,0.4127567226982004,unprotected_max_risk
compas,IID,FedAMM,789,66,0.24786324786324782,0.23956430544839957,0.4874275533116474,unprotected_max_risk
compas,IID,FedAvg,1001,63,0.277693956960216,0.27968700211380954,0.5573809590740255,unprotected_max_risk
compas,IID,FedAvg,123,61,0.2355516119491275,0.2469947370694032,0.48254634901853066,unprotected_max_risk
compas,IID,FedAvg,2024,61,0.27009222661396576,0.220087143579143,0.49017937019310875,unprotected_max_risk
compas,IID,FedAvg,3141,70,0.28432438619584505,0.2496162811191635,0.5339406673150086,unprotected_max_risk
compas,IID,FedAvg,4242,70,0.24884246796597387,0.23735828663537778,0.48620075460135165,unprotected_max_risk
compas,IID,FedAvg,456,67,0.24289215686274512,0.23693925978147568,0.4798314166442208,unprotected_max_risk
compas,IID,FedAvg,5050,61,0.25012493753123444,0.2325750775900003,0.4827000151212347,unprotected_max_risk
compas,IID,FedAvg,6060,69,0.2689398370179748,0.2609288389687971,0.5298686759867719,unprotected_max_risk
compas,IID,FedAvg,7070,62,0.22007575757575754,0.19729511746174777,0.4173708750375053,unprotected_max_risk
compas,IID,FedAvg,789,64,0.2498712799917619,0.2405505942827929,0.4904218742745548,unprotected_max_risk
compas,IID,FedDNA,1001,62,0.262101394198591,0.2665092495217375,0.5286106437203285,unprotected_max_risk
compas,IID,FedDNA,123,66,0.23146997929606622,0.24718382439623365,0.4786538036922999,unprotected_max_risk
compas,IID,FedDNA,2024,62,0.2817788272333727,0.21874485699979107,0.5005236842331637,unprotected_max_risk
compas,IID,FedDNA,3141,68,0.28293366908945233,0.2448739242740272,0.5278075933634796,unprotected_max_risk
compas,IID,FedDNA,4242,70,0.2369500975078664,0.24096962113669496,0.47791971864456134,unprotected_max_risk
compas,IID,FedDNA,456,61,0.24037433155080212,0.23746216794456243,0.47783649949536455,unprotected_max_risk
compas,IID,FedDNA,5050,62,0.2600128507174984,0.23708749490806508,0.4971003456255635,unprotected_max_risk
compas,IID,FedDNA,6060,61,0.2640269817132608,0.25708756494040835,0.5211145466536691,unprotected_max_risk
compas,IID,FedDNA,7070,68,0.23049242424242417,0.20210050341582753,0.4325929276582517,unprotected_max_risk
compas,IID,FedDNA,789,61,0.243006212885731,0.23425468662277193,0.4772608995085029,unprotected_max_risk
compas,IID,FLAURA,1001,70,0.2738199226327551,0.2856047351201697,0.5594246577529248,unprotected_max_risk
compas,IID,FLAURA,123,69,0.22803904170363792,0.2509398924069766,0.47897893411061454,unprotected_max_risk
compas,IID,FLAURA,2024,69,0.2584569580617012,0.22837430419948945,0.48683126226119067,unprotected_max_risk
compas,IID,FLAURA,3141,67,0.28930349682367085,0.24581936090817944,0.5351228577318503,unprotected_max_risk
compas,IID,FLAURA,4242,61,0.23192515224387733,0.23267895889918494,0.46460411114306227,unprotected_max_risk
compas,IID,FLAURA,456,65,0.2426136363636363,0.23710617019960384,0.47971980656324015,unprotected_max_risk
compas,IID,FLAURA,5050,65,0.25738916256157635,0.23815548814294069,0.49554465070451703,unprotected_max_risk
compas,IID,FLAURA,6060,66,0.2682574960034312,0.28119970072845313,0.5494571967318843,unprotected_max_risk
compas,IID,FLAURA,7070,63,0.22462121212121217,0.19614191820922633,0.4207631303304385,unprotected_max_risk
compas,IID,FLAURA,789,63,0.25155322143273956,0.24197808687979067,0.4935313083125302,unprotected_max_risk
compas,IID,FLGMM,1001,68,0.28541366518814304,0.2697015571691527,0.5551152223572957,unprotected_max_risk
compas,IID,FLGMM,123,65,0.22857142857142854,0.2490933729560769,0.47766480152750546,unprotected_max_risk
compas,IID,FLGMM,2024,63,0.2680218332392245,0.22625699302127694,0.49427882626050146,unprotected_max_risk
compas,IID,FLGMM,3141,63,0.28330567160762316,0.25656115516015815,0.5398668267677813,unprotected_max_risk
compas,IID,FLGMM,4242,62,0.22871277652154148,0.2359716462386212,0.4646844227601627,unprotected_max_risk
compas,IID,FLGMM,456,65,0.2456550802139038,0.24327601964173784,0.48893109985564165,unprotected_max_risk
compas,IID,FLGMM,5050,68,0.25933461840508315,0.2334131312978044,0.49274774970288754,unprotected_max_risk
compas,IID,FLGMM,6060,70,0.2776348110890163,0.2809697612013815,0.5586045722903978,unprotected_max_risk
compas,IID,FLGMM,7070,61,0.22935606060606062,0.19729511746174777,0.4266511780678084,unprotected_max_risk
compas,IID,FLGMM,789,63,0.25090104005766656,0.23501103593009373,0.4859120759877603,unprotected_max_risk
compas,IID,FLTG,1001,66,0.27371782509557463,0.2612031323132733,0.5349209574088479,unprotected_max_risk
compas,IID,FLTG,123,68,0.2225968648328897,0.2606101918069162,0.4832070566398059,unprotected_max_risk
compas,IID,FLTG,2024,62,0.28025597590814977,0.21207427630327275,0.4923302522114225,unprotected_max_risk
compas,IID,FLTG,3141,68,0.29112344760487613,0.24069882940938223,0.5318222770142583,unprotected_max_risk
compas,IID,FLTG,4242,62,0.2569601473983944,0.24109567935458187,0.49805582675297627,unprotected_max_risk
compas,IID,FLTG,456,65,0.2634581105169341,0.24875605050265714,0.5122141610195912,unprotected_max_risk
compas,IID,FLTG,5050,61,0.23900549725137432,0.23819634034318188,0.4772018375945562,unprotected_max_risk
compas,IID,FLTG,6060,67,0.284438725776894,0.2692381764978459,0.5536769022747399,unprotected_max_risk
compas,IID,FLTG,7070,62,0.23011363636363635,0.21934596794619649,0.44945960430983284,unprotected_max_risk
compas,IID,FLTG,789,62,0.27252600144166406,0.24212632200637998,0.514652323448044,unprotected_max_risk
compas,IID,FLTrust+FairGuard,1001,63,0.24754682306496806,0.25660200736039934,0.5041488304253674,fairness_defended_min_risk
compas,IID,FLTrust+FairGuard,123,61,0.20322389825495418,0.2342138344225308,0.437437732677485,fairness_defended_min_risk
compas,IID,FLTrust+FairGuard,2024,67,0.25482949198364224,0.19746552949703938,0.4522950214806816,fairness_defended_min_risk
compas,IID,FLTrust+FairGuard,3141,70,0.24729582784868087,0.20126945294235052,0.4485652807910314,fairness_defended_min_risk
compas,IID,FLTrust+FairGuard,4242,68,0.23891221899190024,0.23496668211268906,0.4738789011045893,fairness_defended_min_risk
compas,IID,FLTrust+FairGuard,456,67,0.22413101604278074,0.2400206828853792,0.46415169892815994,fairness_defended_min_risk
compas,IID,FLTrust+FairGuard,5050,64,0.23118797743985148,0.22337983091857916,0.45456780835843064,fairness_defended_min_risk
compas,IID,FLTrust+FairGuard,6060,68,0.2501852068468047,0.26269015240205096,0.5128753592488556,fairness_defended_min_risk
compas,IID,FLTrust+FairGuard,7070,70,0.20928030303030298,0.20444425250394804,0.413724555534251,fairness_defended_min_risk
compas,IID,FLTrust+FairGuard,789,62,0.2117529948855249,0.23009476543250224,0.44184776031802714,fairness_defended_min_risk
compas,IID,FLTrust,1001,69,0.2669056505314744,0.2604689599146539,0.5273746104461283,unprotected_max_risk
compas,IID,FLTrust,123,65,0.22173913043478255,0.2607992791337466,0.48253840956852917,unprotected_max_risk
compas,IID,FLTrust,2024,67,0.28508119021953016,0.21312359424660954,0.4982047844661397,unprotected_max_risk
compas,IID,FLTrust,3141,64,0.29203342299547874,0.24082488762726922,0.532858310622748,unprotected_max_risk
compas,IID,FLTrust,4242,65,0.2580608496943158,0.2427344361871124,0.5007952858814282,unprotected_max_risk
compas,IID,FLTrust,456,61,0.2450980392156863,0.2561386266890926,0.5012366659047789,unprotected_max_risk
compas,IID,FLTrust,5050,70,0.26115513671735563,0.2270985483462446,0.48825368506360023,unprotected_max_risk
compas,IID,FLTrust,6060,64,0.28254766639373025,0.2663014869033682,0.5488491532970985,unprotected_max_risk
compas,IID,FLTrust,7070,69,0.23636363636363633,0.21091407381642419,0.4472777101800605,unprotected_max_risk
compas,IID,FLTrust,789,62,0.26481996361514437,0.23983859879287583,0.5046585624080202,unprotected_max_risk
compas,IID,GuardFed-AD2+,1001,68,0.0026148313689010605,0.03188922750823758,0.034504058877138644,fairness_defended_min_risk
compas,IID,GuardFed-AD2+,123,62,0.03288967761017447,0.034751215936560054,0.06764089354673453,fairness_defended_min_risk
compas,IID,GuardFed-AD2+,2024,67,0.007853806272778652,0.0011321895495403078,0.00898599582231896,fairness_defended_min_risk
compas,IID,GuardFed-AD2+,3141,65,0.009660619241114832,0.0020787933894136357,0.011739412630528467,fairness_defended_min_risk
compas,IID,GuardFed-AD2+,4242,67,0.012382900829115973,0.02092449696351434,0.03330739779263031,fairness_defended_min_risk
compas,IID,GuardFed-AD2+,456,68,0.0005236185383243885,0.02975674265564976,0.030280361193974148,fairness_defended_min_risk
compas,IID,GuardFed-AD2+,5050,64,0.027682587277789716,0.023079158724804427,0.050761746002594144,fairness_defended_min_risk
compas,IID,GuardFed-AD2+,6060,64,0.0001754591180254672,0.019519181275218955,0.019694640393244423,fairness_defended_min_risk
compas,IID,GuardFed-AD2+,7070,62,0.04469696969696968,0.04789278515127571,0.09258975484824539,fairness_defended_min_risk
compas,IID,GuardFed-AD2+,789,70,0.05325575807503519,0.01441499065651819,0.06767074873155338,fairness_defended_min_risk
compas,IID,GuardFed-AD2,1001,67,0.01526925389388667,0.03809992915061278,0.053369183044499446,fairness_defended_min_risk
compas,IID,GuardFed-AD2,123,67,0.04191067731440401,0.004695668616289339,0.04660634593069335,fairness_defended_min_risk
compas,IID,GuardFed-AD2,2024,70,0.007631367315161786,0.0008882435538146161,0.008519610868976402,fairness_defended_min_risk
compas,IID,GuardFed-AD2,3141,64,0.0006696045327075906,0.005920067417802488,0.006589671950510079,fairness_defended_min_risk
compas,IID,GuardFed-AD2,4242,66,0.006705909096347329,0.017357516279601803,0.024063425375949132,fairness_defended_min_risk
compas,IID,GuardFed-AD2,456,65,0.023395721925133617,0.02024284882234778,0.0436385707474814,fairness_defended_min_risk
compas,IID,GuardFed-AD2,5050,64,0.0009816520311273225,0.00747595264412948,0.008457604675256802,fairness_defended_min_risk
compas,IID,GuardFed-AD2,6060,63,0.0060240963855421326,0.0363829695347635,0.04240706592030563,fairness_defended_min_risk
compas,IID,GuardFed-AD2,7070,66,0.05700757575757576,0.04592721071681605,0.1029347864743918,fairness_defended_min_risk
compas,IID,GuardFed-AD2,789,66,0.06890811107678574,0.021637659659152597,0.09054577073593834,fairness_defended_min_risk
compas,IID,GuardFed,1001,61,0.22502297194586568,0.21033513977872112,0.4353581117245868,fairness_defended_min_risk
compas,IID,GuardFed,123,61,0.21881100266193432,0.24653135639809654,0.46534235906003085,fairness_defended_min_risk
compas,IID,GuardFed,2024,69,0.26035624454596784,0.20462166777356677,0.4649779123195346,fairness_defended_min_risk
compas,IID,GuardFed,3141,69,0.26436788187489274,0.21434332422523802,0.47871120610013074,fairness_defended_min_risk
compas,IID,GuardFed,4242,64,0.23088427072490814,0.2377364612890387,0.46862073201394683,fairness_defended_min_risk
compas,IID,GuardFed,456,66,0.24025178253119428,0.2431721383325532,0.48342392086374747,fairness_defended_min_risk
compas,IID,GuardFed,5050,65,0.2342757192832155,0.23007609014096342,0.4643518094241789,fairness_defended_min_risk
compas,IID,GuardFed,6060,63,0.24049596444028537,0.2399646570107628,0.4804606214510482,fairness_defended_min_risk
compas,IID,GuardFed,7070,61,0.22803030303030303,0.21645363216912344,0.44448393519942647,fairness_defended_min_risk
compas,IID,GuardFed,789,69,0.24161603679675964,0.2151813779330421,0.45679741472980173,fairness_defended_min_risk
compas,IID,Huber-BRFL,1001,65,0.277693956960216,0.27968700211380954,0.5573809590740255,unprotected_max_risk
compas,IID,Huber-BRFL,123,63,0.2326530612244898,0.2447700429648426,0.4774231041893324,unprotected_max_risk
compas,IID,Huber-BRFL,2024,61,0.2645825847406875,0.2178624494745824,0.4824450342152699,unprotected_max_risk
compas,IID,Huber-BRFL,3141,67,0.288284782235449,0.2496162811191635,0.5379010633546125,unprotected_max_risk
compas,IID,Huber-BRFL,4242,69,0.2508344998384838,0.2393938934131079,0.49022839325159173,unprotected_max_risk
compas,IID,Huber-BRFL,456,67,0.24289215686274512,0.23693925978147568,0.4798314166442208,unprotected_max_risk
compas,IID,Huber-BRFL,5050,61,0.25012493753123444,0.2325750775900003,0.4827000151212347,unprotected_max_risk
compas,IID,Huber-BRFL,6060,67,0.2607907357585682,0.2604876352061927,0.5212783709647609,unprotected_max_risk
compas,IID,Huber-BRFL,7070,61,0.22556818181818178,0.19450316137669582,0.4200713431948776,unprotected_max_risk
compas,IID,Huber-BRFL,789,64,0.2498712799917619,0.2405505942827929,0.4904218742745548,unprotected_max_risk
compas,IID,LASA,1001,68,0.2728216356025456,0.279331004368851,0.5521526399713965,unprotected_max_risk
compas,IID,LASA,123,64,0.21407867494824018,0.24563027358134898,0.45970894852958916,unprotected_max_risk
compas,IID,LASA,2024,63,0.2769878343000872,0.22336115562704034,0.5003489899271276,unprotected_max_risk
compas,IID,LASA,3141,68,0.28432438619584505,0.2507286281714438,0.5350530143672889,unprotected_max_risk
compas,IID,LASA,4242,64,0.23784142708445494,0.23735828663537778,0.4751997137198327,unprotected_max_risk
compas,IID,LASA,456,69,0.24729278074866307,0.23095849766617216,0.4782512784148352,unprotected_max_risk
compas,IID,LASA,5050,63,0.24264653387591922,0.22850386403453993,0.47115039791045915,unprotected_max_risk
compas,IID,LASA,6060,62,0.27049947362264587,0.26474793608848346,0.5352474097111293,unprotected_max_risk
compas,IID,LASA,7070,63,0.22916666666666663,0.1967278554812565,0.4258945221479231,unprotected_max_risk
compas,IID,LASA,789,61,0.24468815432670854,0.2375286986706694,0.48221685299737793,unprotected_max_risk
compas,IID,LayerGuard,1001,67,0.27184036482853285,0.28355045305090065,0.5553908178794336,unprotected_max_risk
compas,IID,LayerGuard,123,61,0.2261165335699497,0.2510437737161612,0.4771603072861109,unprotected_max_risk
compas,IID,LayerGuard,2024,62,0.2852522971100046,0.22157766528508416,0.5068299623950887,unprotected_max_risk
compas,IID,LayerGuard,3141,70,0.2844331253934642,0.24680564974257274,0.531238775136037,unprotected_max_risk
compas,IID,LayerGuard,4242,70,0.2409341612528863,0.23509274033057598,0.4760269015834623,unprotected_max_risk
compas,IID,LayerGuard,456,62,0.246334670231729,0.23624593958309748,0.4825806098148265,unprotected_max_risk
compas,IID,LayerGuard,5050,67,0.24230741771971154,0.2291119782152724,0.47141939593498394,unprotected_max_risk
compas,IID,LayerGuard,6060,69,0.2699341053534527,0.27547105504892344,0.5454051604023762,unprotected_max_risk
compas,IID,LayerGuard,7070,61,0.212689393939394,0.19471442561222857,0.4074038195516226,unprotected_max_risk
compas,IID,LayerGuard,789,65,0.25155322143273956,0.2387040748318932,0.49025729626463277,unprotected_max_risk
compas,IID,LoGoFair,1001,67,0.06953976699073183,0.035026676486757446,0.10456644347748928,unprotected_max_risk
compas,IID,LoGoFair,123,70,0.08157349896480337,0.027565897517003335,0.1091393964818067,unprotected_max_risk
compas,IID,LoGoFair,2024,63,0.044539123590507046,0.028058458331339353,0.0725975819218464,unprotected_max_risk
compas,IID,LoGoFair,3141,61,0.056389858639043056,0.056270987817873874,0.11266084645691693,unprotected_max_risk
compas,IID,LoGoFair,4242,70,0.02311474821434989,0.044488046062606534,0.06760279427695642,unprotected_max_risk
compas,IID,LoGoFair,456,66,0.03683155080213907,0.052904766518003576,0.08973631732014264,unprotected_max_risk
compas,IID,LoGoFair,5050,70,0.026111944027986,0.033505807432065715,0.059617751460051716,unprotected_max_risk
compas,IID,LoGoFair,6060,70,0.001228213826178548,0.033843129885485435,0.03507134371166398,unprotected_max_risk
compas,IID,LoGoFair,7070,61,0.08996212121212127,0.05972825116399588,0.14969037237611715,unprotected_max_risk
compas,IID,LoGoFair,789,61,0.09892561699790614,0.10883376305957304,0.20775938005747918,unprotected_max_risk
compas,IID,Median,1001,65,0.2747331283819809,0.2655451375960465,0.5402782659780274,unprotected_max_risk
compas,IID,Median,123,61,0.200857734398107,0.21964944143370216,0.4205071758318092,unprotected_max_risk
compas,IID,Median,2024,63,0.25498348818506916,0.22468126529769,0.47966475348275917,unprotected_max_risk
compas,IID,Median,3141,70,0.2683225547988325,0.2383889292871758,0.5067114840860083,unprotected_max_risk
compas,IID,Median,4242,70,0.24485840422095395,0.2559121887791846,0.5007705930001385,unprotected_max_risk
compas,IID,Median,456,66,0.25649509803921566,0.24239711373369272,0.4988922117729084,unprotected_max_risk
compas,IID,Median,5050,64,0.24014778325123154,0.2264869325483485,0.46663471579958005,unprotected_max_risk
compas,IID,Median,6060,69,0.29469333645260654,0.2957640937172818,0.5904574301698884,unprotected_max_risk
compas,IID,Median,7070,70,0.22556818181818178,0.2002318070562254,0.4257999888744072,unprotected_max_risk
compas,IID,Median,789,67,0.25272028284076475,0.2440767227664643,0.49679700560722906,unprotected_max_risk
compas,IID,SmartFL,1001,65,0.2864062801329537,0.28586035317310715,0.5722666333060609,unprotected_max_risk
compas,IID,SmartFL,123,61,0.23522626441881095,0.24718382439623365,0.4824100888150446,unprotected_max_risk
compas,IID,SmartFL,2024,65,0.27905822767482846,0.22545979151371404,0.5045180191885426,unprotected_max_risk
compas,IID,SmartFL,3141,61,0.2866250786928403,0.2565833320688605,0.5432084107617008,unprotected_max_risk
compas,IID,SmartFL,4242,70,0.23674072478853359,0.24073617999245983,0.4774769047809934,unprotected_max_risk
compas,IID,SmartFL,456,62,0.2493761140819965,0.2414925292997816,0.4908686433817781,unprotected_max_risk
compas,IID,SmartFL,5050,70,0.2590847433426144,0.2332683977883786,0.492353141130993,unprotected_max_risk
compas,IID,SmartFL,6060,62,0.26391000896791056,0.27337241916224975,0.5372824281301603,unprotected_max_risk
compas,IID,SmartFL,7070,67,0.22159090909090912,0.19507042335718716,0.4166613324480963,unprotected_max_risk
compas,IID,SmartFL,789,64,0.2552431950022312,0.24210414509767758,0.4973473400999088,unprotected_max_risk
compas,non-IID,AdaAggRL,1001,69,0.286383591791358,0.2727864818902196,0.5591700736815777,unprotected_max_risk
compas,non-IID,AdaAggRL,123,61,0.21493640934634722,0.24241929064239504,0.45735569998874226,unprotected_max_risk
compas,non-IID,AdaAggRL,2024,62,0.2673716270554215,0.22804048336323318,0.4954121104186547,unprotected_max_risk
compas,non-IID,AdaAggRL,3141,68,0.2885537686716649,0.24753982214119222,0.5360935908128571,unprotected_max_risk
compas,non-IID,AdaAggRL,4242,62,0.23299594415132263,0.2394382472305126,0.47243419138183523,unprotected_max_risk
compas,non-IID,AdaAggRL,456,66,0.24241310160427804,0.2374843448532647,0.47989744645754273,unprotected_max_risk
compas,non-IID,AdaAggRL,5050,66,0.2572642250303419,0.23137752452007415,0.48864174955041606,unprotected_max_risk
compas,non-IID,AdaAggRL,6060,68,0.26022536748937497,0.27312030272647586,0.5333456702158508,unprotected_max_risk
compas,non-IID,AdaAggRL,7070,63,0.23409090909090907,0.20266776539631887,0.43675867448722794,unprotected_max_risk
compas,non-IID,AdaAggRL,789,64,0.224178766347441,0.24124041286400777,0.46541917921144876,unprotected_max_risk
compas,non-IID,FairFed,1001,62,0.2621184104547878,0.2766872834103884,0.5388056938651762,fairness_defended_min_risk
compas,non-IID,FairFed,123,70,0.2165631469979296,0.24640529818020956,0.4629684451781392,fairness_defended_min_risk
compas,non-IID,FairFed,2024,66,0.25291309481032803,0.22098822639589055,0.4739013212062186,fairness_defended_min_risk
compas,non-IID,FairFed,3141,67,0.2817031992216563,0.24327952125890143,0.5249827204805577,fairness_defended_min_risk
compas,non-IID,FairFed,4242,62,0.2279410884988574,0.22972009239600494,0.45766118089486235,fairness_defended_min_risk
compas,non-IID,FairFed,456,61,0.229367201426025,0.22428441535249027,0.4536516167785153,fairness_defended_min_risk
compas,non-IID,FairFed,5050,70,0.24932176768758474,0.23146273053771999,0.4807844982253047,fairness_defended_min_risk
compas,non-IID,FairFed,6060,65,0.2571060942800328,0.2634465017093728,0.5205525959894055,fairness_defended_min_risk
compas,non-IID,FairFed,7070,70,0.212689393939394,0.20401005197567074,0.41669944591506475,fairness_defended_min_risk
compas,non-IID,FairFed,789,70,0.23193629217725603,0.2337504537512241,0.46568674592848014,fairness_defended_min_risk
compas,non-IID,FairGuard,1001,64,0.2572857936949099,0.2661497501596154,0.5234355438545253,fairness_defended_min_risk
compas,non-IID,FairGuard,123,62,0.1473232771369417,0.2286567679840139,0.3759800451209556,fairness_defended_min_risk
compas,non-IID,FairGuard,2024,64,0.2333213558510001,0.17732072595527038,0.4106420818062705,fairness_defended_min_risk
compas,non-IID,FairGuard,3141,65,0.25585760888227554,0.21088022485051017,0.4667378337327857,fairness_defended_min_risk
compas,non-IID,FairGuard,4242,61,0.22832394147135182,0.24818178528783874,0.47650572675919056,fairness_defended_min_risk
compas,non-IID,FairGuard,456,68,0.22725044563279856,0.2326346050817803,0.45988505071457886,fairness_defended_min_risk
compas,non-IID,FairGuard,5050,62,0.2264760476904405,0.19476228104679677,0.42123832873723727,fairness_defended_min_risk
compas,non-IID,FairGuard,6060,66,0.26925176433890907,0.2904953270918953,0.5597470914308044,fairness_defended_min_risk
compas,non-IID,FairGuard,7070,64,0.20587121212121212,0.16166616282286372,0.36753737494407585,fairness_defended_min_risk
compas,non-IID,FairGuard,789,70,0.20557443449009716,0.18030527098431623,0.3858797054744134,fairness_defended_min_risk
compas,non-IID,Fed-NGA,1001,61,0.26210706628399,0.2692381764978459,0.5313452427818359,unprotected_max_risk
compas,non-IID,Fed-NGA,123,66,0.18887902987281863,0.2277253378185159,0.4166043676913345,unprotected_max_risk
compas,non-IID,Fed-NGA,2024,69,0.2495422890679807,0.2254562898965506,0.4749985789645313,unprotected_max_risk
compas,non-IID,Fed-NGA,3141,62,0.2498540605505637,0.24220452478969873,0.4920585853402624,unprotected_max_risk
compas,non-IID,Fed-NGA,4242,63,0.24863309524664107,0.25437731325583873,0.5030104085024798,unprotected_max_risk
compas,non-IID,Fed-NGA,456,68,0.2436497326203209,0.23209302162715478,0.4757427542474757,unprotected_max_risk
compas,non-IID,Fed-NGA,5050,69,0.2587456271864068,0.22999438574048114,0.48874001292688796,unprotected_max_risk
compas,non-IID,Fed-NGA,6060,63,0.282079775412329,0.29532288995467737,0.5774026653670064,unprotected_max_risk
compas,non-IID,Fed-NGA,7070,69,0.22821969696969702,0.19133653225514646,0.4195562292248435,unprotected_max_risk
compas,non-IID,Fed-NGA,789,69,0.24352109291868324,0.23161096566430928,0.4751320585829925,unprotected_max_risk
compas,non-IID,FedAA,1001,70,0.2815282866898844,0.2620411860210774,0.5435694727109618,unprotected_max_risk
compas,non-IID,FedAA,123,62,0.18553682342502215,0.24138864799059695,0.4269254714156191,unprotected_max_risk
compas,non-IID,FedAA,2024,62,0.27695361292199233,0.22386538849858822,0.5008190014205806,unprotected_max_risk
compas,non-IID,FedAA,3141,70,0.2749613689692669,0.23182222989984205,0.506783598869109,unprotected_max_risk
compas,non-IID,FedAA,4242,63,0.2421545051027123,0.2292193611416206,0.47137386624433286,unprotected_max_risk
compas,non-IID,FedAA,456,68,0.25870098039215683,0.2515445049705456,0.5102454853627024,unprotected_max_risk
compas,non-IID,FedAA,5050,64,0.24666238309416716,0.22604923040290775,0.4727116134970749,unprotected_max_risk
compas,non-IID,FedAA,6060,68,0.2686863960697157,0.2981335213312682,0.5668199174009839,unprotected_max_risk
compas,non-IID,FedAA,7070,61,0.23636363636363633,0.20921228787495028,0.4455759242385866,unprotected_max_risk
compas,non-IID,FedAA,789,64,0.2787388871726221,0.24195941158825185,0.5206982987608739,unprotected_max_risk
compas,non-IID,FedAMM,1001,63,0.28442672232873145,0.2668057197749161,0.5512324421036475,unprotected_max_risk
compas,non-IID,FedAMM,123,62,0.21665187814256137,0.2376139046883152,0.4542657828308766,unprotected_max_risk
compas,non-IID,FedAMM,2024,61,0.25703677087076293,0.22247874810183166,0.4795155189725946,unprotected_max_risk
compas,non-IID,FedAMM,3141,69,0.2865735706518629,0.24760285125013567,0.5341764219019985,unprotected_max_risk
compas,non-IID,FedAMM,4242,65,0.22493808549585437,0.23213387382739592,0.4570719593232503,unprotected_max_risk
compas,non-IID,FedAMM,456,62,0.24397281639928697,0.23700228889041924,0.4809751052897062,unprotected_max_risk
compas,non-IID,FedAMM,5050,65,0.2551938316556008,0.23267895889918494,0.4878727905547857,unprotected_max_risk
compas,non-IID,FedAMM,6060,66,0.26468982727024604,0.27547105504892344,0.5401608823191695,unprotected_max_risk
compas,non-IID,FedAMM,7070,62,0.2276515151515151,0.19920466602159093,0.42685618117310603,unprotected_max_risk
compas,non-IID,FedAMM,789,65,0.22767995057151685,0.24690602943459383,0.4745859800061107,unprotected_max_risk
compas,non-IID,FedAvg,1001,61,0.26600946103844536,0.27656122519250137,0.5425706862309467,unprotected_max_risk
compas,non-IID,FedAvg,123,65,0.21582372079266493,0.24953107510151773,0.46535479589418266,unprotected_max_risk
compas,non-IID,FedAvg,2024,68,0.25291309481032803,0.22210057344817086,0.4750136682584989,unprotected_max_risk
compas,non-IID,FedAvg,3141,61,0.2859840897384537,0.24821096543086818,0.5341950551693219,unprotected_max_risk
compas,non-IID,FedAvg,4242,70,0.24271682040606346,0.2472211749793113,0.48993799538537475,unprotected_max_risk
compas,non-IID,FedAvg,456,62,0.24209001782531192,0.2305394708122701,0.47262948863758203,unprotected_max_risk
compas,non-IID,FedAvg,5050,68,0.2542657242807168,0.23702446579912156,0.4912901900798384,unprotected_max_risk
compas,non-IID,FedAvg,6060,70,0.28746052169844427,0.2647070838882424,0.5521676055866866,unprotected_max_risk
compas,non-IID,FedAvg,7070,64,0.23352272727272727,0.2011363914901365,0.4346591187628638,unprotected_max_risk
compas,non-IID,FedAvg,789,70,0.2606151100127003,0.2413699726990582,0.5019850827117585,unprotected_max_risk
compas,non-IID,FedDNA,1001,66,0.27178931605994255,0.261307013622458,0.5330963296824005,unprotected_max_risk
compas,non-IID,FedDNA,123,68,0.21804199940845903,0.23589344345530247,0.45393544286376153,unprotected_max_risk
compas,non-IID,FedDNA,2024,65,0.27486610885820373,0.22036143692361926,0.495227545781823,unprotected_max_risk
compas,non-IID,FedDNA,3141,63,0.26720082412865565,0.2317592007908986,0.49896002491955427,unprotected_max_risk
compas,non-IID,FedDNA,4242,66,0.2230956055657251,0.22258613102817987,0.445681736593905,unprotected_max_risk
compas,non-IID,FedDNA,456,65,0.24897504456327985,0.24310910922360973,0.4920841537868896,unprotected_max_risk
compas,non-IID,FedDNA,5050,62,0.24944670521881918,0.23261592979024148,0.48206263500906066,unprotected_max_risk
compas,non-IID,FedDNA,6060,68,0.26837446874878157,0.26863006231711345,0.5370045310658951,unprotected_max_risk
compas,non-IID,FedDNA,7070,61,0.2270833333333333,0.20352449439566173,0.43060782772899503,unprotected_max_risk
compas,non-IID,FedDNA,789,62,0.22217073421892702,0.24142950019083814,0.46360023440976517,unprotected_max_risk
compas,non-IID,FLAURA,1001,69,0.2776485802770246,0.2745069431232324,0.5521555234002571,unprotected_max_risk
compas,non-IID,FLAURA,123,63,0.21203785862170954,0.24903034384713338,0.46106820246884295,unprotected_max_risk
compas,non-IID,FLAURA,2024,65,0.2577725304998032,0.23047294008616315,0.48824547058596635,unprotected_max_risk
compas,non-IID,FLAURA,3141,63,0.2849138671092543,0.24382460633069036,0.5287384734399447,unprotected_max_risk
compas,non-IID,FLAURA,4242,63,0.24298601390234853,0.24147385400824278,0.4844598679105913,unprotected_max_risk
compas,non-IID,FLAURA,456,65,0.25897950089126565,0.24562677196418542,0.504606272855451,unprotected_max_risk
compas,non-IID,FLAURA,5050,61,0.255408010280574,0.23851498750506273,0.49392299778563675,unprotected_max_risk
compas,non-IID,FLAURA,6060,63,0.2564237532654891,0.2907474435276692,0.5471711967931583,unprotected_max_risk
compas,non-IID,FLAURA,7070,70,0.22462121212121217,0.1891970441682317,0.41381825628944385,unprotected_max_risk
compas,non-IID,FLAURA,789,62,0.2211924621563176,0.2295310050691744,0.450723467225492,unprotected_max_risk
compas,non-IID,FLGMM,1001,61,0.2699231999636986,0.282961014161707,0.5528842141254056,unprotected_max_risk
compas,non-IID,FLGMM,123,69,0.20280981958000588,0.23937521812156914,0.442185037701575,unprotected_max_risk
compas,non-IID,FLGMM,2024,61,0.270827986243006,0.23087329164852632,0.5017012778915324,unprotected_max_risk
compas,non-IID,FLGMM,3141,63,0.29299490642705894,0.2553671037073955,0.5483620101344544,unprotected_max_risk
compas,non-IID,FLGMM,4242,68,0.2462283000131606,0.23560047481928736,0.48182877483244796,unprotected_max_risk
compas,non-IID,FLGMM,456,69,0.2568181818181818,0.2460679757267898,0.5028861575449716,unprotected_max_risk
compas,non-IID,FLGMM,5050,61,0.2557828228742771,0.23271981109942602,0.48850263397370314,unprotected_max_risk
compas,non-IID,FLGMM,6060,66,0.26010839474402464,0.27853380286128815,0.5386421976053128,unprotected_max_risk
compas,non-IID,FLGMM,7070,63,0.22178030303030305,0.21194121485105877,0.4337215178813618,unprotected_max_risk
compas,non-IID,FLGMM,789,61,0.22632409981807572,0.24195240835392479,0.4682765081720005,unprotected_max_risk
compas,non-IID,FLTG,1001,65,0.2795714172272578,0.2668057197749161,0.5463771370021739,unprotected_max_risk
compas,non-IID,FLTG,123,65,0.22023070097604264,0.2602541940619576,0.48048489503800024,unprotected_max_risk
compas,non-IID,FLTG,2024,64,0.28171038447718294,0.21692051445759364,0.4986308989347766,unprotected_max_risk
compas,non-IID,FLTG,3141,69,0.2875922852400847,0.23732093605230015,0.5249132212923848,unprotected_max_risk
compas,non-IID,FLTG,4242,61,0.2507746790615317,0.24451442491190511,0.49528910397343684,unprotected_max_risk
compas,non-IID,FLTG,456,63,0.2640597147950089,0.2552818976897497,0.5193416124847585,unprotected_max_risk
compas,non-IID,FLTG,5050,65,0.2672413793103448,0.2287151282700727,0.49595650758041754,unprotected_max_risk
compas,non-IID,FLTG,6060,67,0.2968183413264709,0.28590120537334823,0.5827195466998192,unprotected_max_risk
compas,non-IID,FLTG,7070,68,0.2410984848484849,0.21053589916276338,0.4516343840112483,unprotected_max_risk
compas,non-IID,FLTG,789,63,0.27336697216215294,0.2465126811065577,0.5198796532687107,unprotected_max_risk
compas,non-IID,FLTrust+FairGuard,1001,64,0.24271987839048903,0.2614482455147202,0.5041681239052092,fairness_defended_min_risk
compas,non-IID,FLTrust+FairGuard,123,65,0.1977225672877847,0.2254224409306365,0.42314500821842116,fairness_defended_min_risk
compas,non-IID,FLTrust+FairGuard,2024,70,0.2693393562958781,0.21616416515027193,0.48550352144615,fairness_defended_min_risk
compas,non-IID,FLTrust+FairGuard,3141,64,0.2607279803124822,0.21526658395068787,0.47599456426317005,fairness_defended_min_risk
compas,non-IID,FLTrust+FairGuard,4242,65,0.23974372779153658,0.24753632052402874,0.4872800483155653,fairness_defended_min_risk
compas,non-IID,FLTrust+FairGuard,456,65,0.22745098039215683,0.23670581863724066,0.4641567990293975,fairness_defended_min_risk
compas,non-IID,FLTrust+FairGuard,5050,66,0.23773827372028272,0.22992785501437413,0.46766612873465685,fairness_defended_min_risk
compas,non-IID,FLTrust+FairGuard,6060,65,0.26804304597028894,0.26512611074214437,0.5331691567124333,fairness_defended_min_risk
compas,non-IID,FLTrust+FairGuard,7070,68,0.2068181818181818,0.1954415947765209,0.4022597765947027,fairness_defended_min_risk
compas,non-IID,FLTrust+FairGuard,789,64,0.21775992860330207,0.20183671492284186,0.4195966435261439,fairness_defended_min_risk
compas,non-IID,FLTrust,1001,69,0.28055836008666946,0.2669096010841006,0.54746796117077,unprotected_max_risk
compas,non-IID,FLTrust,123,66,0.21529133392487432,0.25507063345421693,0.47036196737909125,unprotected_max_risk
compas,non-IID,FLTrust,2024,70,0.2830279075338364,0.21830715485435026,0.5013350623881867,unprotected_max_risk
compas,non-IID,FLTrust,3141,62,0.292622903908888,0.24244146755109736,0.5350643714599854,unprotected_max_risk
compas,non-IID,FLTrust,4242,61,0.24780158644700484,0.24594191750890282,0.49374350395590766,unprotected_max_risk
compas,non-IID,FLTrust,456,63,0.2608177361853833,0.24726552879671593,0.5080832649820992,unprotected_max_risk
compas,non-IID,FLTrust,5050,61,0.2644927536231884,0.23444377394960242,0.49893652757279083,unprotected_max_risk
compas,non-IID,FLTrust,6060,67,0.2968183413264709,0.2880628703689654,0.5848812116954363,unprotected_max_risk
compas,non-IID,FLTrust,7070,70,0.23200757575757575,0.21078801559853722,0.44279559135611296,unprotected_max_risk
compas,non-IID,FLTrust,789,67,0.2742079428826417,0.24447707432882754,0.5186850172114692,unprotected_max_risk
compas,non-IID,GuardFed-AD2+,1001,64,0.028683735862327142,0.004344339694215493,0.033028075556542635,fairness_defended_min_risk
compas,non-IID,GuardFed-AD2+,123,67,0.08260869565217388,0.005726311268087314,0.0883350069202612,fairness_defended_min_risk
compas,non-IID,GuardFed-AD2+,2024,67,0.003062813339493209,0.0002731261387550754,0.0033359394782482843,fairness_defended_min_risk
compas,non-IID,GuardFed-AD2+,3141,64,0.0021747839523836854,0.025637673665621197,0.027812457618004882,fairness_defended_min_risk
compas,non-IID,GuardFed-AD2+,4242,70,0.015954201213165375,0.015314906267544559,0.031269107480709935,fairness_defended_min_risk
compas,non-IID,GuardFed-AD2+,456,70,0.015753119429590012,0.010672929114429353,0.026426048544019365,fairness_defended_min_risk
compas,non-IID,GuardFed-AD2+,5050,68,0.0005532947811808242,0.002000590606094921,0.002553885387275745,fairness_defended_min_risk
compas,non-IID,GuardFed-AD2+,6060,61,0.0037626233087690863,0.02337562897798301,0.027138252286752096,fairness_defended_min_risk
compas,non-IID,GuardFed-AD2+,7070,69,0.05568181818181822,0.04936112994851455,0.10504294813033277,fairness_defended_min_risk
compas,non-IID,GuardFed-AD2+,789,64,0.070967631208595,0.053350639103492636,0.12431827031208764,fairness_defended_min_risk
compas,non-IID,GuardFed-AD2,1001,65,0.02466222731449441,0.00800352963010087,0.03266575694459528,fairness_defended_min_risk
compas,non-IID,GuardFed-AD2,123,61,0.09358178053830224,0.04788461471122751,0.14146639524952975,fairness_defended_min_risk
compas,non-IID,GuardFed-AD2,2024,65,0.005030542579949726,0.006613387616180744,0.01164393019613047,fairness_defended_min_risk
compas,non-IID,GuardFed-AD2,3141,64,0.005431236765295,0.001173041749781445,0.006604278515076445,fairness_defended_min_risk
compas,non-IID,GuardFed-AD2,4242,70,0.0002512472631993612,0.023942890958474294,0.024194138221673656,fairness_defended_min_risk
compas,non-IID,GuardFed-AD2,456,69,0.03760026737967914,0.008322176791981717,0.04592244417166086,fairness_defended_min_risk
compas,non-IID,GuardFed-AD2,5050,62,0.001981152281002374,0.01608292763207808,0.018064079913080455,fairness_defended_min_risk
compas,non-IID,GuardFed-AD2,6060,66,0.0020470230436308023,0.041069300505283346,0.04311632354891415,fairness_defended_min_risk
compas,non-IID,GuardFed-AD2,7070,67,0.08901515151515155,0.06604633573271923,0.15506148724787078,fairness_defended_min_risk
compas,non-IID,GuardFed-AD2,789,61,0.06315861737548484,0.012023386133829472,0.07518200350931431,fairness_defended_min_risk
compas,non-IID,GuardFed,1001,62,0.22017901101518983,0.21730219072841805,0.4374812017436079,fairness_defended_min_risk
compas,non-IID,GuardFed,123,68,0.19896480331262933,0.251314565443474,0.45027936875610336,fairness_defended_min_risk
compas,non-IID,GuardFed,2024,67,0.28032441866433955,0.21377256062758315,0.4940969792919227,fairness_defended_min_risk
compas,non-IID,GuardFed,3141,70,0.2599782521604761,0.21908568107037432,0.4790639332308504,fairness_defended_min_risk
compas,non-IID,GuardFed,4242,68,0.2350178864123087,0.22850386403453993,0.4635217504468486,fairness_defended_min_risk
compas,non-IID,GuardFed,456,69,0.22248217468805698,0.21591204871449798,0.43839422340255496,fairness_defended_min_risk
compas,non-IID,GuardFed,5050,64,0.23554294281430715,0.22419920933484444,0.4597421521491516,fairness_defended_min_risk
compas,non-IID,GuardFed,6060,64,0.25301204819277107,0.23174052549935978,0.4847525736921309,fairness_defended_min_risk
compas,non-IID,GuardFed,7070,67,0.21666666666666667,0.20566048086541305,0.4223271475320797,fairness_defended_min_risk
compas,non-IID,GuardFed,789,62,0.234596505680843,0.2381146359426996,0.4727111416235426,fairness_defended_min_risk
compas,non-IID,Huber-BRFL,1001,64,0.26989483953670407,0.2815148462731705,0.5514096858098746,unprotected_max_risk
compas,non-IID,Huber-BRFL,123,61,0.2277136941733215,0.2438467832393927,0.47156047741271423,unprotected_max_risk
compas,non-IID,Huber-BRFL,2024,65,0.2556679157469672,0.22438829666167492,0.4800562124086421,unprotected_max_risk
compas,non-IID,Huber-BRFL,3141,61,0.28946374406226755,0.24655353330679883,0.5360172773690663,unprotected_max_risk
compas,non-IID,Huber-BRFL,4242,65,0.22993312037136737,0.23534485676634992,0.4652779771377173,unprotected_max_risk
compas,non-IID,Huber-BRFL,456,63,0.24377228163992876,0.23286804622601537,0.4766403278659441,unprotected_max_risk
compas,non-IID,Huber-BRFL,5050,63,0.25633611765545805,0.23677234936334768,0.49310846701880573,unprotected_max_risk
compas,non-IID,Huber-BRFL,6060,70,0.26145358131555346,0.2733093900533063,0.5347629713688598,unprotected_max_risk
compas,non-IID,Huber-BRFL,7070,70,0.22064393939393934,0.2003800421828148,0.42102398157675414,unprotected_max_risk
compas,non-IID,Huber-BRFL,789,63,0.22689046785432332,0.2359529709470824,0.4628434388014057,unprotected_max_risk
compas,non-IID,LASA,1001,66,0.2912502410636294,0.2706248168946025,0.5618750579582319,unprotected_max_risk
compas,non-IID,LASA,123,61,0.20881396036675542,0.23939739503027146,0.4482113553970269,unprotected_max_risk
compas,non-IID,LASA,2024,61,0.2556679157469672,0.2177142143479931,0.4733821300949603,unprotected_max_risk
compas,non-IID,LASA,3141,66,0.2973845361414755,0.25075080508014613,0.5481353412216217,unprotected_max_risk
compas,non-IID,LASA,4242,65,0.236088678319754,0.23291240004342004,0.46900107836317406,unprotected_max_risk
compas,non-IID,LASA,456,69,0.24505347593582888,0.23779949039798215,0.48285296633381103,unprotected_max_risk
compas,non-IID,LASA,5050,63,0.2534625544370672,0.23293107533495883,0.48639362977202605,unprotected_max_risk
compas,non-IID,LASA,6060,62,0.26591804109642453,0.27670946031909066,0.5426275014155152,unprotected_max_risk
compas,non-IID,LASA,7070,62,0.2263257575757575,0.20044307129175826,0.42676882886751577,unprotected_max_risk
compas,non-IID,LASA,789,65,0.23427041499330659,0.24176682264425786,0.47603723763756445,unprotected_max_risk
compas,non-IID,LayerGuard,1001,65,0.2805640321720683,0.2777179260621864,0.5582819582342547,unprotected_max_risk
compas,non-IID,LayerGuard,123,66,0.22351375332741796,0.23719487783441318,0.46070863116183114,unprotected_max_risk
compas,non-IID,LayerGuard,2024,68,0.24949095700083845,0.2265908138575332,0.47608177085837167,unprotected_max_risk
compas,non-IID,LayerGuard,3141,62,0.29069421393006356,0.2483370236487551,0.5390312375788187,unprotected_max_risk
compas,non-IID,LayerGuard,4242,69,0.23311558570522717,0.23007959175812695,0.46319517746335415,unprotected_max_risk
compas,non-IID,LayerGuard,456,68,0.2456550802139038,0.24254184724311845,0.48819692745702226,unprotected_max_risk
compas,non-IID,LayerGuard,5050,64,0.25794245734275717,0.2339395410780546,0.49188199842081176,unprotected_max_risk
compas,non-IID,LayerGuard,6060,61,0.2678091004795882,0.275953111011769,0.5437622114913572,unprotected_max_risk
compas,non-IID,LayerGuard,7070,70,0.22462121212121217,0.198114495878013,0.42273570799922516,unprotected_max_risk
compas,non-IID,LayerGuard,789,61,0.23847526859575052,0.23276416491683072,0.47123943351258124,unprotected_max_risk
compas,non-IID,LoGoFair,1001,70,0.036692720445599014,0.04330216504989215,0.07999488549549116,unprotected_max_risk
compas,non-IID,LoGoFair,123,61,0.1089026915113872,0.029071592897319753,0.13797428440870696,unprotected_max_risk
compas,non-IID,LoGoFair,2024,65,0.021405471998357406,0.030039206440174326,0.05144467843853173,unprotected_max_risk
compas,non-IID,LoGoFair,3141,62,0.056286842557088046,0.05063221697887477,0.10691905953596281,unprotected_max_risk
compas,non-IID,LoGoFair,4242,70,0.056064032159649724,0.00800352963010087,0.0640675617897506,unprotected_max_risk
compas,non-IID,LoGoFair,456,66,0.08705436720142612,0.06610119440161444,0.15315556160304056,unprotected_max_risk
compas,non-IID,LoGoFair,5050,66,0.05963089883629613,0.05009063352424925,0.10972153236054538,unprotected_max_risk
compas,non-IID,LoGoFair,6060,69,0.035618200959176505,0.006489663809736146,0.04210786476891265,unprotected_max_risk
compas,non-IID,LoGoFair,7070,62,0.08712121212121215,0.07032531190654884,0.157446524027761,unprotected_max_risk
compas,non-IID,LoGoFair,789,67,0.08571036281879651,0.10148853745621522,0.18719890027501174,unprotected_max_risk
compas,non-IID,Median,1001,61,0.26306564871640703,0.2698054384783372,0.5328710871947442,unprotected_max_risk
compas,non-IID,Median,123,61,0.18929310854776688,0.22904894910632895,0.4183420576540958,unprotected_max_risk
compas,non-IID,Median,2024,68,0.24396420443851274,0.22172239879450995,0.4656866032330227,unprotected_max_risk
compas,non-IID,Median,3141,62,0.28325416356664573,0.24986839755493745,0.5331225611215832,unprotected_max_risk
compas,non-IID,Median,4242,65,0.25582953471399683,0.26443279054376617,0.520262325257763,unprotected_max_risk
compas,non-IID,Median,456,61,0.2368538324420677,0.24875254888549359,0.4856063813275613,unprotected_max_risk
compas,non-IID,Median,5050,69,0.26115513671735563,0.23209302162715478,0.4932481583445104,unprotected_max_risk
compas,non-IID,Median,6060,63,0.2877724490193785,0.2908735017455561,0.5786459507649346,unprotected_max_risk
compas,non-IID,Median,7070,64,0.2276515151515151,0.19670918018971761,0.4243606953412327,unprotected_max_risk
compas,non-IID,Median,789,65,0.21259396560601385,0.23517444473105825,0.4477684103370721,unprotected_max_risk
compas,non-IID,SmartFL,1001,70,0.27863552313643636,0.28325748441488563,0.561893007551322,unprotected_max_risk
compas,non-IID,SmartFL,123,61,0.23040520556048505,0.2518631521324265,0.48226835769291154,unprotected_max_risk
compas,non-IID,SmartFL,2024,67,0.2639323785568845,0.2267390489841225,0.490671427541007,unprotected_max_risk
compas,non-IID,SmartFL,3141,68,0.28341441080524243,0.25498892905373466,0.5384033398589771,unprotected_max_risk
compas,non-IID,SmartFL,4242,62,0.2436978811480804,0.24474436443897668,0.48844224558705707,unprotected_max_risk
compas,non-IID,SmartFL,456,68,0.24349376114081994,0.23847063368765808,0.481964394828478,unprotected_max_risk
compas,non-IID,SmartFL,5050,68,0.26195830656100516,0.23975339277523006,0.5017116993362352,unprotected_max_risk
compas,non-IID,SmartFL,6060,64,0.2783951339337934,0.28678011128139347,0.5651752452151868,unprotected_max_risk
compas,non-IID,SmartFL,7070,69,0.22859848484848483,0.1996458697841953,0.4282443546326801,unprotected_max_risk
compas,non-IID,SmartFL,789,68,0.2565990457556723,0.23723573003465437,0.49383477579032664,unprotected_max_risk
