variant,distribution,attack,n,expected_n,complete,accuracy_pct_mean,accuracy_pct_sample_sd_ddof1,aeod_mean,aeod_sample_sd_ddof1,aspd_mean,aspd_sample_sd_ddof1
Full,IID,Benign,10,10,True,88.25841848291137,1.0390759972622798,0.009733143839254077,0.007510187321741115,0.0625406029402557,0.013770518781080678
Full,IID,F Flip,10,10,True,88.39079881210047,0.625728108060509,0.01067836224500982,0.009578850771391137,0.060684515161985524,0.010257284097895707
Full,IID,FedSA,10,10,True,88.46982433180652,0.9092539407522404,0.006073090371373347,0.0041605020042118235,0.06401610917243902,0.01424792865386716
Full,IID,S-DFA,10,10,True,88.68928373685006,0.8087337151339475,0.007694386815436338,0.004633500530149221,0.06376683800613658,0.006965039176811277
Full,IID,Sp-DFA,10,10,True,88.38173856143354,0.8891512152556666,0.01647849345135145,0.00718716091311577,0.0558797517717642,0.015606458524027497
Full,non-IID,Benign,10,10,True,88.59364775758796,1.167949922464089,0.0069566752699619094,0.004230262408363805,0.06511219658510314,0.009015921130819527
Full,non-IID,F Flip,10,10,True,88.4426435798057,0.741307655929748,0.010019039770419558,0.006958298090381684,0.05893466867401771,0.00916354612545636
Full,non-IID,FedSA,10,10,True,88.41294609150853,0.9202953667604046,0.007789842611322095,0.005585702288104355,0.061569445419428326,0.014084591145394176
Full,non-IID,S-DFA,10,10,True,88.21513061861378,0.7808069973611629,0.012554278196575197,0.009255382123555781,0.05843798442406518,0.018885382392381633
Full,non-IID,Sp-DFA,10,10,True,88.34449086424725,0.9645554337828256,0.008687981371811083,0.006627220873528772,0.05955621752902117,0.01464151424924913
minus_U,IID,Benign,10,10,True,87.15155785976745,1.7955795184262144,0.011375603965231972,0.00831250792366168,0.039818895699509665,0.01736566448995364
minus_U,IID,F Flip,10,10,True,88.0822469421654,1.5513098473598306,0.012758244418603393,0.00996550003774665,0.05152706310336777,0.020253394637982213
minus_U,IID,FedSA,10,10,True,88.14315196053758,1.3591643630677832,0.010607412757565526,0.008881900067064826,0.05184125213340116,0.01670528062123829
minus_U,IID,S-DFA,10,10,True,87.75859465445211,1.2275918583157956,0.011906935431440436,0.011634903183154147,0.050513525131816596,0.022813545283182947
minus_U,IID,Sp-DFA,10,10,True,86.99753359842956,4.345278849192634,0.013105905864753764,0.010744708903764406,0.05267276536441083,0.02474349106152453
minus_U,non-IID,Benign,10,10,True,87.29048170332713,1.8701667049992148,0.012998003617485654,0.007317126252525348,0.05139794863944513,0.015980795043375486
minus_U,non-IID,F Flip,10,10,True,87.44651935370212,1.6427792549958131,0.012288386164354913,0.009747670971781808,0.04775442472900955,0.01623294300426635
minus_U,non-IID,FedSA,10,10,True,87.81194946393516,1.0153240529803034,0.011129437672626752,0.006939929359312063,0.05410144439034276,0.014843583575868522
minus_U,non-IID,S-DFA,10,10,True,87.76211808526702,1.0802635622923196,0.008810677923790488,0.007766485838018539,0.05598019082850818,0.011089554725885997
minus_U,non-IID,Sp-DFA,10,10,True,88.22368752202145,1.048126449246323,0.012137260785922676,0.00796726956070651,0.055376319148007044,0.016785460894791594
minus_C,IID,Benign,10,10,True,88.17536618513113,1.3165881239890398,0.012648758077523015,0.011269743164850481,0.06111855518643305,0.015324675887488504
minus_C,IID,F Flip,10,10,True,88.9087431418936,0.7827809631253165,0.01207253923873448,0.009622364113047501,0.07166511936984118,0.015796917326358188
minus_C,IID,FedSA,10,10,True,88.74918206070367,0.8052954905606252,0.005837149970074329,0.004138357426821719,0.06500434177852107,0.006685636368460879
minus_C,IID,S-DFA,6,10,False,88.40875153101459,0.6000728332381151,0.008687850935515051,0.00282392762115961,0.056490783581883565,0.010036969753084773
minus_C,IID,Sp-DFA,0,10,False,,,,,,
minus_C,non-IID,Benign,0,10,False,,,,,,
minus_C,non-IID,F Flip,0,10,False,,,,,,
minus_C,non-IID,FedSA,0,10,False,,,,,,
minus_C,non-IID,S-DFA,0,10,False,,,,,,
minus_C,non-IID,Sp-DFA,0,10,False,,,,,,
minus_A,IID,Benign,0,10,False,,,,,,
minus_A,IID,F Flip,0,10,False,,,,,,
minus_A,IID,FedSA,0,10,False,,,,,,
minus_A,IID,S-DFA,0,10,False,,,,,,
minus_A,IID,Sp-DFA,0,10,False,,,,,,
minus_A,non-IID,Benign,0,10,False,,,,,,
minus_A,non-IID,F Flip,0,10,False,,,,,,
minus_A,non-IID,FedSA,0,10,False,,,,,,
minus_A,non-IID,S-DFA,0,10,False,,,,,,
minus_A,non-IID,Sp-DFA,0,10,False,,,,,,
minus_F,IID,Benign,0,10,False,,,,,,
minus_F,IID,F Flip,0,10,False,,,,,,
minus_F,IID,FedSA,0,10,False,,,,,,
minus_F,IID,S-DFA,0,10,False,,,,,,
minus_F,IID,Sp-DFA,0,10,False,,,,,,
minus_F,non-IID,Benign,0,10,False,,,,,,
minus_F,non-IID,F Flip,0,10,False,,,,,,
minus_F,non-IID,FedSA,0,10,False,,,,,,
minus_F,non-IID,S-DFA,0,10,False,,,,,,
minus_F,non-IID,Sp-DFA,0,10,False,,,,,,
minus_V,IID,Benign,0,10,False,,,,,,
minus_V,IID,F Flip,0,10,False,,,,,,
minus_V,IID,FedSA,0,10,False,,,,,,
minus_V,IID,S-DFA,0,10,False,,,,,,
minus_V,IID,Sp-DFA,0,10,False,,,,,,
minus_V,non-IID,Benign,0,10,False,,,,,,
minus_V,non-IID,F Flip,0,10,False,,,,,,
minus_V,non-IID,FedSA,0,10,False,,,,,,
minus_V,non-IID,S-DFA,0,10,False,,,,,,
minus_V,non-IID,Sp-DFA,0,10,False,,,,,,
minus_N,IID,Benign,0,10,False,,,,,,
minus_N,IID,F Flip,0,10,False,,,,,,
minus_N,IID,FedSA,0,10,False,,,,,,
minus_N,IID,S-DFA,0,10,False,,,,,,
minus_N,IID,Sp-DFA,0,10,False,,,,,,
minus_N,non-IID,Benign,0,10,False,,,,,,
minus_N,non-IID,F Flip,0,10,False,,,,,,
minus_N,non-IID,FedSA,0,10,False,,,,,,
minus_N,non-IID,S-DFA,0,10,False,,,,,,
minus_N,non-IID,Sp-DFA,0,10,False,,,,,,
no_hard_screen,IID,Benign,0,10,False,,,,,,
no_hard_screen,IID,F Flip,0,10,False,,,,,,
no_hard_screen,IID,FedSA,0,10,False,,,,,,
no_hard_screen,IID,S-DFA,0,10,False,,,,,,
no_hard_screen,IID,Sp-DFA,0,10,False,,,,,,
no_hard_screen,non-IID,Benign,0,10,False,,,,,,
no_hard_screen,non-IID,F Flip,0,10,False,,,,,,
no_hard_screen,non-IID,FedSA,0,10,False,,,,,,
no_hard_screen,non-IID,S-DFA,0,10,False,,,,,,
no_hard_screen,non-IID,Sp-DFA,0,10,False,,,,,,
fixed_balanced,IID,Benign,0,10,False,,,,,,
fixed_balanced,IID,F Flip,0,10,False,,,,,,
fixed_balanced,IID,FedSA,0,10,False,,,,,,
fixed_balanced,IID,S-DFA,0,10,False,,,,,,
fixed_balanced,IID,Sp-DFA,0,10,False,,,,,,
fixed_balanced,non-IID,Benign,0,10,False,,,,,,
fixed_balanced,non-IID,F Flip,0,10,False,,,,,,
fixed_balanced,non-IID,FedSA,0,10,False,,,,,,
fixed_balanced,non-IID,S-DFA,0,10,False,,,,,,
fixed_balanced,non-IID,Sp-DFA,0,10,False,,,,,,
