dataset,distribution,method,seed,round,accuracy,selectionScore,selectionMetric,role
adult,IID,AdaAggRL,123,70,0.8280762334816388,0.8280762334816388,ACC,performance_defended_max_acc
adult,IID,AdaAggRL,456,70,0.8353144299090245,0.8353144299090245,ACC,performance_defended_max_acc
adult,IID,AdaAggRL,789,63,0.8367753502888639,0.8367753502888639,ACC,performance_defended_max_acc
adult,IID,AdaAggRL,1001,69,0.8292715319742346,0.8292715319742346,ACC,performance_defended_max_acc
adult,IID,AdaAggRL,2024,70,0.8275449897071518,0.8275449897071518,ACC,performance_defended_max_acc
adult,IID,AdaAggRL,3141,70,0.8271465568762866,0.8271465568762866,ACC,performance_defended_max_acc
adult,IID,AdaAggRL,4242,69,0.8325254000929677,0.8325254000929677,ACC,performance_defended_max_acc
adult,IID,AdaAggRL,5050,70,0.8341855368882396,0.8341855368882396,ACC,performance_defended_max_acc
adult,IID,AdaAggRL,6060,70,0.8321269672621024,0.8321269672621024,ACC,performance_defended_max_acc
adult,IID,AdaAggRL,7070,69,0.8143967062885982,0.8143967062885982,ACC,performance_defended_max_acc
adult,IID,FLAURA,123,70,0.826416096686367,0.826416096686367,ACC,performance_defended_max_acc
adult,IID,FLAURA,456,70,0.8331230493392655,0.8331230493392655,ACC,performance_defended_max_acc
adult,IID,FLAURA,789,69,0.8368417557606747,0.8368417557606747,ACC,performance_defended_max_acc
adult,IID,FLAURA,1001,67,0.8302676140513978,0.8302676140513978,ACC,performance_defended_max_acc
adult,IID,FLAURA,2024,61,0.8270801514044758,0.8270801514044758,ACC,performance_defended_max_acc
adult,IID,FLAURA,3141,69,0.8151935719503287,0.8151935719503287,ACC,performance_defended_max_acc
adult,IID,FLAURA,4242,70,0.8281426389534498,0.8281426389534498,ACC,performance_defended_max_acc
adult,IID,FLAURA,5050,70,0.8157912211966266,0.8157912211966266,ACC,performance_defended_max_acc
adult,IID,FLAURA,6060,70,0.8201075768643337,0.8201075768643337,ACC,performance_defended_max_acc
adult,IID,FLAURA,7070,70,0.820439604223388,0.820439604223388,ACC,performance_defended_max_acc
adult,IID,FLGMM,123,69,0.8335878876419417,0.8335878876419417,ACC,performance_defended_max_acc
adult,IID,FLGMM,456,69,0.8304668304668305,0.8304668304668305,ACC,performance_defended_max_acc
adult,IID,FLGMM,789,64,0.8337206985855634,0.8337206985855634,ACC,performance_defended_max_acc
adult,IID,FLGMM,1001,67,0.8321269672621024,0.8321269672621024,ACC,performance_defended_max_acc
adult,IID,FLGMM,2024,69,0.8219669300750382,0.8219669300750382,ACC,performance_defended_max_acc
adult,IID,FLGMM,3141,63,0.829072315558802,0.829072315558802,ACC,performance_defended_max_acc
adult,IID,FLGMM,4242,70,0.8318613453748589,0.8318613453748589,ACC,performance_defended_max_acc
adult,IID,FLGMM,5050,69,0.8056311840095624,0.8056311840095624,ACC,performance_defended_max_acc
adult,IID,FLGMM,6060,63,0.8198419549770901,0.8198419549770901,ACC,performance_defended_max_acc
adult,IID,FLGMM,7070,70,0.815592004781194,0.815592004781194,ACC,performance_defended_max_acc
adult,IID,FLTG,123,69,0.8350488080217809,0.8350488080217809,ACC,performance_defended_max_acc
adult,IID,FLTG,456,61,0.8377714323660269,0.8377714323660269,ACC,performance_defended_max_acc
adult,IID,FLTG,789,69,0.836111295570755,0.836111295570755,ACC,performance_defended_max_acc
adult,IID,FLTG,1001,68,0.8273457732917192,0.8273457732917192,ACC,performance_defended_max_acc
adult,IID,FLTG,2024,67,0.8254200146092038,0.8254200146092038,ACC,performance_defended_max_acc
adult,IID,FLTG,3141,62,0.8394979746331098,0.8394979746331098,ACC,performance_defended_max_acc
adult,IID,FLTG,4242,70,0.8406268676538947,0.8406268676538947,ACC,performance_defended_max_acc
adult,IID,FLTG,5050,69,0.8001195298492596,0.8001195298492596,ACC,performance_defended_max_acc
adult,IID,FLTG,6060,67,0.8372401885915399,0.8372401885915399,ACC,performance_defended_max_acc
adult,IID,FLTG,7070,69,0.8321933727339133,0.8321933727339133,ACC,performance_defended_max_acc
adult,IID,FLTrust,123,70,0.8353808353808354,0.8353808353808354,ACC,performance_defended_max_acc
adult,IID,FLTrust,456,66,0.839365163689488,0.839365163689488,ACC,performance_defended_max_acc
adult,IID,FLTrust,789,69,0.8333886712265091,0.8333886712265091,ACC,performance_defended_max_acc
adult,IID,FLTrust,1001,70,0.8367089448170529,0.8367089448170529,ACC,performance_defended_max_acc
adult,IID,FLTrust,2024,69,0.819908360448901,0.819908360448901,ACC,performance_defended_max_acc
adult,IID,FLTrust,3141,63,0.8367753502888639,0.8367753502888639,ACC,performance_defended_max_acc
adult,IID,FLTrust,4242,67,0.8394979746331098,0.8394979746331098,ACC,performance_defended_max_acc
adult,IID,FLTrust,5050,65,0.7997210970183943,0.7997210970183943,ACC,performance_defended_max_acc
adult,IID,FLTrust,6060,67,0.8385682980277575,0.8385682980277575,ACC,performance_defended_max_acc
adult,IID,FLTrust,7070,61,0.833919915000996,0.833919915000996,ACC,performance_defended_max_acc
adult,IID,FLTrust+FairGuard,123,67,0.836642539345242,0.836642539345242,ACC,performance_defended_max_acc
adult,IID,FLTrust+FairGuard,456,70,0.8384354870841357,0.8384354870841357,ACC,performance_defended_max_acc
adult,IID,FLTrust+FairGuard,789,67,0.7964008234278505,0.7964008234278505,ACC,performance_defended_max_acc
adult,IID,FLTrust+FairGuard,1001,70,0.8146623281758417,0.8146623281758417,ACC,performance_defended_max_acc
adult,IID,FLTrust+FairGuard,2024,62,0.7575536224184873,0.7575536224184873,ACC,performance_defended_max_acc
adult,IID,FLTrust+FairGuard,3141,69,0.8239590942293645,0.8239590942293645,ACC,performance_defended_max_acc
adult,IID,FLTrust+FairGuard,4242,67,0.8402284348230294,0.8402284348230294,ACC,performance_defended_max_acc
adult,IID,FLTrust+FairGuard,5050,67,0.7833189454811077,0.7833189454811077,ACC,performance_defended_max_acc
adult,IID,FLTrust+FairGuard,6060,70,0.25811806892887973,0.25811806892887973,ACC,performance_defended_max_acc
adult,IID,FLTrust+FairGuard,7070,61,0.8355136463244571,0.8355136463244571,ACC,performance_defended_max_acc
adult,IID,FairFed,123,69,0.7645261969586294,0.7645261969586294,ACC,unprotected_min_acc
adult,IID,FairFed,456,66,0.7191048542399894,0.7191048542399894,ACC,unprotected_min_acc
adult,IID,FairFed,789,61,0.7471943688159904,0.7471943688159904,ACC,unprotected_min_acc
adult,IID,FairFed,1001,70,0.7182415831064479,0.7182415831064479,ACC,unprotected_min_acc
adult,IID,FairFed,2024,70,0.7312570555813799,0.7312570555813799,ACC,unprotected_min_acc
adult,IID,FairFed,3141,61,0.7708347167806627,0.7708347167806627,ACC,unprotected_min_acc
adult,IID,FairFed,4242,70,0.7714987714987716,0.7714987714987716,ACC,unprotected_min_acc
adult,IID,FairFed,5050,62,0.7380304137060893,0.7380304137060893,ACC,unprotected_min_acc
adult,IID,FairFed,6060,61,0.7566903512849459,0.7566903512849459,ACC,unprotected_min_acc
adult,IID,FairFed,7070,70,0.6374925293844212,0.6374925293844212,ACC,unprotected_min_acc
adult,IID,FairGuard,123,70,0.2457002457002457,0.2457002457002457,ACC,performance_defended_max_acc
adult,IID,FairGuard,456,70,0.2457002457002457,0.2457002457002457,ACC,performance_defended_max_acc
adult,IID,FairGuard,789,70,0.8268145295172322,0.8268145295172322,ACC,performance_defended_max_acc
adult,IID,FairGuard,1001,62,0.7541669433561325,0.7541669433561325,ACC,performance_defended_max_acc
adult,IID,FairGuard,2024,70,0.7542997542997543,0.7542997542997543,ACC,performance_defended_max_acc
adult,IID,FairGuard,3141,61,0.7517763463709409,0.7517763463709409,ACC,performance_defended_max_acc
adult,IID,FairGuard,4242,67,0.7533036722225911,0.7533036722225911,ACC,performance_defended_max_acc
adult,IID,FairGuard,5050,70,0.2457002457002457,0.2457002457002457,ACC,performance_defended_max_acc
adult,IID,FairGuard,6060,70,0.2457002457002457,0.2457002457002457,ACC,performance_defended_max_acc
adult,IID,FairGuard,7070,61,0.5897469951524006,0.5897469951524006,ACC,performance_defended_max_acc
adult,IID,Fed-NGA,123,63,0.813400624211435,0.813400624211435,ACC,performance_defended_max_acc
adult,IID,Fed-NGA,456,61,0.8300019921641544,0.8300019921641544,ACC,performance_defended_max_acc
adult,IID,Fed-NGA,789,63,0.8309316687695066,0.8309316687695066,ACC,performance_defended_max_acc
adult,IID,Fed-NGA,1001,70,0.7878345175642473,0.7878345175642473,ACC,performance_defended_max_acc
adult,IID,Fed-NGA,2024,67,0.8272793678199084,0.8272793678199084,ACC,performance_defended_max_acc
adult,IID,Fed-NGA,3141,70,0.7878345175642473,0.7878345175642473,ACC,performance_defended_max_acc
adult,IID,Fed-NGA,4242,61,0.7916860349292781,0.7916860349292781,ACC,performance_defended_max_acc
adult,IID,Fed-NGA,5050,70,0.8168537087456006,0.8168537087456006,ACC,performance_defended_max_acc
adult,IID,Fed-NGA,6060,70,0.7919516568165217,0.7919516568165217,ACC,performance_defended_max_acc
adult,IID,Fed-NGA,7070,67,0.8288730991433694,0.8288730991433694,ACC,performance_defended_max_acc
adult,IID,FedAA,123,70,0.8367089448170529,0.8367089448170529,ACC,performance_defended_max_acc
adult,IID,FedAA,456,64,0.8370409721761073,0.8370409721761073,ACC,performance_defended_max_acc
adult,IID,FedAA,789,70,0.8360448900989441,0.8360448900989441,ACC,performance_defended_max_acc
adult,IID,FedAA,1001,69,0.8392323527458663,0.8392323527458663,ACC,performance_defended_max_acc
adult,IID,FedAA,2024,69,0.8322597782057242,0.8322597782057242,ACC,performance_defended_max_acc
adult,IID,FedAA,3141,65,0.8349159970781592,0.8349159970781592,ACC,performance_defended_max_acc
adult,IID,FedAA,4242,69,0.8314629125439936,0.8314629125439936,ACC,performance_defended_max_acc
adult,IID,FedAA,5050,66,0.8341855368882396,0.8341855368882396,ACC,performance_defended_max_acc
adult,IID,FedAA,6060,69,0.8298027757487217,0.8298027757487217,ACC,performance_defended_max_acc
adult,IID,FedAA,7070,68,0.8234942559266883,0.8234942559266883,ACC,performance_defended_max_acc
adult,IID,FedAMM,123,70,0.8311308851849393,0.8311308851849393,ACC,performance_defended_max_acc
adult,IID,FedAMM,456,70,0.8357792682117007,0.8357792682117007,ACC,performance_defended_max_acc
adult,IID,FedAMM,789,66,0.8380370542532705,0.8380370542532705,ACC,performance_defended_max_acc
adult,IID,FedAMM,1001,70,0.8276778006507737,0.8276778006507737,ACC,performance_defended_max_acc
adult,IID,FedAMM,2024,70,0.828541071784315,0.828541071784315,ACC,performance_defended_max_acc
adult,IID,FedAMM,3141,70,0.8278106115943954,0.8278106115943954,ACC,performance_defended_max_acc
adult,IID,FedAMM,4242,68,0.8331230493392655,0.8331230493392655,ACC,performance_defended_max_acc
adult,IID,FedAMM,5050,70,0.8350488080217809,0.8350488080217809,ACC,performance_defended_max_acc
adult,IID,FedAMM,6060,70,0.8318613453748589,0.8318613453748589,ACC,performance_defended_max_acc
adult,IID,FedAMM,7070,70,0.8154591938375723,0.8154591938375723,ACC,performance_defended_max_acc
adult,IID,FedAvg,123,65,0.7730925028222325,0.7730925028222325,ACC,unprotected_min_acc
adult,IID,FedAvg,456,63,0.7380968191779003,0.7380968191779003,ACC,unprotected_min_acc
adult,IID,FedAvg,789,61,0.7508466697655887,0.7508466697655887,ACC,unprotected_min_acc
adult,IID,FedAvg,1001,61,0.7677800650773624,0.7677800650773624,ACC,unprotected_min_acc
adult,IID,FedAvg,2024,70,0.7592137592137592,0.7592137592137592,ACC,unprotected_min_acc
adult,IID,FedAvg,3141,61,0.7758151271664785,0.7758151271664785,ACC,unprotected_min_acc
adult,IID,FedAvg,4242,63,0.7615379507271399,0.7615379507271399,ACC,unprotected_min_acc
adult,IID,FedAvg,5050,61,0.7254133740620227,0.7254133740620227,ACC,unprotected_min_acc
adult,IID,FedAvg,6060,64,0.7808619430241052,0.7808619430241052,ACC,unprotected_min_acc
adult,IID,FedAvg,7070,61,0.7740885848993957,0.7740885848993957,ACC,unprotected_min_acc
adult,IID,FedDNA,123,69,0.8283418553688824,0.8283418553688824,ACC,performance_defended_max_acc
adult,IID,FedDNA,456,64,0.8350488080217809,0.8350488080217809,ACC,performance_defended_max_acc
adult,IID,FedDNA,789,70,0.8381034597250814,0.8381034597250814,ACC,performance_defended_max_acc
adult,IID,FedDNA,1001,69,0.8271465568762866,0.8271465568762866,ACC,performance_defended_max_acc
adult,IID,FedDNA,2024,70,0.8241583106447972,0.8241583106447972,ACC,performance_defended_max_acc
adult,IID,FedDNA,3141,68,0.8276113951789628,0.8276113951789628,ACC,performance_defended_max_acc
adult,IID,FedDNA,4242,69,0.8335214821701308,0.8335214821701308,ACC,performance_defended_max_acc
adult,IID,FedDNA,5050,65,0.8363105119861877,0.8363105119861877,ACC,performance_defended_max_acc
adult,IID,FedDNA,6060,70,0.8352480244372136,0.8352480244372136,ACC,performance_defended_max_acc
adult,IID,FedDNA,7070,70,0.8175177634637094,0.8175177634637094,ACC,performance_defended_max_acc
adult,IID,GuardFed,123,64,0.8357792682117007,0.8357792682117007,ACC,performance_defended_max_acc
adult,IID,GuardFed,456,70,0.836111295570755,0.836111295570755,ACC,performance_defended_max_acc
adult,IID,GuardFed,789,70,0.8365097284016203,0.8365097284016203,ACC,performance_defended_max_acc
adult,IID,GuardFed,1001,63,0.8385018925559466,0.8385018925559466,ACC,performance_defended_max_acc
adult,IID,GuardFed,2024,65,0.8276113951789628,0.8276113951789628,ACC,performance_defended_max_acc
adult,IID,GuardFed,3141,66,0.8305332359386414,0.8305332359386414,ACC,performance_defended_max_acc
adult,IID,GuardFed,4242,65,0.8254864200810147,0.8254864200810147,ACC,performance_defended_max_acc
adult,IID,GuardFed,5050,66,0.8265489076299887,0.8265489076299887,ACC,performance_defended_max_acc
adult,IID,GuardFed,6060,68,0.8299355866923435,0.8299355866923435,ACC,performance_defended_max_acc
adult,IID,GuardFed,7070,68,0.8226973902649578,0.8226973902649578,ACC,performance_defended_max_acc
adult,IID,GuardFed-AD2,123,62,0.8224981738495252,0.8224981738495252,ACC,performance_defended_max_acc
adult,IID,GuardFed-AD2,456,63,0.8300019921641544,0.8300019921641544,ACC,performance_defended_max_acc
adult,IID,GuardFed-AD2,789,66,0.8297363702769108,0.8297363702769108,ACC,performance_defended_max_acc
adult,IID,GuardFed-AD2,1001,65,0.8367089448170529,0.8367089448170529,ACC,performance_defended_max_acc
adult,IID,GuardFed-AD2,2024,70,0.8233614449830666,0.8233614449830666,ACC,performance_defended_max_acc
adult,IID,GuardFed-AD2,3141,65,0.8072249153330234,0.8072249153330234,ACC,performance_defended_max_acc
adult,IID,GuardFed-AD2,4242,70,0.8159904376120592,0.8159904376120592,ACC,performance_defended_max_acc
adult,IID,GuardFed-AD2,5050,69,0.8199747659207118,0.8199747659207118,ACC,performance_defended_max_acc
adult,IID,GuardFed-AD2,6060,70,0.8139982734577329,0.8139982734577329,ACC,performance_defended_max_acc
adult,IID,GuardFed-AD2,7070,67,0.8066272660867255,0.8066272660867255,ACC,performance_defended_max_acc
adult,IID,GuardFed-AD2+,123,69,0.8241583106447972,0.8241583106447972,ACC,performance_defended_max_acc
adult,IID,GuardFed-AD2+,456,61,0.8336542931137526,0.8336542931137526,ACC,performance_defended_max_acc
adult,IID,GuardFed-AD2+,789,61,0.8103459725081347,0.8103459725081347,ACC,performance_defended_max_acc
adult,IID,GuardFed-AD2+,1001,68,0.8340527259446179,0.8340527259446179,ACC,performance_defended_max_acc
adult,IID,GuardFed-AD2+,2024,64,0.822630984793147,0.822630984793147,ACC,performance_defended_max_acc
adult,IID,GuardFed-AD2+,3141,68,0.8104787834517564,0.8104787834517564,ACC,performance_defended_max_acc
adult,IID,GuardFed-AD2+,4242,61,0.819908360448901,0.819908360448901,ACC,performance_defended_max_acc
adult,IID,GuardFed-AD2+,5050,69,0.7904907364366823,0.7904907364366823,ACC,performance_defended_max_acc
adult,IID,GuardFed-AD2+,6060,67,0.8158576266684375,0.8158576266684375,ACC,performance_defended_max_acc
adult,IID,GuardFed-AD2+,7070,62,0.8213692808287403,0.8213692808287403,ACC,performance_defended_max_acc
adult,IID,Huber-BRFL,123,64,0.8198419549770901,0.8198419549770901,ACC,performance_defended_max_acc
adult,IID,Huber-BRFL,456,70,0.8239590942293645,0.8239590942293645,ACC,performance_defended_max_acc
adult,IID,Huber-BRFL,789,67,0.8149279500630852,0.8149279500630852,ACC,performance_defended_max_acc
adult,IID,Huber-BRFL,1001,61,0.812338136662461,0.812338136662461,ACC,performance_defended_max_acc
adult,IID,Huber-BRFL,2024,70,0.8072249153330234,0.8072249153330234,ACC,performance_defended_max_acc
adult,IID,Huber-BRFL,3141,70,0.8213028753569294,0.8213028753569294,ACC,performance_defended_max_acc
adult,IID,Huber-BRFL,4242,70,0.8187130619563052,0.8187130619563052,ACC,performance_defended_max_acc
adult,IID,Huber-BRFL,5050,70,0.8175841689355203,0.8175841689355203,ACC,performance_defended_max_acc
adult,IID,Huber-BRFL,6060,61,0.8165880868583572,0.8165880868583572,ACC,performance_defended_max_acc
adult,IID,Huber-BRFL,7070,70,0.8024437213626403,0.8024437213626403,ACC,performance_defended_max_acc
adult,IID,LASA,123,70,0.8302676140513978,0.8302676140513978,ACC,performance_defended_max_acc
adult,IID,LASA,456,70,0.8377714323660269,0.8377714323660269,ACC,performance_defended_max_acc
adult,IID,LASA,789,70,0.8351816189654028,0.8351816189654028,ACC,performance_defended_max_acc
adult,IID,LASA,1001,70,0.8217677136596055,0.8217677136596055,ACC,performance_defended_max_acc
adult,IID,LASA,2024,70,0.8277442061225845,0.8277442061225845,ACC,performance_defended_max_acc
adult,IID,LASA,3141,69,0.8244903380038515,0.8244903380038515,ACC,performance_defended_max_acc
adult,IID,LASA,4242,70,0.8278106115943954,0.8278106115943954,ACC,performance_defended_max_acc
adult,IID,LASA,5050,70,0.8325254000929677,0.8325254000929677,ACC,performance_defended_max_acc
adult,IID,LASA,6060,69,0.8248887708347168,0.8248887708347168,ACC,performance_defended_max_acc
adult,IID,LASA,7070,70,0.8060960223122385,0.8060960223122385,ACC,performance_defended_max_acc
adult,IID,LayerGuard,123,69,0.8110764326980543,0.8110764326980543,ACC,performance_defended_max_acc
adult,IID,LayerGuard,456,70,0.8228302012085796,0.8228302012085796,ACC,performance_defended_max_acc
adult,IID,LayerGuard,789,70,0.83345507669832,0.83345507669832,ACC,performance_defended_max_acc
adult,IID,LayerGuard,1001,69,0.8080881864665649,0.8080881864665649,ACC,performance_defended_max_acc
adult,IID,LayerGuard,2024,70,0.8041702636297231,0.8041702636297231,ACC,performance_defended_max_acc
adult,IID,LayerGuard,3141,69,0.8217677136596055,0.8217677136596055,ACC,performance_defended_max_acc
adult,IID,LayerGuard,4242,70,0.8213028753569294,0.8213028753569294,ACC,performance_defended_max_acc
adult,IID,LayerGuard,5050,70,0.8132014077960024,0.8132014077960024,ACC,performance_defended_max_acc
adult,IID,LayerGuard,6060,70,0.8172521415764659,0.8172521415764659,ACC,performance_defended_max_acc
adult,IID,LayerGuard,7070,70,0.8027757487216947,0.8027757487216947,ACC,performance_defended_max_acc
adult,IID,LoGoFair,123,61,0.7554950527923501,0.7554950527923501,ACC,performance_defended_max_acc
adult,IID,LoGoFair,456,70,0.7552294309051066,0.7552294309051066,ACC,performance_defended_max_acc
adult,IID,LoGoFair,789,66,0.7551630254332957,0.7551630254332957,ACC,performance_defended_max_acc
adult,IID,LoGoFair,1001,67,0.7543661597715652,0.7543661597715652,ACC,performance_defended_max_acc
adult,IID,LoGoFair,2024,62,0.7558270801514044,0.7558270801514044,ACC,performance_defended_max_acc
adult,IID,LoGoFair,3141,70,0.7558934856232153,0.7558934856232153,ACC,performance_defended_max_acc
adult,IID,LoGoFair,4242,70,0.7553622418487284,0.7553622418487284,ACC,performance_defended_max_acc
adult,IID,LoGoFair,5050,65,0.7559598910950263,0.7559598910950263,ACC,performance_defended_max_acc
adult,IID,LoGoFair,6060,66,0.7546981871306195,0.7546981871306195,ACC,performance_defended_max_acc
adult,IID,LoGoFair,7070,70,0.7552294309051066,0.7552294309051066,ACC,performance_defended_max_acc
adult,IID,Median,123,61,0.8266817185736105,0.8266817185736105,ACC,performance_defended_max_acc
adult,IID,Median,456,66,0.8296035593332891,0.8296035593332891,ACC,performance_defended_max_acc
adult,IID,Median,789,70,0.8357792682117007,0.8357792682117007,ACC,performance_defended_max_acc
adult,IID,Median,1001,61,0.818779467428116,0.818779467428116,ACC,performance_defended_max_acc
adult,IID,Median,2024,70,0.8026429377780729,0.8026429377780729,ACC,performance_defended_max_acc
adult,IID,Median,3141,70,0.8303340195232087,0.8303340195232087,ACC,performance_defended_max_acc
adult,IID,Median,4242,68,0.8189786838435487,0.8189786838435487,ACC,performance_defended_max_acc
adult,IID,Median,5050,61,0.7997875024902051,0.7997875024902051,ACC,performance_defended_max_acc
adult,IID,Median,6060,65,0.8162560594993027,0.8162560594993027,ACC,performance_defended_max_acc
adult,IID,Median,7070,62,0.8059632113686168,0.8059632113686168,ACC,performance_defended_max_acc
adult,IID,SmartFL,123,67,0.8226973902649578,0.8226973902649578,ACC,performance_defended_max_acc
adult,IID,SmartFL,456,63,0.8210372534696859,0.8210372534696859,ACC,performance_defended_max_acc
adult,IID,SmartFL,789,69,0.8325254000929677,0.8325254000929677,ACC,performance_defended_max_acc
adult,IID,SmartFL,1001,68,0.8220333355468491,0.8220333355468491,ACC,performance_defended_max_acc
adult,IID,SmartFL,2024,70,0.8164552759147353,0.8164552759147353,ACC,performance_defended_max_acc
adult,IID,SmartFL,3141,69,0.8211700644133076,0.8211700644133076,ACC,performance_defended_max_acc
adult,IID,SmartFL,4242,70,0.8198419549770901,0.8198419549770901,ACC,performance_defended_max_acc
adult,IID,SmartFL,5050,67,0.8277442061225845,0.8277442061225845,ACC,performance_defended_max_acc
adult,IID,SmartFL,6060,67,0.8140646789295438,0.8140646789295438,ACC,performance_defended_max_acc
adult,IID,SmartFL,7070,68,0.8062288332558603,0.8062288332558603,ACC,performance_defended_max_acc
adult,non-IID,AdaAggRL,123,63,0.836177701042566,0.836177701042566,ACC,performance_defended_max_acc
adult,non-IID,AdaAggRL,456,69,0.8348495916063484,0.8348495916063484,ACC,performance_defended_max_acc
adult,non-IID,AdaAggRL,789,61,0.8363105119861877,0.8363105119861877,ACC,performance_defended_max_acc
adult,non-IID,AdaAggRL,1001,68,0.8255528255528255,0.8255528255528255,ACC,performance_defended_max_acc
adult,non-IID,AdaAggRL,2024,70,0.8336542931137526,0.8336542931137526,ACC,performance_defended_max_acc
adult,non-IID,AdaAggRL,3141,69,0.828541071784315,0.828541071784315,ACC,performance_defended_max_acc
adult,non-IID,AdaAggRL,4242,70,0.8331894548110764,0.8331894548110764,ACC,performance_defended_max_acc
adult,non-IID,AdaAggRL,5050,69,0.8316621289594263,0.8316621289594263,ACC,performance_defended_max_acc
adult,non-IID,AdaAggRL,6060,70,0.8219669300750382,0.8219669300750382,ACC,performance_defended_max_acc
adult,non-IID,AdaAggRL,7070,70,0.826349691214556,0.826349691214556,ACC,performance_defended_max_acc
adult,non-IID,FLAURA,123,68,0.83345507669832,0.83345507669832,ACC,performance_defended_max_acc
adult,non-IID,FLAURA,456,67,0.831263696128561,0.831263696128561,ACC,performance_defended_max_acc
adult,non-IID,FLAURA,789,70,0.8270137459326649,0.8270137459326649,ACC,performance_defended_max_acc
adult,non-IID,FLAURA,1001,61,0.8129357859087589,0.8129357859087589,ACC,performance_defended_max_acc
adult,non-IID,FLAURA,2024,70,0.8286738827279367,0.8286738827279367,ACC,performance_defended_max_acc
adult,non-IID,FLAURA,3141,70,0.8066272660867255,0.8066272660867255,ACC,performance_defended_max_acc
adult,non-IID,FLAURA,4242,68,0.8183810345972509,0.8183810345972509,ACC,performance_defended_max_acc
adult,non-IID,FLAURA,5050,61,0.805830400424995,0.805830400424995,ACC,performance_defended_max_acc
adult,non-IID,FLAURA,6060,70,0.8088850521282954,0.8088850521282954,ACC,performance_defended_max_acc
adult,non-IID,FLAURA,7070,70,0.8091506740155389,0.8091506740155389,ACC,performance_defended_max_acc
adult,non-IID,FLGMM,123,70,0.8328574274520221,0.8328574274520221,ACC,performance_defended_max_acc
adult,non-IID,FLGMM,456,69,0.8234278504548774,0.8234278504548774,ACC,performance_defended_max_acc
adult,non-IID,FLGMM,789,70,0.8224981738495252,0.8224981738495252,ACC,performance_defended_max_acc
adult,non-IID,FLGMM,1001,68,0.8180490072381964,0.8180490072381964,ACC,performance_defended_max_acc
adult,non-IID,FLGMM,2024,69,0.824224716116608,0.824224716116608,ACC,performance_defended_max_acc
adult,non-IID,FLGMM,3141,69,0.8066272660867255,0.8066272660867255,ACC,performance_defended_max_acc
adult,non-IID,FLGMM,4242,70,0.8132678132678133,0.8132678132678133,ACC,performance_defended_max_acc
adult,non-IID,FLGMM,5050,69,0.804767912876021,0.804767912876021,ACC,performance_defended_max_acc
adult,non-IID,FLGMM,6060,68,0.8273457732917192,0.8273457732917192,ACC,performance_defended_max_acc
adult,non-IID,FLGMM,7070,69,0.8098147287336477,0.8098147287336477,ACC,performance_defended_max_acc
adult,non-IID,FLTG,123,70,0.8414237333156253,0.8414237333156253,ACC,performance_defended_max_acc
adult,non-IID,FLTG,456,69,0.839896407463975,0.839896407463975,ACC,performance_defended_max_acc
adult,non-IID,FLTG,789,64,0.8432830865263298,0.8432830865263298,ACC,performance_defended_max_acc
adult,non-IID,FLTG,1001,70,0.8035062089116143,0.8035062089116143,ACC,performance_defended_max_acc
adult,non-IID,FLTG,2024,70,0.8402284348230294,0.8402284348230294,ACC,performance_defended_max_acc
adult,non-IID,FLTG,3141,65,0.8369081612324856,0.8369081612324856,ACC,performance_defended_max_acc
adult,non-IID,FLTG,4242,70,0.8381034597250814,0.8381034597250814,ACC,performance_defended_max_acc
adult,non-IID,FLTG,5050,70,0.8098811342054585,0.8098811342054585,ACC,performance_defended_max_acc
adult,non-IID,FLTG,6060,69,0.8412909223720034,0.8412909223720034,ACC,performance_defended_max_acc
adult,non-IID,FLTG,7070,65,0.8377714323660269,0.8377714323660269,ACC,performance_defended_max_acc
adult,non-IID,FLTrust,123,68,0.8410917059565708,0.8410917059565708,ACC,performance_defended_max_acc
adult,non-IID,FLTrust,456,70,0.8407596785975164,0.8407596785975164,ACC,performance_defended_max_acc
adult,non-IID,FLTrust,789,66,0.8376386214224052,0.8376386214224052,ACC,performance_defended_max_acc
adult,non-IID,FLTrust,1001,68,0.7988578258848529,0.7988578258848529,ACC,performance_defended_max_acc
adult,non-IID,FLTrust,2024,70,0.8319941563184806,0.8319941563184806,ACC,performance_defended_max_acc
adult,non-IID,FLTrust,3141,69,0.8373729995351616,0.8373729995351616,ACC,performance_defended_max_acc
adult,non-IID,FLTrust,4242,69,0.838302676140514,0.838302676140514,ACC,performance_defended_max_acc
adult,non-IID,FLTrust,5050,69,0.8120061093034066,0.8120061093034066,ACC,performance_defended_max_acc
adult,non-IID,FLTrust,6060,70,0.8391659472740554,0.8391659472740554,ACC,performance_defended_max_acc
adult,non-IID,FLTrust,7070,67,0.8336542931137526,0.8336542931137526,ACC,performance_defended_max_acc
adult,non-IID,FLTrust+FairGuard,123,70,0.8236270668703101,0.8236270668703101,ACC,performance_defended_max_acc
adult,non-IID,FLTrust+FairGuard,456,68,0.8399628129357859,0.8399628129357859,ACC,performance_defended_max_acc
adult,non-IID,FLTrust+FairGuard,789,69,0.8400956238794076,0.8400956238794076,ACC,performance_defended_max_acc
adult,non-IID,FLTrust+FairGuard,1001,70,0.7989906368284747,0.7989906368284747,ACC,performance_defended_max_acc
adult,non-IID,FLTrust+FairGuard,2024,69,0.8414237333156253,0.8414237333156253,ACC,performance_defended_max_acc
adult,non-IID,FLTrust+FairGuard,3141,68,0.8225645793213361,0.8225645793213361,ACC,performance_defended_max_acc
adult,non-IID,FLTrust+FairGuard,4242,61,0.8392323527458663,0.8392323527458663,ACC,performance_defended_max_acc
adult,non-IID,FLTrust+FairGuard,5050,69,0.7920844677601434,0.7920844677601434,ACC,performance_defended_max_acc
adult,non-IID,FLTrust+FairGuard,6060,70,0.8411581114283817,0.8411581114283817,ACC,performance_defended_max_acc
adult,non-IID,FLTrust+FairGuard,7070,68,0.8283418553688824,0.8283418553688824,ACC,performance_defended_max_acc
adult,non-IID,FairFed,123,61,0.789096221528654,0.789096221528654,ACC,unprotected_min_acc
adult,non-IID,FairFed,456,61,0.7780729132080484,0.7780729132080484,ACC,unprotected_min_acc
adult,non-IID,FairFed,789,64,0.7985257985257985,0.7985257985257985,ACC,unprotected_min_acc
adult,non-IID,FairFed,1001,66,0.5110565110565111,0.5110565110565111,ACC,unprotected_min_acc
adult,non-IID,FairFed,2024,62,0.7927485224782522,0.7927485224782522,ACC,unprotected_min_acc
adult,non-IID,FairFed,3141,64,0.5573411249086925,0.5573411249086925,ACC,unprotected_min_acc
adult,non-IID,FairFed,4242,64,0.7495849658011821,0.7495849658011821,ACC,unprotected_min_acc
adult,non-IID,FairFed,5050,61,0.6810545188923567,0.6810545188923567,ACC,unprotected_min_acc
adult,non-IID,FairFed,6060,70,0.7389600903114416,0.7389600903114416,ACC,unprotected_min_acc
adult,non-IID,FairFed,7070,61,0.7936781990836045,0.7936781990836045,ACC,unprotected_min_acc
adult,non-IID,FairGuard,123,61,0.8077561591075104,0.8077561591075104,ACC,performance_defended_max_acc
adult,non-IID,FairGuard,456,70,0.8357128627398898,0.8357128627398898,ACC,performance_defended_max_acc
adult,non-IID,FairGuard,789,70,0.8346503751909158,0.8346503751909158,ACC,performance_defended_max_acc
adult,non-IID,FairGuard,1001,70,0.7542997542997543,0.7542997542997543,ACC,performance_defended_max_acc
adult,non-IID,FairGuard,2024,61,0.7533036722225911,0.7533036722225911,ACC,performance_defended_max_acc
adult,non-IID,FairGuard,3141,70,0.7542997542997543,0.7542997542997543,ACC,performance_defended_max_acc
adult,non-IID,FairGuard,4242,70,0.2457002457002457,0.2457002457002457,ACC,performance_defended_max_acc
adult,non-IID,FairGuard,5050,70,0.2457002457002457,0.2457002457002457,ACC,performance_defended_max_acc
adult,non-IID,FairGuard,6060,70,0.2457002457002457,0.2457002457002457,ACC,performance_defended_max_acc
adult,non-IID,FairGuard,7070,61,0.7432764459791487,0.7432764459791487,ACC,performance_defended_max_acc
adult,non-IID,Fed-NGA,123,66,0.8194435221462248,0.8194435221462248,ACC,performance_defended_max_acc
adult,non-IID,Fed-NGA,456,70,0.8309316687695066,0.8309316687695066,ACC,performance_defended_max_acc
adult,non-IID,Fed-NGA,789,67,0.8287402881997477,0.8287402881997477,ACC,performance_defended_max_acc
adult,non-IID,Fed-NGA,1001,70,0.784779865860947,0.784779865860947,ACC,performance_defended_max_acc
adult,non-IID,Fed-NGA,2024,63,0.8236270668703101,0.8236270668703101,ACC,performance_defended_max_acc
adult,non-IID,Fed-NGA,3141,68,0.7863071917125971,0.7863071917125971,ACC,performance_defended_max_acc
adult,non-IID,Fed-NGA,4242,69,0.7954047413506873,0.7954047413506873,ACC,performance_defended_max_acc
adult,non-IID,Fed-NGA,5050,66,0.8157248157248157,0.8157248157248157,ACC,performance_defended_max_acc
adult,non-IID,Fed-NGA,6060,70,0.8323925891493459,0.8323925891493459,ACC,performance_defended_max_acc
adult,non-IID,Fed-NGA,7070,63,0.833919915000996,0.833919915000996,ACC,performance_defended_max_acc
adult,non-IID,FedAA,123,66,0.8399628129357859,0.8399628129357859,ACC,performance_defended_max_acc
adult,non-IID,FedAA,456,70,0.8373729995351616,0.8373729995351616,ACC,performance_defended_max_acc
adult,non-IID,FedAA,789,68,0.8400956238794076,0.8400956238794076,ACC,performance_defended_max_acc
adult,non-IID,FedAA,1001,62,0.8351152134935919,0.8351152134935919,ACC,performance_defended_max_acc
adult,non-IID,FedAA,2024,66,0.8343847533036722,0.8343847533036722,ACC,performance_defended_max_acc
adult,non-IID,FedAA,3141,69,0.8201739823361445,0.8201739823361445,ACC,performance_defended_max_acc
adult,non-IID,FedAA,4242,66,0.8359120791553224,0.8359120791553224,ACC,performance_defended_max_acc
adult,non-IID,FedAA,5050,68,0.8171857361046551,0.8171857361046551,ACC,performance_defended_max_acc
adult,non-IID,FedAA,6060,70,0.8296035593332891,0.8296035593332891,ACC,performance_defended_max_acc
adult,non-IID,FedAA,7070,70,0.8281426389534498,0.8281426389534498,ACC,performance_defended_max_acc
adult,non-IID,FedAMM,123,65,0.8363769174579986,0.8363769174579986,ACC,performance_defended_max_acc
adult,non-IID,FedAMM,456,70,0.8376386214224052,0.8376386214224052,ACC,performance_defended_max_acc
adult,non-IID,FedAMM,789,66,0.8380370542532705,0.8380370542532705,ACC,performance_defended_max_acc
adult,non-IID,FedAMM,1001,70,0.8264825021581779,0.8264825021581779,ACC,performance_defended_max_acc
adult,non-IID,FedAMM,2024,68,0.8327910219802112,0.8327910219802112,ACC,performance_defended_max_acc
adult,non-IID,FedAMM,3141,70,0.8272129623480975,0.8272129623480975,ACC,performance_defended_max_acc
adult,non-IID,FedAMM,4242,69,0.8341855368882396,0.8341855368882396,ACC,performance_defended_max_acc
adult,non-IID,FedAMM,5050,70,0.8322597782057242,0.8322597782057242,ACC,performance_defended_max_acc
adult,non-IID,FedAMM,6060,69,0.8282754498970715,0.8282754498970715,ACC,performance_defended_max_acc
adult,non-IID,FedAMM,7070,70,0.8244903380038515,0.8244903380038515,ACC,performance_defended_max_acc
adult,non-IID,FedAvg,123,61,0.7967992562587157,0.7967992562587157,ACC,unprotected_min_acc
adult,non-IID,FedAvg,456,61,0.7436748788100139,0.7436748788100139,ACC,unprotected_min_acc
adult,non-IID,FedAvg,789,64,0.8059632113686168,0.8059632113686168,ACC,unprotected_min_acc
adult,non-IID,FedAvg,1001,65,0.4969121455607942,0.4969121455607942,ACC,unprotected_min_acc
adult,non-IID,FedAvg,2024,62,0.8044358855169667,0.8044358855169667,ACC,unprotected_min_acc
adult,non-IID,FedAvg,3141,61,0.6228833255860283,0.6228833255860283,ACC,unprotected_min_acc
adult,non-IID,FedAvg,4242,70,0.6086061491466896,0.6086061491466896,ACC,unprotected_min_acc
adult,non-IID,FedAvg,5050,63,0.5708214356863005,0.5708214356863005,ACC,unprotected_min_acc
adult,non-IID,FedAvg,6060,68,0.77667839830002,0.77667839830002,ACC,unprotected_min_acc
adult,non-IID,FedAvg,7070,63,0.7899594926621953,0.7899594926621953,ACC,unprotected_min_acc
adult,non-IID,FedDNA,123,66,0.8369081612324856,0.8369081612324856,ACC,performance_defended_max_acc
adult,non-IID,FedDNA,456,70,0.8345839697191049,0.8345839697191049,ACC,performance_defended_max_acc
adult,non-IID,FedDNA,789,69,0.8402284348230294,0.8402284348230294,ACC,performance_defended_max_acc
adult,non-IID,FedDNA,1001,68,0.8273457732917192,0.8273457732917192,ACC,performance_defended_max_acc
adult,non-IID,FedDNA,2024,70,0.8347167806627266,0.8347167806627266,ACC,performance_defended_max_acc
adult,non-IID,FedDNA,3141,69,0.8222989574340925,0.8222989574340925,ACC,performance_defended_max_acc
adult,non-IID,FedDNA,4242,70,0.836111295570755,0.836111295570755,ACC,performance_defended_max_acc
adult,non-IID,FedDNA,5050,70,0.8151271664785178,0.8151271664785178,ACC,performance_defended_max_acc
adult,non-IID,FedDNA,6060,69,0.8311308851849393,0.8311308851849393,ACC,performance_defended_max_acc
adult,non-IID,FedDNA,7070,70,0.8309316687695066,0.8309316687695066,ACC,performance_defended_max_acc
adult,non-IID,GuardFed,123,62,0.8352480244372136,0.8352480244372136,ACC,performance_defended_max_acc
adult,non-IID,GuardFed,456,68,0.8346503751909158,0.8346503751909158,ACC,performance_defended_max_acc
adult,non-IID,GuardFed,789,61,0.8404940567102729,0.8404940567102729,ACC,performance_defended_max_acc
adult,non-IID,GuardFed,1001,65,0.8329902383956438,0.8329902383956438,ACC,performance_defended_max_acc
adult,non-IID,GuardFed,2024,70,0.8259512583836908,0.8259512583836908,ACC,performance_defended_max_acc
adult,non-IID,GuardFed,3141,67,0.8216349027159838,0.8216349027159838,ACC,performance_defended_max_acc
adult,non-IID,GuardFed,4242,63,0.8349159970781592,0.8349159970781592,ACC,performance_defended_max_acc
adult,non-IID,GuardFed,5050,70,0.8172521415764659,0.8172521415764659,ACC,performance_defended_max_acc
adult,non-IID,GuardFed,6060,69,0.825353609137393,0.825353609137393,ACC,performance_defended_max_acc
adult,non-IID,GuardFed,7070,62,0.8164552759147353,0.8164552759147353,ACC,performance_defended_max_acc
adult,non-IID,GuardFed-AD2,123,67,0.821502091772362,0.821502091772362,ACC,performance_defended_max_acc
adult,non-IID,GuardFed-AD2,456,63,0.830732452354074,0.830732452354074,ACC,performance_defended_max_acc
adult,non-IID,GuardFed-AD2,789,66,0.8302676140513978,0.8302676140513978,ACC,performance_defended_max_acc
adult,non-IID,GuardFed-AD2,1001,67,0.8228966066803904,0.8228966066803904,ACC,performance_defended_max_acc
adult,non-IID,GuardFed-AD2,2024,69,0.8174513579918985,0.8174513579918985,ACC,performance_defended_max_acc
adult,non-IID,GuardFed-AD2,3141,70,0.8102795670363238,0.8102795670363238,ACC,performance_defended_max_acc
adult,non-IID,GuardFed-AD2,4242,68,0.8144631117604091,0.8144631117604091,ACC,performance_defended_max_acc
adult,non-IID,GuardFed-AD2,5050,69,0.8122717311906501,0.8122717311906501,ACC,performance_defended_max_acc
adult,non-IID,GuardFed-AD2,6060,68,0.8251543927219603,0.8251543927219603,ACC,performance_defended_max_acc
adult,non-IID,GuardFed-AD2,7070,63,0.8133342187396242,0.8133342187396242,ACC,performance_defended_max_acc
adult,non-IID,GuardFed-AD2+,123,61,0.8232950395112557,0.8232950395112557,ACC,performance_defended_max_acc
adult,non-IID,GuardFed-AD2+,456,63,0.831794939903048,0.831794939903048,ACC,performance_defended_max_acc
adult,non-IID,GuardFed-AD2+,789,69,0.8297363702769108,0.8297363702769108,ACC,performance_defended_max_acc
adult,non-IID,GuardFed-AD2+,1001,64,0.8265489076299887,0.8265489076299887,ACC,performance_defended_max_acc
adult,non-IID,GuardFed-AD2+,2024,70,0.8262832857427452,0.8262832857427452,ACC,performance_defended_max_acc
adult,non-IID,GuardFed-AD2+,3141,67,0.8244239325320406,0.8244239325320406,ACC,performance_defended_max_acc
adult,non-IID,GuardFed-AD2+,4242,65,0.8205724151670097,0.8205724151670097,ACC,performance_defended_max_acc
adult,non-IID,GuardFed-AD2+,5050,70,0.8292715319742346,0.8292715319742346,ACC,performance_defended_max_acc
adult,non-IID,GuardFed-AD2+,6060,68,0.8370409721761073,0.8370409721761073,ACC,performance_defended_max_acc
adult,non-IID,GuardFed-AD2+,7070,68,0.8343183478318613,0.8343183478318613,ACC,performance_defended_max_acc
adult,non-IID,Huber-BRFL,123,70,0.8179826017663856,0.8179826017663856,ACC,performance_defended_max_acc
adult,non-IID,Huber-BRFL,456,63,0.8211700644133076,0.8211700644133076,ACC,performance_defended_max_acc
adult,non-IID,Huber-BRFL,789,70,0.825353609137393,0.825353609137393,ACC,performance_defended_max_acc
adult,non-IID,Huber-BRFL,1001,69,0.8064944551431038,0.8064944551431038,ACC,performance_defended_max_acc
adult,non-IID,Huber-BRFL,2024,70,0.807955375522943,0.807955375522943,ACC,performance_defended_max_acc
adult,non-IID,Huber-BRFL,3141,69,0.8098147287336477,0.8098147287336477,ACC,performance_defended_max_acc
adult,non-IID,Huber-BRFL,4242,70,0.8116076764725413,0.8116076764725413,ACC,performance_defended_max_acc
adult,non-IID,Huber-BRFL,5050,69,0.7988578258848529,0.7988578258848529,ACC,performance_defended_max_acc
adult,non-IID,Huber-BRFL,6060,63,0.8112756491134869,0.8112756491134869,ACC,performance_defended_max_acc
adult,non-IID,Huber-BRFL,7070,70,0.8087522411846736,0.8087522411846736,ACC,performance_defended_max_acc
adult,non-IID,LASA,123,70,0.8344511587754831,0.8344511587754831,ACC,performance_defended_max_acc
adult,non-IID,LASA,456,67,0.8326582110365894,0.8326582110365894,ACC,performance_defended_max_acc
adult,non-IID,LASA,789,70,0.8357128627398898,0.8357128627398898,ACC,performance_defended_max_acc
adult,non-IID,LASA,1001,68,0.8216349027159838,0.8216349027159838,ACC,performance_defended_max_acc
adult,non-IID,LASA,2024,68,0.8320605617902915,0.8320605617902915,ACC,performance_defended_max_acc
adult,non-IID,LASA,3141,69,0.8098147287336477,0.8098147287336477,ACC,performance_defended_max_acc
adult,non-IID,LASA,4242,66,0.8288066936715586,0.8288066936715586,ACC,performance_defended_max_acc
adult,non-IID,LASA,5050,69,0.8284746663125041,0.8284746663125041,ACC,performance_defended_max_acc
adult,non-IID,LASA,6060,69,0.817716979879142,0.817716979879142,ACC,performance_defended_max_acc
adult,non-IID,LASA,7070,70,0.821502091772362,0.821502091772362,ACC,performance_defended_max_acc
adult,non-IID,LayerGuard,123,62,0.8254864200810147,0.8254864200810147,ACC,performance_defended_max_acc
adult,non-IID,LayerGuard,456,65,0.8233614449830666,0.8233614449830666,ACC,performance_defended_max_acc
adult,non-IID,LayerGuard,789,66,0.8325254000929677,0.8325254000929677,ACC,performance_defended_max_acc
adult,non-IID,LayerGuard,1001,67,0.8065608606149147,0.8065608606149147,ACC,performance_defended_max_acc
adult,non-IID,LayerGuard,2024,69,0.8064944551431038,0.8064944551431038,ACC,performance_defended_max_acc
adult,non-IID,LayerGuard,3141,61,0.7978617438076897,0.7978617438076897,ACC,performance_defended_max_acc
adult,non-IID,LayerGuard,4242,70,0.8185802510126834,0.8185802510126834,ACC,performance_defended_max_acc
adult,non-IID,LayerGuard,5050,69,0.800451557208314,0.800451557208314,ACC,performance_defended_max_acc
adult,non-IID,LayerGuard,6060,69,0.8157248157248157,0.8157248157248157,ACC,performance_defended_max_acc
adult,non-IID,LayerGuard,7070,69,0.8132014077960024,0.8132014077960024,ACC,performance_defended_max_acc
adult,non-IID,LoGoFair,123,63,0.7997210970183943,0.7997210970183943,ACC,performance_defended_max_acc
adult,non-IID,LoGoFair,456,66,0.7970648781459593,0.7970648781459593,ACC,performance_defended_max_acc
adult,non-IID,LoGoFair,789,69,0.7956703632379308,0.7956703632379308,ACC,performance_defended_max_acc
adult,non-IID,LoGoFair,1001,70,0.7541005378843216,0.7541005378843216,ACC,performance_defended_max_acc
adult,non-IID,LoGoFair,2024,61,0.7878345175642473,0.7878345175642473,ACC,performance_defended_max_acc
adult,non-IID,LoGoFair,3141,70,0.7537685105252673,0.7537685105252673,ACC,performance_defended_max_acc
adult,non-IID,LoGoFair,4242,70,0.7546981871306195,0.7546981871306195,ACC,performance_defended_max_acc
adult,non-IID,LoGoFair,5050,66,0.7542997542997543,0.7542997542997543,ACC,performance_defended_max_acc
adult,non-IID,LoGoFair,6060,67,0.7548309980742414,0.7548309980742414,ACC,performance_defended_max_acc
adult,non-IID,LoGoFair,7070,68,0.7856431369944884,0.7856431369944884,ACC,performance_defended_max_acc
adult,non-IID,Median,123,70,0.8325918055647785,0.8325918055647785,ACC,performance_defended_max_acc
adult,non-IID,Median,456,70,0.8300683976359652,0.8300683976359652,ACC,performance_defended_max_acc
adult,non-IID,Median,789,70,0.8303340195232087,0.8303340195232087,ACC,performance_defended_max_acc
adult,non-IID,Median,1001,70,0.8219005246032273,0.8219005246032273,ACC,performance_defended_max_acc
adult,non-IID,Median,2024,70,0.8180490072381964,0.8180490072381964,ACC,performance_defended_max_acc
adult,non-IID,Median,3141,70,0.8178497908227638,0.8178497908227638,ACC,performance_defended_max_acc
adult,non-IID,Median,4242,70,0.8273457732917192,0.8273457732917192,ACC,performance_defended_max_acc
adult,non-IID,Median,5050,70,0.8086858357128628,0.8086858357128628,ACC,performance_defended_max_acc
adult,non-IID,Median,6060,70,0.8153927883657613,0.8153927883657613,ACC,performance_defended_max_acc
adult,non-IID,Median,7070,70,0.8217677136596055,0.8217677136596055,ACC,performance_defended_max_acc
adult,non-IID,SmartFL,123,70,0.8279434225380171,0.8279434225380171,ACC,performance_defended_max_acc
adult,non-IID,SmartFL,456,66,0.8228966066803904,0.8228966066803904,ACC,performance_defended_max_acc
adult,non-IID,SmartFL,789,61,0.8321933727339133,0.8321933727339133,ACC,performance_defended_max_acc
adult,non-IID,SmartFL,1001,70,0.8195763330898466,0.8195763330898466,ACC,performance_defended_max_acc
adult,non-IID,SmartFL,2024,69,0.8266817185736105,0.8266817185736105,ACC,performance_defended_max_acc
adult,non-IID,SmartFL,3141,67,0.8256192310246364,0.8256192310246364,ACC,performance_defended_max_acc
adult,non-IID,SmartFL,4242,67,0.8159904376120592,0.8159904376120592,ACC,performance_defended_max_acc
adult,non-IID,SmartFL,5050,69,0.8233614449830666,0.8233614449830666,ACC,performance_defended_max_acc
adult,non-IID,SmartFL,6060,68,0.8151935719503287,0.8151935719503287,ACC,performance_defended_max_acc
adult,non-IID,SmartFL,7070,67,0.8134670296832459,0.8134670296832459,ACC,performance_defended_max_acc
compas,IID,AdaAggRL,123,70,0.6609071274298056,0.6609071274298056,ACC,performance_defended_max_acc
compas,IID,AdaAggRL,456,70,0.6711663066954644,0.6711663066954644,ACC,performance_defended_max_acc
compas,IID,AdaAggRL,789,68,0.6803455723542117,0.6803455723542117,ACC,performance_defended_max_acc
compas,IID,AdaAggRL,1001,65,0.6943844492440605,0.6943844492440605,ACC,performance_defended_max_acc
compas,IID,AdaAggRL,2024,70,0.7095032397408207,0.7095032397408207,ACC,performance_defended_max_acc
compas,IID,AdaAggRL,3141,69,0.6727861771058316,0.6727861771058316,ACC,performance_defended_max_acc
compas,IID,AdaAggRL,4242,61,0.6754859611231101,0.6754859611231101,ACC,performance_defended_max_acc
compas,IID,AdaAggRL,5050,66,0.6825053995680346,0.6825053995680346,ACC,performance_defended_max_acc
compas,IID,AdaAggRL,6060,66,0.6884449244060475,0.6884449244060475,ACC,performance_defended_max_acc
compas,IID,AdaAggRL,7070,69,0.6663066954643628,0.6663066954643628,ACC,performance_defended_max_acc
compas,IID,FLAURA,123,65,0.6636069114470843,0.6636069114470843,ACC,performance_defended_max_acc
compas,IID,FLAURA,456,63,0.6781857451403888,0.6781857451403888,ACC,performance_defended_max_acc
compas,IID,FLAURA,789,67,0.6862850971922246,0.6862850971922246,ACC,performance_defended_max_acc
compas,IID,FLAURA,1001,70,0.6879049676025918,0.6879049676025918,ACC,performance_defended_max_acc
compas,IID,FLAURA,2024,69,0.7095032397408207,0.7095032397408207,ACC,performance_defended_max_acc
compas,IID,FLAURA,3141,68,0.6771058315334774,0.6771058315334774,ACC,performance_defended_max_acc
compas,IID,FLAURA,4242,67,0.6765658747300216,0.6765658747300216,ACC,performance_defended_max_acc
compas,IID,FLAURA,5050,63,0.6900647948164147,0.6900647948164147,ACC,performance_defended_max_acc
compas,IID,FLAURA,6060,68,0.6889848812095032,0.6889848812095032,ACC,performance_defended_max_acc
compas,IID,FLAURA,7070,65,0.6690064794816415,0.6690064794816415,ACC,performance_defended_max_acc
compas,IID,FLGMM,123,61,0.66792656587473,0.66792656587473,ACC,performance_defended_max_acc
compas,IID,FLGMM,456,66,0.6744060475161987,0.6744060475161987,ACC,performance_defended_max_acc
compas,IID,FLGMM,789,69,0.6862850971922246,0.6862850971922246,ACC,performance_defended_max_acc
compas,IID,FLGMM,1001,69,0.6906047516198704,0.6906047516198704,ACC,performance_defended_max_acc
compas,IID,FLGMM,2024,68,0.708963282937365,0.708963282937365,ACC,performance_defended_max_acc
compas,IID,FLGMM,3141,63,0.6765658747300216,0.6765658747300216,ACC,performance_defended_max_acc
compas,IID,FLGMM,4242,67,0.6744060475161987,0.6744060475161987,ACC,performance_defended_max_acc
compas,IID,FLGMM,5050,62,0.6868250539956804,0.6868250539956804,ACC,performance_defended_max_acc
compas,IID,FLGMM,6060,66,0.687365010799136,0.687365010799136,ACC,performance_defended_max_acc
compas,IID,FLGMM,7070,62,0.6706263498920086,0.6706263498920086,ACC,performance_defended_max_acc
compas,IID,FLTG,123,61,0.6668466522678186,0.6668466522678186,ACC,performance_defended_max_acc
compas,IID,FLTG,456,61,0.6803455723542117,0.6803455723542117,ACC,performance_defended_max_acc
compas,IID,FLTG,789,68,0.683585313174946,0.683585313174946,ACC,performance_defended_max_acc
compas,IID,FLTG,1001,70,0.6830453563714903,0.6830453563714903,ACC,performance_defended_max_acc
compas,IID,FLTG,2024,67,0.6960043196544277,0.6960043196544277,ACC,performance_defended_max_acc
compas,IID,FLTG,3141,62,0.673866090712743,0.673866090712743,ACC,performance_defended_max_acc
compas,IID,FLTG,4242,67,0.6711663066954644,0.6711663066954644,ACC,performance_defended_max_acc
compas,IID,FLTG,5050,65,0.6911447084233261,0.6911447084233261,ACC,performance_defended_max_acc
compas,IID,FLTG,6060,63,0.6949244060475162,0.6949244060475162,ACC,performance_defended_max_acc
compas,IID,FLTG,7070,67,0.6636069114470843,0.6636069114470843,ACC,performance_defended_max_acc
compas,IID,FLTrust,123,61,0.6636069114470843,0.6636069114470843,ACC,performance_defended_max_acc
compas,IID,FLTrust,456,62,0.677645788336933,0.677645788336933,ACC,performance_defended_max_acc
compas,IID,FLTrust,789,70,0.6846652267818575,0.6846652267818575,ACC,performance_defended_max_acc
compas,IID,FLTrust,1001,66,0.6852051835853131,0.6852051835853131,ACC,performance_defended_max_acc
compas,IID,FLTrust,2024,68,0.6981641468682506,0.6981641468682506,ACC,performance_defended_max_acc
compas,IID,FLTrust,3141,68,0.6733261339092873,0.6733261339092873,ACC,performance_defended_max_acc
compas,IID,FLTrust,4242,66,0.6684665226781857,0.6684665226781857,ACC,performance_defended_max_acc
compas,IID,FLTrust,5050,66,0.6911447084233261,0.6911447084233261,ACC,performance_defended_max_acc
compas,IID,FLTrust,6060,68,0.6949244060475162,0.6949244060475162,ACC,performance_defended_max_acc
compas,IID,FLTrust,7070,68,0.6646868250539957,0.6646868250539957,ACC,performance_defended_max_acc
compas,IID,FLTrust+FairGuard,123,65,0.5971922246220303,0.5971922246220303,ACC,performance_defended_max_acc
compas,IID,FLTrust+FairGuard,456,70,0.6868250539956804,0.6868250539956804,ACC,performance_defended_max_acc
compas,IID,FLTrust+FairGuard,789,61,0.5593952483801296,0.5593952483801296,ACC,performance_defended_max_acc
compas,IID,FLTrust+FairGuard,1001,68,0.5847732181425486,0.5847732181425486,ACC,performance_defended_max_acc
compas,IID,FLTrust+FairGuard,2024,67,0.6339092872570194,0.6339092872570194,ACC,performance_defended_max_acc
compas,IID,FLTrust+FairGuard,3141,62,0.6236501079913607,0.6236501079913607,ACC,performance_defended_max_acc
compas,IID,FLTrust+FairGuard,4242,65,0.5907127429805615,0.5907127429805615,ACC,performance_defended_max_acc
compas,IID,FLTrust+FairGuard,5050,61,0.6592872570194385,0.6592872570194385,ACC,performance_defended_max_acc
compas,IID,FLTrust+FairGuard,6060,66,0.5777537796976242,0.5777537796976242,ACC,performance_defended_max_acc
compas,IID,FLTrust+FairGuard,7070,66,0.531317494600432,0.531317494600432,ACC,performance_defended_max_acc
compas,IID,FairFed,123,69,0.5334773218142549,0.5334773218142549,ACC,unprotected_min_acc
compas,IID,FairFed,456,61,0.5707343412526998,0.5707343412526998,ACC,unprotected_min_acc
compas,IID,FairFed,789,61,0.531317494600432,0.531317494600432,ACC,unprotected_min_acc
compas,IID,FairFed,1001,69,0.6025917926565875,0.6025917926565875,ACC,unprotected_min_acc
compas,IID,FairFed,2024,61,0.6711663066954644,0.6711663066954644,ACC,unprotected_min_acc
compas,IID,FairFed,3141,68,0.5826133909287257,0.5826133909287257,ACC,unprotected_min_acc
compas,IID,FairFed,4242,68,0.6306695464362851,0.6306695464362851,ACC,unprotected_min_acc
compas,IID,FairFed,5050,61,0.5934125269978402,0.5934125269978402,ACC,unprotected_min_acc
compas,IID,FairFed,6060,62,0.5550755939524838,0.5550755939524838,ACC,unprotected_min_acc
compas,IID,FairFed,7070,63,0.6009719222462203,0.6009719222462203,ACC,unprotected_min_acc
compas,IID,FairGuard,123,62,0.5647948164146869,0.5647948164146869,ACC,performance_defended_max_acc
compas,IID,FairGuard,456,63,0.5113390928725702,0.5113390928725702,ACC,performance_defended_max_acc
compas,IID,FairGuard,789,69,0.5118790496760259,0.5118790496760259,ACC,performance_defended_max_acc
compas,IID,FairGuard,1001,65,0.4919006479481641,0.4919006479481641,ACC,performance_defended_max_acc
compas,IID,FairGuard,2024,70,0.4325053995680346,0.4325053995680346,ACC,performance_defended_max_acc
compas,IID,FairGuard,3141,64,0.5199784017278618,0.5199784017278618,ACC,performance_defended_max_acc
compas,IID,FairGuard,4242,67,0.5259179265658748,0.5259179265658748,ACC,performance_defended_max_acc
compas,IID,FairGuard,5050,70,0.5512958963282938,0.5512958963282938,ACC,performance_defended_max_acc
compas,IID,FairGuard,6060,67,0.531317494600432,0.531317494600432,ACC,performance_defended_max_acc
compas,IID,FairGuard,7070,69,0.5280777537796977,0.5280777537796977,ACC,performance_defended_max_acc
compas,IID,Fed-NGA,123,64,0.6587473002159827,0.6587473002159827,ACC,performance_defended_max_acc
compas,IID,Fed-NGA,456,63,0.6727861771058316,0.6727861771058316,ACC,performance_defended_max_acc
compas,IID,Fed-NGA,789,69,0.6771058315334774,0.6771058315334774,ACC,performance_defended_max_acc
compas,IID,Fed-NGA,1001,64,0.6808855291576674,0.6808855291576674,ACC,performance_defended_max_acc
compas,IID,Fed-NGA,2024,61,0.7035637149028078,0.7035637149028078,ACC,performance_defended_max_acc
compas,IID,Fed-NGA,3141,64,0.6690064794816415,0.6690064794816415,ACC,performance_defended_max_acc
compas,IID,Fed-NGA,4242,67,0.6798056155507559,0.6798056155507559,ACC,performance_defended_max_acc
compas,IID,Fed-NGA,5050,67,0.6868250539956804,0.6868250539956804,ACC,performance_defended_max_acc
compas,IID,Fed-NGA,6060,66,0.6900647948164147,0.6900647948164147,ACC,performance_defended_max_acc
compas,IID,Fed-NGA,7070,62,0.6695464362850972,0.6695464362850972,ACC,performance_defended_max_acc
compas,IID,FedAA,123,65,0.658207343412527,0.658207343412527,ACC,performance_defended_max_acc
compas,IID,FedAA,456,62,0.6862850971922246,0.6862850971922246,ACC,performance_defended_max_acc
compas,IID,FedAA,789,69,0.6841252699784017,0.6841252699784017,ACC,performance_defended_max_acc
compas,IID,FedAA,1001,62,0.683585313174946,0.683585313174946,ACC,performance_defended_max_acc
compas,IID,FedAA,2024,69,0.6733261339092873,0.6733261339092873,ACC,performance_defended_max_acc
compas,IID,FedAA,3141,66,0.6609071274298056,0.6609071274298056,ACC,performance_defended_max_acc
compas,IID,FedAA,4242,69,0.6695464362850972,0.6695464362850972,ACC,performance_defended_max_acc
compas,IID,FedAA,5050,61,0.693304535637149,0.693304535637149,ACC,performance_defended_max_acc
compas,IID,FedAA,6060,64,0.6781857451403888,0.6781857451403888,ACC,performance_defended_max_acc
compas,IID,FedAA,7070,69,0.6652267818574514,0.6652267818574514,ACC,performance_defended_max_acc
compas,IID,FedAMM,123,62,0.6636069114470843,0.6636069114470843,ACC,performance_defended_max_acc
compas,IID,FedAMM,456,67,0.66792656587473,0.66792656587473,ACC,performance_defended_max_acc
compas,IID,FedAMM,789,70,0.6825053995680346,0.6825053995680346,ACC,performance_defended_max_acc
compas,IID,FedAMM,1001,67,0.6884449244060475,0.6884449244060475,ACC,performance_defended_max_acc
compas,IID,FedAMM,2024,68,0.7051835853131749,0.7051835853131749,ACC,performance_defended_max_acc
compas,IID,FedAMM,3141,70,0.6700863930885529,0.6700863930885529,ACC,performance_defended_max_acc
compas,IID,FedAMM,4242,64,0.6663066954643628,0.6663066954643628,ACC,performance_defended_max_acc
compas,IID,FedAMM,5050,65,0.6830453563714903,0.6830453563714903,ACC,performance_defended_max_acc
compas,IID,FedAMM,6060,67,0.6889848812095032,0.6889848812095032,ACC,performance_defended_max_acc
compas,IID,FedAMM,7070,70,0.6695464362850972,0.6695464362850972,ACC,performance_defended_max_acc
compas,IID,FedAvg,123,64,0.5205183585313174,0.5205183585313174,ACC,unprotected_min_acc
compas,IID,FedAvg,456,61,0.57829373650108,0.57829373650108,ACC,unprotected_min_acc
compas,IID,FedAvg,789,61,0.6058315334773218,0.6058315334773218,ACC,unprotected_min_acc
compas,IID,FedAvg,1001,63,0.6247300215982722,0.6247300215982722,ACC,unprotected_min_acc
compas,IID,FedAvg,2024,61,0.6781857451403888,0.6781857451403888,ACC,unprotected_min_acc
compas,IID,FedAvg,3141,67,0.5842332613390929,0.5842332613390929,ACC,unprotected_min_acc
compas,IID,FedAvg,4242,64,0.6301295896328294,0.6301295896328294,ACC,unprotected_min_acc
compas,IID,FedAvg,5050,62,0.5955723542116631,0.5955723542116631,ACC,unprotected_min_acc
compas,IID,FedAvg,6060,70,0.6409287257019438,0.6409287257019438,ACC,unprotected_min_acc
compas,IID,FedAvg,7070,62,0.6220302375809935,0.6220302375809935,ACC,unprotected_min_acc
compas,IID,FedDNA,123,63,0.6711663066954644,0.6711663066954644,ACC,performance_defended_max_acc
compas,IID,FedDNA,456,61,0.673866090712743,0.673866090712743,ACC,performance_defended_max_acc
compas,IID,FedDNA,789,69,0.6825053995680346,0.6825053995680346,ACC,performance_defended_max_acc
compas,IID,FedDNA,1001,68,0.6841252699784017,0.6841252699784017,ACC,performance_defended_max_acc
compas,IID,FedDNA,2024,68,0.7014038876889849,0.7014038876889849,ACC,performance_defended_max_acc
compas,IID,FedDNA,3141,70,0.6652267818574514,0.6652267818574514,ACC,performance_defended_max_acc
compas,IID,FedDNA,4242,70,0.6641468682505399,0.6641468682505399,ACC,performance_defended_max_acc
compas,IID,FedDNA,5050,70,0.6862850971922246,0.6862850971922246,ACC,performance_defended_max_acc
compas,IID,FedDNA,6060,69,0.6916846652267818,0.6916846652267818,ACC,performance_defended_max_acc
compas,IID,FedDNA,7070,69,0.6603671706263499,0.6603671706263499,ACC,performance_defended_max_acc
compas,IID,GuardFed,123,65,0.6657667386609071,0.6657667386609071,ACC,performance_defended_max_acc
compas,IID,GuardFed,456,70,0.6808855291576674,0.6808855291576674,ACC,performance_defended_max_acc
compas,IID,GuardFed,789,62,0.683585313174946,0.683585313174946,ACC,performance_defended_max_acc
compas,IID,GuardFed,1001,69,0.6846652267818575,0.6846652267818575,ACC,performance_defended_max_acc
compas,IID,GuardFed,2024,67,0.6976241900647948,0.6976241900647948,ACC,performance_defended_max_acc
compas,IID,GuardFed,3141,62,0.6663066954643628,0.6663066954643628,ACC,performance_defended_max_acc
compas,IID,GuardFed,4242,70,0.6641468682505399,0.6641468682505399,ACC,performance_defended_max_acc
compas,IID,GuardFed,5050,65,0.6916846652267818,0.6916846652267818,ACC,performance_defended_max_acc
compas,IID,GuardFed,6060,69,0.6884449244060475,0.6884449244060475,ACC,performance_defended_max_acc
compas,IID,GuardFed,7070,65,0.6700863930885529,0.6700863930885529,ACC,performance_defended_max_acc
compas,IID,GuardFed-AD2,123,69,0.6533477321814255,0.6533477321814255,ACC,performance_defended_max_acc
compas,IID,GuardFed-AD2,456,61,0.6609071274298056,0.6609071274298056,ACC,performance_defended_max_acc
compas,IID,GuardFed-AD2,789,68,0.6587473002159827,0.6587473002159827,ACC,performance_defended_max_acc
compas,IID,GuardFed-AD2,1001,68,0.6706263498920086,0.6706263498920086,ACC,performance_defended_max_acc
compas,IID,GuardFed-AD2,2024,70,0.6857451403887689,0.6857451403887689,ACC,performance_defended_max_acc
compas,IID,GuardFed-AD2,3141,63,0.6592872570194385,0.6592872570194385,ACC,performance_defended_max_acc
compas,IID,GuardFed-AD2,4242,70,0.6652267818574514,0.6652267818574514,ACC,performance_defended_max_acc
compas,IID,GuardFed-AD2,5050,61,0.6787257019438445,0.6787257019438445,ACC,performance_defended_max_acc
compas,IID,GuardFed-AD2,6060,66,0.6727861771058316,0.6727861771058316,ACC,performance_defended_max_acc
compas,IID,GuardFed-AD2,7070,69,0.6587473002159827,0.6587473002159827,ACC,performance_defended_max_acc
compas,IID,GuardFed-AD2+,123,70,0.652267818574514,0.652267818574514,ACC,performance_defended_max_acc
compas,IID,GuardFed-AD2+,456,69,0.6609071274298056,0.6609071274298056,ACC,performance_defended_max_acc
compas,IID,GuardFed-AD2+,789,66,0.6652267818574514,0.6652267818574514,ACC,performance_defended_max_acc
compas,IID,GuardFed-AD2+,1001,68,0.6668466522678186,0.6668466522678186,ACC,performance_defended_max_acc
compas,IID,GuardFed-AD2+,2024,70,0.6819654427645788,0.6819654427645788,ACC,performance_defended_max_acc
compas,IID,GuardFed-AD2+,3141,62,0.658207343412527,0.658207343412527,ACC,performance_defended_max_acc
compas,IID,GuardFed-AD2+,4242,65,0.6652267818574514,0.6652267818574514,ACC,performance_defended_max_acc
compas,IID,GuardFed-AD2+,5050,66,0.6819654427645788,0.6819654427645788,ACC,performance_defended_max_acc
compas,IID,GuardFed-AD2+,6060,68,0.673866090712743,0.673866090712743,ACC,performance_defended_max_acc
compas,IID,GuardFed-AD2+,7070,64,0.646328293736501,0.646328293736501,ACC,performance_defended_max_acc
compas,IID,Huber-BRFL,123,70,0.6517278617710583,0.6517278617710583,ACC,performance_defended_max_acc
compas,IID,Huber-BRFL,456,70,0.6668466522678186,0.6668466522678186,ACC,performance_defended_max_acc
compas,IID,Huber-BRFL,789,70,0.6787257019438445,0.6787257019438445,ACC,performance_defended_max_acc
compas,IID,Huber-BRFL,1001,69,0.6754859611231101,0.6754859611231101,ACC,performance_defended_max_acc
compas,IID,Huber-BRFL,2024,70,0.7068034557235421,0.7068034557235421,ACC,performance_defended_max_acc
compas,IID,Huber-BRFL,3141,70,0.6733261339092873,0.6733261339092873,ACC,performance_defended_max_acc
compas,IID,Huber-BRFL,4242,63,0.6744060475161987,0.6744060475161987,ACC,performance_defended_max_acc
compas,IID,Huber-BRFL,5050,70,0.6700863930885529,0.6700863930885529,ACC,performance_defended_max_acc
compas,IID,Huber-BRFL,6060,61,0.6868250539956804,0.6868250539956804,ACC,performance_defended_max_acc
compas,IID,Huber-BRFL,7070,65,0.6641468682505399,0.6641468682505399,ACC,performance_defended_max_acc
compas,IID,LASA,123,70,0.6625269978401728,0.6625269978401728,ACC,performance_defended_max_acc
compas,IID,LASA,456,64,0.6722462203023758,0.6722462203023758,ACC,performance_defended_max_acc
compas,IID,LASA,789,65,0.6808855291576674,0.6808855291576674,ACC,performance_defended_max_acc
compas,IID,LASA,1001,68,0.6889848812095032,0.6889848812095032,ACC,performance_defended_max_acc
compas,IID,LASA,2024,70,0.7051835853131749,0.7051835853131749,ACC,performance_defended_max_acc
compas,IID,LASA,3141,70,0.6700863930885529,0.6700863930885529,ACC,performance_defended_max_acc
compas,IID,LASA,4242,62,0.6657667386609071,0.6657667386609071,ACC,performance_defended_max_acc
compas,IID,LASA,5050,63,0.6868250539956804,0.6868250539956804,ACC,performance_defended_max_acc
compas,IID,LASA,6060,70,0.6895248380129589,0.6895248380129589,ACC,performance_defended_max_acc
compas,IID,LASA,7070,66,0.6700863930885529,0.6700863930885529,ACC,performance_defended_max_acc
compas,IID,LayerGuard,123,68,0.652267818574514,0.652267818574514,ACC,performance_defended_max_acc
compas,IID,LayerGuard,456,69,0.6630669546436285,0.6630669546436285,ACC,performance_defended_max_acc
compas,IID,LayerGuard,789,69,0.6803455723542117,0.6803455723542117,ACC,performance_defended_max_acc
compas,IID,LayerGuard,1001,68,0.677645788336933,0.677645788336933,ACC,performance_defended_max_acc
compas,IID,LayerGuard,2024,70,0.7068034557235421,0.7068034557235421,ACC,performance_defended_max_acc
compas,IID,LayerGuard,3141,64,0.6733261339092873,0.6733261339092873,ACC,performance_defended_max_acc
compas,IID,LayerGuard,4242,69,0.6744060475161987,0.6744060475161987,ACC,performance_defended_max_acc
compas,IID,LayerGuard,5050,70,0.6587473002159827,0.6587473002159827,ACC,performance_defended_max_acc
compas,IID,LayerGuard,6060,62,0.6819654427645788,0.6819654427645788,ACC,performance_defended_max_acc
compas,IID,LayerGuard,7070,61,0.6603671706263499,0.6603671706263499,ACC,performance_defended_max_acc
compas,IID,LoGoFair,123,70,0.5539956803455723,0.5539956803455723,ACC,performance_defended_max_acc
compas,IID,LoGoFair,456,64,0.5383369330453563,0.5383369330453563,ACC,performance_defended_max_acc
compas,IID,LoGoFair,789,68,0.6236501079913607,0.6236501079913607,ACC,performance_defended_max_acc
compas,IID,LoGoFair,1001,70,0.5404967602591793,0.5404967602591793,ACC,performance_defended_max_acc
compas,IID,LoGoFair,2024,63,0.6760259179265659,0.6760259179265659,ACC,performance_defended_max_acc
compas,IID,LoGoFair,3141,70,0.5869330453563715,0.5869330453563715,ACC,performance_defended_max_acc
compas,IID,LoGoFair,4242,70,0.6339092872570194,0.6339092872570194,ACC,performance_defended_max_acc
compas,IID,LoGoFair,5050,69,0.5907127429805615,0.5907127429805615,ACC,performance_defended_max_acc
compas,IID,LoGoFair,6060,70,0.6468682505399568,0.6468682505399568,ACC,performance_defended_max_acc
compas,IID,LoGoFair,7070,64,0.6295896328293736,0.6295896328293736,ACC,performance_defended_max_acc
compas,IID,Median,123,61,0.661987041036717,0.661987041036717,ACC,performance_defended_max_acc
compas,IID,Median,456,65,0.6711663066954644,0.6711663066954644,ACC,performance_defended_max_acc
compas,IID,Median,789,66,0.6841252699784017,0.6841252699784017,ACC,performance_defended_max_acc
compas,IID,Median,1001,62,0.6889848812095032,0.6889848812095032,ACC,performance_defended_max_acc
compas,IID,Median,2024,67,0.7122030237580994,0.7122030237580994,ACC,performance_defended_max_acc
compas,IID,Median,3141,64,0.6695464362850972,0.6695464362850972,ACC,performance_defended_max_acc
compas,IID,Median,4242,62,0.6760259179265659,0.6760259179265659,ACC,performance_defended_max_acc
compas,IID,Median,5050,70,0.6841252699784017,0.6841252699784017,ACC,performance_defended_max_acc
compas,IID,Median,6060,61,0.6900647948164147,0.6900647948164147,ACC,performance_defended_max_acc
compas,IID,Median,7070,70,0.66792656587473,0.66792656587473,ACC,performance_defended_max_acc
compas,IID,SmartFL,123,61,0.652267818574514,0.652267818574514,ACC,performance_defended_max_acc
compas,IID,SmartFL,456,65,0.6598272138228942,0.6598272138228942,ACC,performance_defended_max_acc
compas,IID,SmartFL,789,63,0.6695464362850972,0.6695464362850972,ACC,performance_defended_max_acc
compas,IID,SmartFL,1001,63,0.6814254859611231,0.6814254859611231,ACC,performance_defended_max_acc
compas,IID,SmartFL,2024,64,0.6997840172786177,0.6997840172786177,ACC,performance_defended_max_acc
compas,IID,SmartFL,3141,61,0.6727861771058316,0.6727861771058316,ACC,performance_defended_max_acc
compas,IID,SmartFL,4242,70,0.67170626349892,0.67170626349892,ACC,performance_defended_max_acc
compas,IID,SmartFL,5050,63,0.6603671706263499,0.6603671706263499,ACC,performance_defended_max_acc
compas,IID,SmartFL,6060,64,0.6744060475161987,0.6744060475161987,ACC,performance_defended_max_acc
compas,IID,SmartFL,7070,62,0.6501079913606912,0.6501079913606912,ACC,performance_defended_max_acc
compas,non-IID,AdaAggRL,123,70,0.6641468682505399,0.6641468682505399,ACC,performance_defended_max_acc
compas,non-IID,AdaAggRL,456,68,0.6727861771058316,0.6727861771058316,ACC,performance_defended_max_acc
compas,non-IID,AdaAggRL,789,61,0.683585313174946,0.683585313174946,ACC,performance_defended_max_acc
compas,non-IID,AdaAggRL,1001,66,0.683585313174946,0.683585313174946,ACC,performance_defended_max_acc
compas,non-IID,AdaAggRL,3141,61,0.6652267818574514,0.6652267818574514,ACC,performance_defended_max_acc
compas,non-IID,AdaAggRL,4242,69,0.6706263498920086,0.6706263498920086,ACC,performance_defended_max_acc
compas,non-IID,AdaAggRL,2024,70,0.7084233261339092,0.7084233261339092,ACC,performance_defended_max_acc
compas,non-IID,AdaAggRL,5050,61,0.6781857451403888,0.6781857451403888,ACC,performance_defended_max_acc
compas,non-IID,AdaAggRL,6060,69,0.6868250539956804,0.6868250539956804,ACC,performance_defended_max_acc
compas,non-IID,AdaAggRL,7070,70,0.6657667386609071,0.6657667386609071,ACC,performance_defended_max_acc
compas,non-IID,FLAURA,123,67,0.6641468682505399,0.6641468682505399,ACC,performance_defended_max_acc
compas,non-IID,FLAURA,456,66,0.6798056155507559,0.6798056155507559,ACC,performance_defended_max_acc
compas,non-IID,FLAURA,789,65,0.6868250539956804,0.6868250539956804,ACC,performance_defended_max_acc
compas,non-IID,FLAURA,1001,65,0.6852051835853131,0.6852051835853131,ACC,performance_defended_max_acc
compas,non-IID,FLAURA,3141,69,0.6733261339092873,0.6733261339092873,ACC,performance_defended_max_acc
compas,non-IID,FLAURA,4242,67,0.6695464362850972,0.6695464362850972,ACC,performance_defended_max_acc
compas,non-IID,FLAURA,2024,61,0.7095032397408207,0.7095032397408207,ACC,performance_defended_max_acc
compas,non-IID,FLAURA,5050,66,0.673866090712743,0.673866090712743,ACC,performance_defended_max_acc
compas,non-IID,FLAURA,6060,69,0.6830453563714903,0.6830453563714903,ACC,performance_defended_max_acc
compas,non-IID,FLAURA,7070,68,0.67170626349892,0.67170626349892,ACC,performance_defended_max_acc
compas,non-IID,FLGMM,123,61,0.6673866090712743,0.6673866090712743,ACC,performance_defended_max_acc
compas,non-IID,FLGMM,456,68,0.6787257019438445,0.6787257019438445,ACC,performance_defended_max_acc
compas,non-IID,FLGMM,789,70,0.6852051835853131,0.6852051835853131,ACC,performance_defended_max_acc
compas,non-IID,FLGMM,1001,67,0.6814254859611231,0.6814254859611231,ACC,performance_defended_max_acc
compas,non-IID,FLGMM,3141,70,0.6706263498920086,0.6706263498920086,ACC,performance_defended_max_acc
compas,non-IID,FLGMM,4242,68,0.6771058315334774,0.6771058315334774,ACC,performance_defended_max_acc
compas,non-IID,FLGMM,2024,62,0.7073434125269978,0.7073434125269978,ACC,performance_defended_max_acc
compas,non-IID,FLGMM,5050,64,0.6695464362850972,0.6695464362850972,ACC,performance_defended_max_acc
compas,non-IID,FLGMM,6060,70,0.6879049676025918,0.6879049676025918,ACC,performance_defended_max_acc
compas,non-IID,FLGMM,7070,62,0.6706263498920086,0.6706263498920086,ACC,performance_defended_max_acc
compas,non-IID,FLTG,123,70,0.6706263498920086,0.6706263498920086,ACC,performance_defended_max_acc
compas,non-IID,FLTG,456,69,0.677645788336933,0.677645788336933,ACC,performance_defended_max_acc
compas,non-IID,FLTG,789,65,0.6825053995680346,0.6825053995680346,ACC,performance_defended_max_acc
compas,non-IID,FLTG,1001,70,0.6884449244060475,0.6884449244060475,ACC,performance_defended_max_acc
compas,non-IID,FLTG,3141,69,0.6695464362850972,0.6695464362850972,ACC,performance_defended_max_acc
compas,non-IID,FLTG,4242,70,0.6727861771058316,0.6727861771058316,ACC,performance_defended_max_acc
compas,non-IID,FLTG,2024,61,0.6960043196544277,0.6960043196544277,ACC,performance_defended_max_acc
compas,non-IID,FLTG,5050,70,0.6916846652267818,0.6916846652267818,ACC,performance_defended_max_acc
compas,non-IID,FLTG,6060,66,0.6943844492440605,0.6943844492440605,ACC,performance_defended_max_acc
compas,non-IID,FLTG,7070,66,0.6695464362850972,0.6695464362850972,ACC,performance_defended_max_acc
compas,non-IID,FLTrust,123,69,0.6690064794816415,0.6690064794816415,ACC,performance_defended_max_acc
compas,non-IID,FLTrust,456,70,0.6749460043196545,0.6749460043196545,ACC,performance_defended_max_acc
compas,non-IID,FLTrust,789,63,0.6825053995680346,0.6825053995680346,ACC,performance_defended_max_acc
compas,non-IID,FLTrust,1001,67,0.6884449244060475,0.6884449244060475,ACC,performance_defended_max_acc
compas,non-IID,FLTrust,3141,64,0.6690064794816415,0.6690064794816415,ACC,performance_defended_max_acc
compas,non-IID,FLTrust,4242,67,0.67170626349892,0.67170626349892,ACC,performance_defended_max_acc
compas,non-IID,FLTrust,2024,62,0.6965442764578834,0.6965442764578834,ACC,performance_defended_max_acc
compas,non-IID,FLTrust,5050,63,0.6927645788336934,0.6927645788336934,ACC,performance_defended_max_acc
compas,non-IID,FLTrust,6060,63,0.6938444924406048,0.6938444924406048,ACC,performance_defended_max_acc
compas,non-IID,FLTrust,7070,67,0.6668466522678186,0.6668466522678186,ACC,performance_defended_max_acc
compas,non-IID,FLTrust+FairGuard,123,67,0.6155507559395248,0.6155507559395248,ACC,performance_defended_max_acc
compas,non-IID,FLTrust+FairGuard,456,65,0.6819654427645788,0.6819654427645788,ACC,performance_defended_max_acc
compas,non-IID,FLTrust+FairGuard,789,68,0.5577753779697624,0.5577753779697624,ACC,performance_defended_max_acc
compas,non-IID,FLTrust+FairGuard,1001,62,0.5502159827213823,0.5502159827213823,ACC,performance_defended_max_acc
compas,non-IID,FLTrust+FairGuard,3141,62,0.5831533477321814,0.5831533477321814,ACC,performance_defended_max_acc
compas,non-IID,FLTrust+FairGuard,4242,67,0.6711663066954644,0.6711663066954644,ACC,performance_defended_max_acc
compas,non-IID,FLTrust+FairGuard,2024,66,0.6965442764578834,0.6965442764578834,ACC,performance_defended_max_acc
compas,non-IID,FLTrust+FairGuard,5050,67,0.6825053995680346,0.6825053995680346,ACC,performance_defended_max_acc
compas,non-IID,FLTrust+FairGuard,6060,62,0.4978401727861771,0.4978401727861771,ACC,performance_defended_max_acc
compas,non-IID,FLTrust+FairGuard,7070,64,0.5291576673866091,0.5291576673866091,ACC,performance_defended_max_acc
compas,non-IID,FairFed,123,61,0.5188984881209503,0.5188984881209503,ACC,unprotected_min_acc
compas,non-IID,FairFed,456,61,0.6155507559395248,0.6155507559395248,ACC,unprotected_min_acc
compas,non-IID,FairFed,789,61,0.5750539956803455,0.5750539956803455,ACC,unprotected_min_acc
compas,non-IID,FairFed,1001,70,0.4897408207343413,0.4897408207343413,ACC,unprotected_min_acc
compas,non-IID,FairFed,3141,65,0.5523758099352052,0.5523758099352052,ACC,unprotected_min_acc
compas,non-IID,FairFed,4242,61,0.4265658747300216,0.4265658747300216,ACC,unprotected_min_acc
compas,non-IID,FairFed,2024,61,0.6544276457883369,0.6544276457883369,ACC,unprotected_min_acc
compas,non-IID,FairFed,5050,62,0.6495680345572354,0.6495680345572354,ACC,unprotected_min_acc
compas,non-IID,FairFed,6060,61,0.5480561555075594,0.5480561555075594,ACC,unprotected_min_acc
compas,non-IID,FairFed,7070,61,0.6344492440604752,0.6344492440604752,ACC,unprotected_min_acc
compas,non-IID,FairGuard,123,61,0.4222462203023758,0.4222462203023758,ACC,performance_defended_max_acc
compas,non-IID,FairGuard,456,61,0.4994600431965443,0.4994600431965443,ACC,performance_defended_max_acc
compas,non-IID,FairGuard,789,70,0.5221382289416847,0.5221382289416847,ACC,performance_defended_max_acc
compas,non-IID,FairGuard,1001,68,0.5502159827213823,0.5502159827213823,ACC,performance_defended_max_acc
compas,non-IID,FairGuard,3141,68,0.5102591792656588,0.5102591792656588,ACC,performance_defended_max_acc
compas,non-IID,FairGuard,4242,61,0.44924406047516197,0.44924406047516197,ACC,performance_defended_max_acc
compas,non-IID,FairGuard,2024,69,0.6668466522678186,0.6668466522678186,ACC,performance_defended_max_acc
compas,non-IID,FairGuard,5050,67,0.6128509719222462,0.6128509719222462,ACC,performance_defended_max_acc
compas,non-IID,FairGuard,6060,62,0.5118790496760259,0.5118790496760259,ACC,performance_defended_max_acc
compas,non-IID,FairGuard,7070,69,0.5286177105831533,0.5286177105831533,ACC,performance_defended_max_acc
compas,non-IID,Fed-NGA,123,69,0.6636069114470843,0.6636069114470843,ACC,performance_defended_max_acc
compas,non-IID,Fed-NGA,456,70,0.6771058315334774,0.6771058315334774,ACC,performance_defended_max_acc
compas,non-IID,Fed-NGA,789,64,0.6792656587473002,0.6792656587473002,ACC,performance_defended_max_acc
compas,non-IID,Fed-NGA,1001,66,0.6765658747300216,0.6765658747300216,ACC,performance_defended_max_acc
compas,non-IID,Fed-NGA,3141,64,0.6636069114470843,0.6636069114470843,ACC,performance_defended_max_acc
compas,non-IID,Fed-NGA,4242,67,0.6706263498920086,0.6706263498920086,ACC,performance_defended_max_acc
compas,non-IID,Fed-NGA,2024,70,0.699244060475162,0.699244060475162,ACC,performance_defended_max_acc
compas,non-IID,Fed-NGA,5050,62,0.6911447084233261,0.6911447084233261,ACC,performance_defended_max_acc
compas,non-IID,Fed-NGA,6060,68,0.6960043196544277,0.6960043196544277,ACC,performance_defended_max_acc
compas,non-IID,Fed-NGA,7070,70,0.6706263498920086,0.6706263498920086,ACC,performance_defended_max_acc
compas,non-IID,FedAA,123,68,0.6673866090712743,0.6673866090712743,ACC,performance_defended_max_acc
compas,non-IID,FedAA,456,61,0.6819654427645788,0.6819654427645788,ACC,performance_defended_max_acc
compas,non-IID,FedAA,789,68,0.6868250539956804,0.6868250539956804,ACC,performance_defended_max_acc
compas,non-IID,FedAA,1001,66,0.6884449244060475,0.6884449244060475,ACC,performance_defended_max_acc
compas,non-IID,FedAA,3141,64,0.6636069114470843,0.6636069114470843,ACC,performance_defended_max_acc
compas,non-IID,FedAA,4242,70,0.6711663066954644,0.6711663066954644,ACC,performance_defended_max_acc
compas,non-IID,FedAA,2024,65,0.6841252699784017,0.6841252699784017,ACC,performance_defended_max_acc
compas,non-IID,FedAA,5050,68,0.693304535637149,0.693304535637149,ACC,performance_defended_max_acc
compas,non-IID,FedAA,6060,67,0.6868250539956804,0.6868250539956804,ACC,performance_defended_max_acc
compas,non-IID,FedAA,7070,61,0.6722462203023758,0.6722462203023758,ACC,performance_defended_max_acc
compas,non-IID,FedAMM,123,65,0.66792656587473,0.66792656587473,ACC,performance_defended_max_acc
compas,non-IID,FedAMM,456,66,0.6711663066954644,0.6711663066954644,ACC,performance_defended_max_acc
compas,non-IID,FedAMM,789,67,0.6814254859611231,0.6814254859611231,ACC,performance_defended_max_acc
compas,non-IID,FedAMM,1001,70,0.6841252699784017,0.6841252699784017,ACC,performance_defended_max_acc
compas,non-IID,FedAMM,3141,69,0.6663066954643628,0.6663066954643628,ACC,performance_defended_max_acc
compas,non-IID,FedAMM,4242,64,0.6765658747300216,0.6765658747300216,ACC,performance_defended_max_acc
compas,non-IID,FedAMM,2024,63,0.7073434125269978,0.7073434125269978,ACC,performance_defended_max_acc
compas,non-IID,FedAMM,5050,65,0.6808855291576674,0.6808855291576674,ACC,performance_defended_max_acc
compas,non-IID,FedAMM,6060,62,0.699244060475162,0.699244060475162,ACC,performance_defended_max_acc
compas,non-IID,FedAMM,7070,70,0.6700863930885529,0.6700863930885529,ACC,performance_defended_max_acc
compas,non-IID,FedAvg,123,64,0.4287257019438445,0.4287257019438445,ACC,unprotected_min_acc
compas,non-IID,FedAvg,456,63,0.6436285097192225,0.6436285097192225,ACC,unprotected_min_acc
compas,non-IID,FedAvg,789,63,0.6193304535637149,0.6193304535637149,ACC,unprotected_min_acc
compas,non-IID,FedAvg,1001,66,0.34773218142548595,0.34773218142548595,ACC,unprotected_min_acc
compas,non-IID,FedAvg,3141,69,0.4265658747300216,0.4265658747300216,ACC,unprotected_min_acc
compas,non-IID,FedAvg,4242,70,0.3941684665226782,0.3941684665226782,ACC,unprotected_min_acc
compas,non-IID,FedAvg,2024,62,0.6112311015118791,0.6112311015118791,ACC,unprotected_min_acc
compas,non-IID,FedAvg,5050,70,0.6722462203023758,0.6722462203023758,ACC,unprotected_min_acc
compas,non-IID,FedAvg,6060,63,0.67170626349892,0.67170626349892,ACC,unprotected_min_acc
compas,non-IID,FedAvg,7070,70,0.6555075593952484,0.6555075593952484,ACC,unprotected_min_acc
compas,non-IID,FedDNA,123,66,0.6700863930885529,0.6700863930885529,ACC,performance_defended_max_acc
compas,non-IID,FedDNA,456,61,0.6754859611231101,0.6754859611231101,ACC,performance_defended_max_acc
compas,non-IID,FedDNA,789,69,0.6819654427645788,0.6819654427645788,ACC,performance_defended_max_acc
compas,non-IID,FedDNA,1001,70,0.6884449244060475,0.6884449244060475,ACC,performance_defended_max_acc
compas,non-IID,FedDNA,3141,70,0.6657667386609071,0.6657667386609071,ACC,performance_defended_max_acc
compas,non-IID,FedDNA,4242,68,0.6603671706263499,0.6603671706263499,ACC,performance_defended_max_acc
compas,non-IID,FedDNA,2024,70,0.7008639308855291,0.7008639308855291,ACC,performance_defended_max_acc
compas,non-IID,FedDNA,5050,61,0.6798056155507559,0.6798056155507559,ACC,performance_defended_max_acc
compas,non-IID,FedDNA,6060,70,0.6879049676025918,0.6879049676025918,ACC,performance_defended_max_acc
compas,non-IID,FedDNA,7070,70,0.6641468682505399,0.6641468682505399,ACC,performance_defended_max_acc
compas,non-IID,GuardFed,123,66,0.6700863930885529,0.6700863930885529,ACC,performance_defended_max_acc
compas,non-IID,GuardFed,456,62,0.6814254859611231,0.6814254859611231,ACC,performance_defended_max_acc
compas,non-IID,GuardFed,789,70,0.6825053995680346,0.6825053995680346,ACC,performance_defended_max_acc
compas,non-IID,GuardFed,1001,61,0.6895248380129589,0.6895248380129589,ACC,performance_defended_max_acc
compas,non-IID,GuardFed,3141,69,0.6646868250539957,0.6646868250539957,ACC,performance_defended_max_acc
compas,non-IID,GuardFed,4242,70,0.6722462203023758,0.6722462203023758,ACC,performance_defended_max_acc
compas,non-IID,GuardFed,2024,61,0.7041036717062635,0.7041036717062635,ACC,performance_defended_max_acc
compas,non-IID,GuardFed,5050,67,0.6862850971922246,0.6862850971922246,ACC,performance_defended_max_acc
compas,non-IID,GuardFed,6060,68,0.693304535637149,0.693304535637149,ACC,performance_defended_max_acc
compas,non-IID,GuardFed,7070,70,0.6684665226781857,0.6684665226781857,ACC,performance_defended_max_acc
compas,non-IID,GuardFed-AD2,123,69,0.6436285097192225,0.6436285097192225,ACC,performance_defended_max_acc
compas,non-IID,GuardFed-AD2,456,68,0.6598272138228942,0.6598272138228942,ACC,performance_defended_max_acc
compas,non-IID,GuardFed-AD2,789,70,0.6673866090712743,0.6673866090712743,ACC,performance_defended_max_acc
compas,non-IID,GuardFed-AD2,1001,67,0.6684665226781857,0.6684665226781857,ACC,performance_defended_max_acc
compas,non-IID,GuardFed-AD2,3141,64,0.6555075593952484,0.6555075593952484,ACC,performance_defended_max_acc
compas,non-IID,GuardFed-AD2,4242,64,0.6571274298056156,0.6571274298056156,ACC,performance_defended_max_acc
compas,non-IID,GuardFed-AD2,2024,64,0.6965442764578834,0.6965442764578834,ACC,performance_defended_max_acc
compas,non-IID,GuardFed-AD2,5050,64,0.6695464362850972,0.6695464362850972,ACC,performance_defended_max_acc
compas,non-IID,GuardFed-AD2,6060,70,0.6754859611231101,0.6754859611231101,ACC,performance_defended_max_acc
compas,non-IID,GuardFed-AD2,7070,70,0.646328293736501,0.646328293736501,ACC,performance_defended_max_acc
compas,non-IID,GuardFed-AD2+,123,65,0.6576673866090713,0.6576673866090713,ACC,performance_defended_max_acc
compas,non-IID,GuardFed-AD2+,456,70,0.6571274298056156,0.6571274298056156,ACC,performance_defended_max_acc
compas,non-IID,GuardFed-AD2+,789,70,0.6668466522678186,0.6668466522678186,ACC,performance_defended_max_acc
compas,non-IID,GuardFed-AD2+,1001,67,0.6722462203023758,0.6722462203023758,ACC,performance_defended_max_acc
compas,non-IID,GuardFed-AD2+,3141,62,0.658207343412527,0.658207343412527,ACC,performance_defended_max_acc
compas,non-IID,GuardFed-AD2+,4242,63,0.6625269978401728,0.6625269978401728,ACC,performance_defended_max_acc
compas,non-IID,GuardFed-AD2+,2024,66,0.6943844492440605,0.6943844492440605,ACC,performance_defended_max_acc
compas,non-IID,GuardFed-AD2+,5050,68,0.6841252699784017,0.6841252699784017,ACC,performance_defended_max_acc
compas,non-IID,GuardFed-AD2+,6060,62,0.6754859611231101,0.6754859611231101,ACC,performance_defended_max_acc
compas,non-IID,GuardFed-AD2+,7070,62,0.6501079913606912,0.6501079913606912,ACC,performance_defended_max_acc
compas,non-IID,Huber-BRFL,123,61,0.6468682505399568,0.6468682505399568,ACC,performance_defended_max_acc
compas,non-IID,Huber-BRFL,456,67,0.6695464362850972,0.6695464362850972,ACC,performance_defended_max_acc
compas,non-IID,Huber-BRFL,789,70,0.6744060475161987,0.6744060475161987,ACC,performance_defended_max_acc
compas,non-IID,Huber-BRFL,1001,69,0.6754859611231101,0.6754859611231101,ACC,performance_defended_max_acc
compas,non-IID,Huber-BRFL,3141,64,0.6668466522678186,0.6668466522678186,ACC,performance_defended_max_acc
compas,non-IID,Huber-BRFL,4242,68,0.6700863930885529,0.6700863930885529,ACC,performance_defended_max_acc
compas,non-IID,Huber-BRFL,2024,70,0.7019438444924406,0.7019438444924406,ACC,performance_defended_max_acc
compas,non-IID,Huber-BRFL,5050,61,0.6765658747300216,0.6765658747300216,ACC,performance_defended_max_acc
compas,non-IID,Huber-BRFL,6060,64,0.6911447084233261,0.6911447084233261,ACC,performance_defended_max_acc
compas,non-IID,Huber-BRFL,7070,63,0.6668466522678186,0.6668466522678186,ACC,performance_defended_max_acc
compas,non-IID,LASA,123,68,0.6684665226781857,0.6684665226781857,ACC,performance_defended_max_acc
compas,non-IID,LASA,456,68,0.6722462203023758,0.6722462203023758,ACC,performance_defended_max_acc
compas,non-IID,LASA,789,65,0.6825053995680346,0.6825053995680346,ACC,performance_defended_max_acc
compas,non-IID,LASA,1001,70,0.6862850971922246,0.6862850971922246,ACC,performance_defended_max_acc
compas,non-IID,LASA,3141,62,0.6657667386609071,0.6657667386609071,ACC,performance_defended_max_acc
compas,non-IID,LASA,4242,70,0.6744060475161987,0.6744060475161987,ACC,performance_defended_max_acc
compas,non-IID,LASA,2024,65,0.7078833693304536,0.7078833693304536,ACC,performance_defended_max_acc
compas,non-IID,LASA,5050,70,0.6825053995680346,0.6825053995680346,ACC,performance_defended_max_acc
compas,non-IID,LASA,6060,62,0.6949244060475162,0.6949244060475162,ACC,performance_defended_max_acc
compas,non-IID,LASA,7070,70,0.6695464362850972,0.6695464362850972,ACC,performance_defended_max_acc
compas,non-IID,LayerGuard,123,61,0.652267818574514,0.652267818574514,ACC,performance_defended_max_acc
compas,non-IID,LayerGuard,456,70,0.6673866090712743,0.6673866090712743,ACC,performance_defended_max_acc
compas,non-IID,LayerGuard,789,70,0.6733261339092873,0.6733261339092873,ACC,performance_defended_max_acc
compas,non-IID,LayerGuard,1001,69,0.6792656587473002,0.6792656587473002,ACC,performance_defended_max_acc
compas,non-IID,LayerGuard,3141,64,0.67170626349892,0.67170626349892,ACC,performance_defended_max_acc
compas,non-IID,LayerGuard,4242,70,0.6636069114470843,0.6636069114470843,ACC,performance_defended_max_acc
compas,non-IID,LayerGuard,2024,70,0.7068034557235421,0.7068034557235421,ACC,performance_defended_max_acc
compas,non-IID,LayerGuard,5050,68,0.6598272138228942,0.6598272138228942,ACC,performance_defended_max_acc
compas,non-IID,LayerGuard,6060,69,0.6787257019438445,0.6787257019438445,ACC,performance_defended_max_acc
compas,non-IID,LayerGuard,7070,70,0.6630669546436285,0.6630669546436285,ACC,performance_defended_max_acc
compas,non-IID,LoGoFair,123,61,0.5512958963282938,0.5512958963282938,ACC,performance_defended_max_acc
compas,non-IID,LoGoFair,456,70,0.6339092872570194,0.6339092872570194,ACC,performance_defended_max_acc
compas,non-IID,LoGoFair,789,69,0.6177105831533477,0.6177105831533477,ACC,performance_defended_max_acc
compas,non-IID,LoGoFair,1001,62,0.531317494600432,0.531317494600432,ACC,performance_defended_max_acc
compas,non-IID,LoGoFair,3141,70,0.5388768898488121,0.5388768898488121,ACC,performance_defended_max_acc
compas,non-IID,LoGoFair,4242,70,0.5480561555075594,0.5480561555075594,ACC,performance_defended_max_acc
compas,non-IID,LoGoFair,2024,62,0.5485961123110151,0.5485961123110151,ACC,performance_defended_max_acc
compas,non-IID,LoGoFair,5050,65,0.6695464362850972,0.6695464362850972,ACC,performance_defended_max_acc
compas,non-IID,LoGoFair,6060,69,0.6490280777537797,0.6490280777537797,ACC,performance_defended_max_acc
compas,non-IID,LoGoFair,7070,66,0.6517278617710583,0.6517278617710583,ACC,performance_defended_max_acc
compas,non-IID,Median,123,61,0.6576673866090713,0.6576673866090713,ACC,performance_defended_max_acc
compas,non-IID,Median,456,70,0.673866090712743,0.673866090712743,ACC,performance_defended_max_acc
compas,non-IID,Median,789,69,0.6852051835853131,0.6852051835853131,ACC,performance_defended_max_acc
compas,non-IID,Median,1001,66,0.6814254859611231,0.6814254859611231,ACC,performance_defended_max_acc
compas,non-IID,Median,3141,66,0.6722462203023758,0.6722462203023758,ACC,performance_defended_max_acc
compas,non-IID,Median,4242,68,0.677645788336933,0.677645788336933,ACC,performance_defended_max_acc
compas,non-IID,Median,2024,69,0.699244060475162,0.699244060475162,ACC,performance_defended_max_acc
compas,non-IID,Median,5050,69,0.6798056155507559,0.6798056155507559,ACC,performance_defended_max_acc
compas,non-IID,Median,6060,69,0.6814254859611231,0.6814254859611231,ACC,performance_defended_max_acc
compas,non-IID,Median,7070,70,0.6614470842332614,0.6614470842332614,ACC,performance_defended_max_acc
compas,non-IID,SmartFL,123,70,0.6528077753779697,0.6528077753779697,ACC,performance_defended_max_acc
compas,non-IID,SmartFL,456,65,0.6609071274298056,0.6609071274298056,ACC,performance_defended_max_acc
compas,non-IID,SmartFL,789,64,0.6614470842332614,0.6614470842332614,ACC,performance_defended_max_acc
compas,non-IID,SmartFL,1001,68,0.6733261339092873,0.6733261339092873,ACC,performance_defended_max_acc
compas,non-IID,SmartFL,3141,61,0.6646868250539957,0.6646868250539957,ACC,performance_defended_max_acc
compas,non-IID,SmartFL,4242,66,0.6673866090712743,0.6673866090712743,ACC,performance_defended_max_acc
compas,non-IID,SmartFL,2024,63,0.6943844492440605,0.6943844492440605,ACC,performance_defended_max_acc
compas,non-IID,SmartFL,5050,61,0.6603671706263499,0.6603671706263499,ACC,performance_defended_max_acc
compas,non-IID,SmartFL,6060,64,0.6744060475161987,0.6744060475161987,ACC,performance_defended_max_acc
compas,non-IID,SmartFL,7070,63,0.6614470842332614,0.6614470842332614,ACC,performance_defended_max_acc
