id,variant,distribution,attack,seed,accuracy_pct,aeod,aspd
minus_U_IID_Benign_seed91001,minus_U,IID,Benign,91001,87.5522222781497,0.012503073307005619,0.04283559288826688
minus_U_IID_Benign_seed91002,minus_U,IID,Benign,91002,89.26863643227463,0.021314972303109747,0.05132777674389766
minus_U_IID_Benign_seed91003,minus_U,IID,Benign,91003,82.93652791060553,0.011020436931732935,0.005473105253635868
minus_U_IID_Benign_seed91004,minus_U,IID,Benign,91004,86.95827251220616,0.0011709564885731272,0.057543223842004665
minus_U_IID_Benign_seed91005,minus_U,IID,Benign,91005,87.13947752554488,0.0012617590088853659,0.045556362693671415
minus_U_IID_Benign_seed91006,minus_U,IID,Benign,91006,87.49685407962954,0.022334308383934354,0.017019052611636276
minus_U_IID_Benign_seed91007,minus_U,IID,Benign,91007,88.91629335078271,0.018101194835759893,0.04706109875256431
minus_U_IID_Benign_seed91008,minus_U,IID,Benign,91008,86.98343987516988,0.0007874266325300638,0.047768320451421376
minus_U_IID_Benign_seed91009,minus_U,IID,Benign,91009,88.41797956410127,0.008466887135437418,0.05598839312867149
minus_U_IID_Benign_seed91010,minus_U,IID,Benign,91010,85.84587506921025,0.016795024625351207,0.027616030629326715
minus_U_IID_F Flip_seed91001,minus_U,IID,F Flip,91001,88.16127246187145,0.01368058304081421,0.06859677411565884
minus_U_IID_F Flip_seed91002,minus_U,IID,F Flip,91002,89.66628076710123,0.00547766439511066,0.06887705132376626
minus_U_IID_F Flip_seed91003,minus_U,IID,F Flip,91003,88.1210046811295,0.028713586173878425,0.036875147685445586
minus_U_IID_F Flip_seed91004,minus_U,IID,F Flip,91004,88.81562389892788,0.013771291269828012,0.063030744003445
minus_U_IID_F Flip_seed91005,minus_U,IID,F Flip,91005,88.6495193033674,0.00262327821142605,0.06212727851659966
minus_U_IID_F Flip_seed91006,minus_U,IID,F Flip,91006,88.30724316706096,0.0028443441604102393,0.05162589900681391
minus_U_IID_F Flip_seed91007,minus_U,IID,F Flip,91007,89.48004228116979,0.01680195503577997,0.06786473307518315
minus_U_IID_F Flip_seed91008,minus_U,IID,F Flip,91008,87.66799214778275,0.028844745369884794,0.011726822843850515
minus_U_IID_F Flip_seed91009,minus_U,IID,F Flip,91009,87.87939799667791,0.0023597811781839173,0.059848137547278246
minus_U_IID_F Flip_seed91010,minus_U,IID,F Flip,91010,84.07409271656516,0.012465215350717651,0.024698042915636542
minus_U_IID_FedSA_seed91001,minus_U,IID,FedSA,91001,87.36598379221824,0.006389932706657664,0.04581281540642135
minus_U_IID_FedSA_seed91002,minus_U,IID,FedSA,91002,89.80218452710525,0.0087985567773875,0.0681717571395401
minus_U_IID_FedSA_seed91003,minus_U,IID,FedSA,91003,87.94483314038355,0.020596331172726856,0.052739556855266934
minus_U_IID_FedSA_seed91004,minus_U,IID,FedSA,91004,84.86434791362562,0.02662621255663078,0.011608311782994374
minus_U_IID_FedSA_seed91005,minus_U,IID,FedSA,91005,88.56395026929079,0.0041187382032745745,0.06870922283211128
minus_U_IID_FedSA_seed91006,minus_U,IID,FedSA,91006,89.19816781597623,0.007164017120470989,0.0637500074872544
minus_U_IID_FedSA_seed91007,minus_U,IID,FedSA,91007,88.45321387225047,0.012330237357128015,0.04779890161096906
minus_U_IID_FedSA_seed91008,minus_U,IID,FedSA,91008,88.93139376856092,0.019048020908152496,0.046357493734385635
minus_U_IID_FedSA_seed91009,minus_U,IID,FedSA,91009,88.63945235818191,0.0007295317753425179,0.06258335334943282
minus_U_IID_FedSA_seed91010,minus_U,IID,FedSA,91010,87.66799214778275,0.0002725489978838702,0.050881101135635654
minus_U_IID_S-DFA_seed91001,minus_U,IID,S-DFA,91001,86.26365329440782,0.011162203898803735,0.02389909846410032
minus_U_IID_S-DFA_seed91002,minus_U,IID,S-DFA,91002,89.73171591080687,0.010390759641344172,0.08413273893756346
minus_U_IID_S-DFA_seed91003,minus_U,IID,S-DFA,91003,87.78376201741581,0.003185631514792009,0.06530771910955208
minus_U_IID_S-DFA_seed91004,minus_U,IID,S-DFA,91004,86.04218050032718,0.0015797564125744623,0.042087437410957385
minus_U_IID_S-DFA_seed91005,minus_U,IID,S-DFA,91005,87.78376201741581,0.01212892543514843,0.07019758537962328
minus_U_IID_S-DFA_seed91006,minus_U,IID,S-DFA,91006,88.38274525595207,0.004865902451408721,0.04802189225520681
minus_U_IID_S-DFA_seed91007,minus_U,IID,S-DFA,91007,88.63945235818191,0.0065801182554318105,0.06380417479357614
minus_U_IID_S-DFA_seed91008,minus_U,IID,S-DFA,91008,89.0219962752303,0.026792259533026996,0.046972236182885985
minus_U_IID_S-DFA_seed91009,minus_U,IID,S-DFA,91009,86.48009261589571,0.03793673666774078,0.006271075584874719
minus_U_IID_S-DFA_seed91010,minus_U,IID,S-DFA,91010,87.4565862988876,0.004447060504133238,0.05444129319982577
minus_U_IID_Sp-DFA_seed91001,minus_U,IID,Sp-DFA,91001,87.16464488850858,0.012833847181621283,0.07135557606458759
minus_U_IID_Sp-DFA_seed91002,minus_U,IID,Sp-DFA,91002,89.61091256858107,0.006324305963005261,0.06926232626434958
minus_U_IID_Sp-DFA_seed91003,minus_U,IID,Sp-DFA,91003,88.10087079075855,0.011386004295440122,0.06805064497023039
minus_U_IID_Sp-DFA_seed91004,minus_U,IID,Sp-DFA,91004,87.54215533296421,0.035465927485748394,0.018314528977291245
minus_U_IID_Sp-DFA_seed91005,minus_U,IID,Sp-DFA,91005,88.41294609150853,0.005735975406943594,0.06544786807658765
minus_U_IID_Sp-DFA_seed91006,minus_U,IID,Sp-DFA,91006,88.17133940705692,0.0021283431863812208,0.047789761460944935
minus_U_IID_Sp-DFA_seed91007,minus_U,IID,Sp-DFA,91007,88.28207580409725,0.02316633480058461,0.07773789826001598
minus_U_IID_Sp-DFA_seed91008,minus_U,IID,Sp-DFA,91008,89.3743393567222,0.023011744216937857,0.0534075339417191
minus_U_IID_Sp-DFA_seed91009,minus_U,IID,Sp-DFA,91009,88.50858207077063,0.005125156376225126,0.054174964565337824
minus_U_IID_Sp-DFA_seed91010,minus_U,IID,Sp-DFA,91010,74.80746967332763,0.005881419734650173,0.0011865510630439946
minus_U_non-IID_Benign_seed91001,minus_U,non-IID,Benign,91001,87.70322645593195,0.019237357835241498,0.07040589167852762
minus_U_non-IID_Benign_seed91002,minus_U,non-IID,Benign,91002,84.7536115165853,0.014362403419191039,0.036303484152648335
minus_U_non-IID_Benign_seed91003,minus_U,non-IID,Benign,91003,87.7334272914884,0.018100299068425474,0.07078898002993289
minus_U_non-IID_Benign_seed91004,minus_U,non-IID,Benign,91004,87.7334272914884,0.001355201685551255,0.06684375137374277
minus_U_non-IID_Benign_seed91005,minus_U,non-IID,Benign,91005,88.06060301001662,0.019130997250701554,0.043534389482850044
minus_U_non-IID_Benign_seed91006,minus_U,non-IID,Benign,91006,88.76528917300045,0.01635944597261818,0.040832418126588
minus_U_non-IID_Benign_seed91007,minus_U,non-IID,Benign,91007,88.6746866663311,0.014141007450662713,0.05217755162158799
minus_U_non-IID_Benign_seed91008,minus_U,non-IID,Benign,91008,88.77535611818594,0.020122753126758375,0.044343707279254796
minus_U_non-IID_Benign_seed91009,minus_U,non-IID,Benign,91009,87.59752353148437,0.0027779159407218534,0.06402476122601619
minus_U_non-IID_Benign_seed91010,minus_U,non-IID,Benign,91010,83.10766597875875,0.004392654424984599,0.024724551423302654
minus_U_non-IID_F Flip_seed91001,minus_U,non-IID,F Flip,91001,86.11264911662556,0.005224539404687145,0.04802429646700451
minus_U_non-IID_F Flip_seed91002,minus_U,non-IID,F Flip,91002,85.694870891428,0.011922568928707022,0.0417753665744216
minus_U_non-IID_F Flip_seed91003,minus_U,non-IID,F Flip,91003,86.48512608848846,0.030296312762350786,0.02040223458221979
minus_U_non-IID_F Flip_seed91004,minus_U,non-IID,F Flip,91004,88.10590426335129,0.014890906146448946,0.04781936850019525
minus_U_non-IID_F Flip_seed91005,minus_U,non-IID,F Flip,91005,88.38777872854482,0.011784243594025967,0.046826563746504735
minus_U_non-IID_F Flip_seed91006,minus_U,non-IID,F Flip,91006,89.27870337746012,0.0006293472708444048,0.07025465432087324
minus_U_non-IID_F Flip_seed91007,minus_U,non-IID,F Flip,91007,89.68641465747218,0.008048658081601157,0.0733327604676946
minus_U_non-IID_F Flip_seed91008,minus_U,non-IID,F Flip,91008,89.18810087079075,0.02620133596626073,0.05091865658199307
minus_U_non-IID_F Flip_seed91009,minus_U,non-IID,F Flip,91009,85.51869935068204,0.0010614842911875755,0.05063331187574299
minus_U_non-IID_F Flip_seed91010,minus_U,non-IID,F Flip,91010,86.00694619217798,0.012824465197435408,0.027557034173445738
minus_U_non-IID_FedSA_seed91001,minus_U,non-IID,FedSA,91001,87.50188755222229,0.002905822086935128,0.050627550057814
minus_U_non-IID_FedSA_seed91002,minus_U,non-IID,FedSA,91002,88.07066995520209,0.0010406459142519031,0.06856112545796866
minus_U_non-IID_FedSA_seed91003,minus_U,non-IID,FedSA,91003,87.18981225147229,0.012202425502213177,0.03495479387500516
minus_U_non-IID_FedSA_seed91004,minus_U,non-IID,FedSA,91004,87.6126239492626,0.02143260069780273,0.044958688076338515
minus_U_non-IID_FedSA_seed91005,minus_U,non-IID,FedSA,91005,87.85423063371421,0.008832313062197228,0.0668676173210278
minus_U_non-IID_FedSA_seed91006,minus_U,non-IID,FedSA,91006,89.08743141893592,0.021681246851554592,0.04710372169706428
minus_U_non-IID_FedSA_seed91007,minus_U,non-IID,FedSA,91007,88.24180802335532,0.014856348385603346,0.050302224967445186
minus_U_non-IID_FedSA_seed91008,minus_U,non-IID,FedSA,91008,88.28710927668999,0.009924159151453837,0.0671245260049807
minus_U_non-IID_FedSA_seed91009,minus_U,non-IID,FedSA,91009,85.4431972617909,0.006258773510651294,0.033891189229064866
minus_U_non-IID_FedSA_seed91010,minus_U,non-IID,FedSA,91010,88.8307243167061,0.012160041563604285,0.07662300721671839
minus_U_non-IID_S-DFA_seed91001,minus_U,non-IID,S-DFA,91001,86.93813862183521,0.0059234265080656545,0.04867468757319504
minus_U_non-IID_S-DFA_seed91002,minus_U,non-IID,S-DFA,91002,88.11597120853676,0.012050475074920297,0.061825062875838166
minus_U_non-IID_S-DFA_seed91003,minus_U,non-IID,S-DFA,91003,86.55056123219408,0.007240110198240446,0.038252989031136
minus_U_non-IID_S-DFA_seed91004,minus_U,non-IID,S-DFA,91004,87.54718880555696,0.023094767705136077,0.039744232487612496
minus_U_non-IID_S-DFA_seed91005,minus_U,non-IID,S-DFA,91005,88.10590426335129,0.002041925211442419,0.05589690872457581
minus_U_non-IID_S-DFA_seed91006,minus_U,non-IID,S-DFA,91006,89.49010922635526,0.004437489937350492,0.06647341985304006
minus_U_non-IID_S-DFA_seed91007,minus_U,non-IID,S-DFA,91007,88.75018875522223,0.0009464017615500309,0.0697208053089805
minus_U_non-IID_S-DFA_seed91008,minus_U,non-IID,S-DFA,91008,87.72839381889565,0.005539000884688061,0.05196131764154033
minus_U_non-IID_S-DFA_seed91009,minus_U,non-IID,S-DFA,91009,88.51361554336337,0.005121714743835271,0.061456420521183
minus_U_non-IID_S-DFA_seed91010,minus_U,non-IID,S-DFA,91010,85.88110937735945,0.02171146721267614,0.0657960642679804
minus_U_non-IID_Sp-DFA_seed91001,minus_U,non-IID,Sp-DFA,91001,87.97000050334725,0.014780349599132436,0.05085485170251669
minus_U_non-IID_Sp-DFA_seed91002,minus_U,non-IID,Sp-DFA,91002,87.84919716112147,0.005370690917131382,0.06260187199806438
minus_U_non-IID_Sp-DFA_seed91003,minus_U,non-IID,Sp-DFA,91003,88.31731011224645,0.011690046586973146,0.073406441268909
minus_U_non-IID_Sp-DFA_seed91004,minus_U,non-IID,Sp-DFA,91004,89.10756530930689,0.008956636139073049,0.08074689368063498
minus_U_non-IID_Sp-DFA_seed91005,minus_U,non-IID,Sp-DFA,91005,87.72336034630291,0.018422681017488007,0.044159246201671776
minus_U_non-IID_Sp-DFA_seed91006,minus_U,non-IID,Sp-DFA,91006,89.41460713746415,0.010287934980492297,0.06357880066350446
minus_U_non-IID_Sp-DFA_seed91007,minus_U,non-IID,Sp-DFA,91007,88.26194191372629,0.030918258166274692,0.026541835015898185
minus_U_non-IID_Sp-DFA_seed91008,minus_U,non-IID,Sp-DFA,91008,89.22836865153269,0.011652895815422837,0.05681891358601643
minus_U_non-IID_Sp-DFA_seed91009,minus_U,non-IID,Sp-DFA,91009,88.60421805003271,0.004423581970843693,0.060652170222920854
minus_U_non-IID_Sp-DFA_seed91010,minus_U,non-IID,Sp-DFA,91010,85.76030603513364,0.0048695326663952265,0.034402167139933715
minus_C_IID_Benign_seed91001,minus_C,IID,Benign,91001,85.1411889062264,0.00046353602269399996,0.038354131734350094
minus_C_IID_Benign_seed91002,minus_C,IID,Benign,91002,89.68641465747218,0.017890406638295997,0.055910380601028487
minus_C_IID_Benign_seed91003,minus_C,IID,Benign,91003,88.74515528262948,0.00862223204947088,0.04862363952442117
minus_C_IID_Benign_seed91004,minus_C,IID,Benign,91004,88.8659586248553,0.03312307159561856,0.04260417713975523
minus_C_IID_Benign_seed91005,minus_C,IID,Benign,91005,88.01530175668194,5.129446630303125e-05,0.06251374520009995
minus_C_IID_Benign_seed91006,minus_C,IID,Benign,91006,89.08743141893592,0.016918499080541993,0.08387990290549202
minus_C_IID_Benign_seed91007,minus_C,IID,Benign,91007,87.21497961443599,0.007176935028345155,0.05816062957684981
minus_C_IID_Benign_seed91008,minus_C,IID,Benign,91008,89.3139376856093,0.002557604322124596,0.0693576864236709
minus_C_IID_Benign_seed91009,minus_C,IID,Benign,91009,87.9146323048271,0.012111717273199374,0.07163178062081355
minus_C_IID_Benign_seed91010,minus_C,IID,Benign,91010,87.76866159963758,0.027572284298636562,0.08014947813784928
minus_C_IID_F Flip_seed91001,minus_C,IID,F Flip,91001,87.8290632707505,0.01523563513322057,0.06705350849011121
minus_C_IID_F Flip_seed91002,minus_C,IID,F Flip,91002,89.53541047968994,0.0018449035435377237,0.0697208053089805
minus_C_IID_F Flip_seed91003,minus_C,IID,F Flip,91003,89.21326823375448,0.009209808275145837,0.06322049020179027
minus_C_IID_F Flip_seed91004,minus_C,IID,F Flip,91004,88.79045653596415,0.022828536224241636,0.04097616304833829
minus_C_IID_F Flip_seed91005,minus_C,IID,F Flip,91005,88.92132682337545,0.0004971980162054024,0.06701545562062339
minus_C_IID_F Flip_seed91006,minus_C,IID,F Flip,91006,88.80555695374238,0.022171090146488548,0.08860313242682527
minus_C_IID_F Flip_seed91007,minus_C,IID,F Flip,91007,90.14949413600442,0.005559792115974571,0.08523294563552763
minus_C_IID_F Flip_seed91008,minus_C,IID,F Flip,91008,88.96159460411738,0.0012376204365074361,0.0655222639235522
minus_C_IID_F Flip_seed91009,minus_C,IID,F Flip,91009,89.40454019227865,0.025377890057760477,0.097691519356361
minus_C_IID_F Flip_seed91010,minus_C,IID,F Flip,91010,87.47672018925857,0.01676291843826261,0.07161490968630202
GuardFed-AD2+_IID_Benign_seed91001,Full,IID,Benign,91001,87.41631851814566,0.009585511953425718,0.06449647379851642
GuardFed-AD2+_IID_F-Flip_seed91001,Full,IID,F Flip,91001,88.19650677002063,0.0035831164829911444,0.06299728193493292
GuardFed-AD2+_IID_FedSA_seed91001,Full,IID,FedSA,91001,87.10424321739568,0.0117324776712312,0.03943144660532655
GuardFed-AD2+_IID_S-DFA_seed91001,Full,IID,S-DFA,91001,87.29048170332713,0.016178925281925105,0.06804533912350441
GuardFed-AD2+_IID_Sp-DFA_seed91001,Full,IID,Sp-DFA,91001,86.90290431368601,0.011244143037070775,0.05943394988723105
GuardFed-AD2+_non-IID_F-Flip_seed91001,Full,non-IID,F Flip,91001,87.8894649418634,0.006641313308061614,0.06848142376427818
GuardFed-AD2+_non-IID_FedSA_seed91001,Full,non-IID,FedSA,91001,88.579050687069,0.003565766884094601,0.0677438592544568
GuardFed-AD2+_non-IID_Sp-DFA_seed91001,Full,non-IID,Sp-DFA,91001,87.24014697739972,0.015540714629035612,0.04415370200636243
GuardFed-AD2+_IID_Benign_seed91002,Full,IID,Benign,91002,89.01192933004481,0.017752175594913266,0.05102389266305235
GuardFed-AD2+_IID_F-Flip_seed91002,Full,IID,F Flip,91002,89.183067398198,0.0031718649852328085,0.06684665300867104
GuardFed-AD2+_IID_FedSA_seed91002,Full,IID,FedSA,91002,89.66124729450848,0.00043930315901785644,0.07517991017408754
GuardFed-AD2+_IID_S-DFA_seed91002,Full,IID,S-DFA,91002,89.50017617154074,0.007288434488645357,0.0688871655940877
GuardFed-AD2+_IID_Sp-DFA_seed91002,Full,IID,Sp-DFA,91002,89.29883726783108,0.018947836403654383,0.05299722203689755
GuardFed-AD2+_non-IID_F-Flip_seed91002,Full,non-IID,F Flip,91002,89.00186238485931,0.009617570994865154,0.06514662655612352
GuardFed-AD2+_non-IID_FedSA_seed91002,Full,non-IID,FedSA,91002,89.41460713746415,0.01817634500054577,0.09323871184736093
GuardFed-AD2+_non-IID_Sp-DFA_seed91002,Full,non-IID,Sp-DFA,91002,88.14113857150048,0.003645254448604529,0.07125781169346856
GuardFed-AD2+_IID_Benign_seed91003,Full,IID,Benign,91003,88.84079126189158,0.0006639521773392776,0.0628311218833617
GuardFed-AD2+_IID_F-Flip_seed91003,Full,IID,F Flip,91003,88.48341470780692,0.0023951875607147732,0.0625835916980162
GuardFed-AD2+_IID_FedSA_seed91003,Full,IID,FedSA,91003,87.90456535964162,0.010878905692907836,0.046894223655242984
GuardFed-AD2+_IID_S-DFA_seed91003,Full,IID,S-DFA,91003,88.55891679669804,0.001796484961834377,0.0645289824726949
GuardFed-AD2+_IID_Sp-DFA_seed91003,Full,IID,Sp-DFA,91003,88.79045653596415,0.022534818829877956,0.047964087542242906
GuardFed-AD2+_non-IID_F-Flip_seed91003,Full,non-IID,F Flip,91003,87.97000050334725,0.01367799003010961,0.04723254392489773
GuardFed-AD2+_non-IID_FedSA_seed91003,Full,non-IID,FedSA,91003,86.77706749886747,0.005587325175093083,0.04664740851564775
GuardFed-AD2+_non-IID_Sp-DFA_seed91003,Full,non-IID,Sp-DFA,91003,88.20657371520612,0.007322096482156648,0.06464095449198065
GuardFed-AD2+_IID_Benign_seed91004,Full,IID,Benign,91004,85.96667841143605,0.0010476706159791016,0.04812637183858842
GuardFed-AD2+_IID_F-Flip_seed91004,Full,IID,F Flip,91004,88.31731011224645,0.00858097960644233,0.06595087685438566
GuardFed-AD2+_IID_FedSA_seed91004,Full,IID,FedSA,91004,88.61428499521821,0.004696696716517623,0.06073932290058787
GuardFed-AD2+_IID_S-DFA_seed91004,Full,IID,S-DFA,91004,89.0723310011577,0.009510503225587441,0.06596075277612368
GuardFed-AD2+_IID_Sp-DFA_seed91004,Full,IID,Sp-DFA,91004,88.69985402929481,0.009434410147818095,0.06272469405938541
GuardFed-AD2+_non-IID_F-Flip_seed91004,Full,non-IID,F Flip,91004,88.97669502189561,0.004140330910596957,0.06671204823694482
GuardFed-AD2+_non-IID_FedSA_seed91004,Full,non-IID,FedSA,91004,88.42804650928676,0.0006881378953663697,0.06844674922688526
GuardFed-AD2+_non-IID_Sp-DFA_seed91004,Full,non-IID,Sp-DFA,91004,89.339105048573,0.006863369315678547,0.06542763953594483
GuardFed-AD2+_IID_Benign_seed91005,Full,IID,Benign,91005,87.62772436704083,0.004619755017063243,0.061073549792397375
GuardFed-AD2+_IID_F-Flip_seed91005,Full,IID,F Flip,91005,87.95993355816178,0.005462954952567989,0.0637336339758734
GuardFed-AD2+_IID_FedSA_seed91005,Full,IID,FedSA,91005,88.5538833241053,0.002415083024666864,0.07103724598699229
GuardFed-AD2+_IID_S-DFA_seed91005,Full,IID,S-DFA,91005,88.97669502189561,0.006825369922443092,0.060280605507373575
GuardFed-AD2+_IID_Sp-DFA_seed91005,Full,IID,Sp-DFA,91005,87.53208838777873,0.015087880668704479,0.04043388893217165
GuardFed-AD2+_non-IID_Benign_seed91005,Full,non-IID,Benign,91005,88.06060301001662,0.003987390424671555,0.061285452046016375
GuardFed-AD2+_non-IID_F-Flip_seed91005,Full,non-IID,F Flip,91005,88.40791261891579,0.00433730543285249,0.06438595259669488
GuardFed-AD2+_non-IID_FedSA_seed91005,Full,non-IID,FedSA,91005,88.0102682840892,0.008262039289769652,0.06508522588844484
GuardFed-AD2+_non-IID_S-DFA_seed91005,Full,non-IID,S-DFA,91005,88.62938541299643,0.0009498905395890489,0.06571683927145672
GuardFed-AD2+_non-IID_Sp-DFA_seed91005,Full,non-IID,Sp-DFA,91005,88.26194191372629,0.0010397972925667576,0.064804710331754
GuardFed-AD2+_IID_Benign_seed91006,Full,IID,Benign,91006,88.76025570040771,0.025752037929617666,0.036699609135266986
GuardFed-AD2+_IID_F-Flip_seed91006,Full,IID,F Flip,91006,89.30387074042382,0.011027461633460023,0.0606986274707188
GuardFed-AD2+_IID_FedSA_seed91006,Full,IID,FedSA,91006,88.99682891226657,0.0019115203458227592,0.07425957375273068
GuardFed-AD2+_IID_S-DFA_seed91006,Full,IID,S-DFA,91006,89.49010922635526,0.014351795648126608,0.05833592977844504
GuardFed-AD2+_IID_Sp-DFA_seed91006,Full,IID,Sp-DFA,91006,89.4347410278351,0.00794154316667428,0.06401512365286155
GuardFed-AD2+_non-IID_Benign_seed91006,Full,non-IID,Benign,91006,89.44480797302059,0.002070354037895239,0.06657527760200427
GuardFed-AD2+_non-IID_F-Flip_seed91006,Full,non-IID,F Flip,91006,89.60084562339557,0.004599906698760314,0.06992861418475427
GuardFed-AD2+_non-IID_FedSA_seed91006,Full,non-IID,FedSA,91006,89.29883726783108,0.014711186931791742,0.057084268100207
GuardFed-AD2+_non-IID_S-DFA_seed91006,Full,non-IID,S-DFA,91006,89.26360295968189,0.004879056087528699,0.06676599792064697
GuardFed-AD2+_non-IID_Sp-DFA_seed91006,Full,non-IID,Sp-DFA,91006,89.49010922635526,0.0034146179328377047,0.06758036248923055
GuardFed-AD2+_IID_Benign_seed91007,Full,IID,Benign,91007,88.23677455076258,0.010290480845547734,0.07034494698205201
GuardFed-AD2+_IID_F-Flip_seed91007,Full,IID,F Flip,91007,88.61428499521821,0.03198615426575013,0.03936088506166008
GuardFed-AD2+_IID_FedSA_seed91007,Full,IID,FedSA,91007,87.38611768258922,0.004703627126946497,0.04812927347351664
GuardFed-AD2+_IID_S-DFA_seed91007,Full,IID,S-DFA,91007,88.09080384557306,0.007589082293437799,0.050179900329254734
GuardFed-AD2+_IID_Sp-DFA_seed91007,Full,IID,Sp-DFA,91007,88.30724316706096,0.03203443141050588,0.029228406981076593
GuardFed-AD2+_non-IID_Benign_seed91007,Full,non-IID,Benign,91007,89.42970755524236,0.002557604322124596,0.07372405630075413
GuardFed-AD2+_non-IID_F-Flip_seed91007,Full,non-IID,F Flip,91007,88.75522222781497,0.020323263572701977,0.05801855309518328
GuardFed-AD2+_non-IID_FedSA_seed91007,Full,non-IID,FedSA,91007,89.02702974782302,0.008325214459664942,0.0647377447428023
GuardFed-AD2+_non-IID_S-DFA_seed91007,Full,non-IID,S-DFA,91007,88.1210046811295,0.019286530747331665,0.04613378804439777
GuardFed-AD2+_non-IID_Sp-DFA_seed91007,Full,non-IID,Sp-DFA,91007,86.89283736850054,0.018011288082782073,0.026603733106707383
GuardFed-AD2+_IID_Benign_seed91008,Full,IID,Benign,91008,89.38943977450042,0.00814459947767332,0.07651465187811113
GuardFed-AD2+_IID_F-Flip_seed91008,Full,IID,F Flip,91008,88.8307243167061,0.018896070480859617,0.050137992430504985
GuardFed-AD2+_IID_FedSA_seed91008,Full,IID,FedSA,91008,89.3743393567222,0.005324771054834421,0.07602342581071841
GuardFed-AD2+_IID_S-DFA_seed91008,Full,IID,S-DFA,91008,89.4095736648714,0.0034484213632965943,0.07206786526158726
GuardFed-AD2+_IID_Sp-DFA_seed91008,Full,IID,Sp-DFA,91008,88.54884985151256,0.019497366090444723,0.04719449105540985
GuardFed-AD2+_non-IID_Benign_seed91008,Full,non-IID,Benign,91008,89.64614687673026,0.007703080473144275,0.0685871365425042
GuardFed-AD2+_non-IID_F-Flip_seed91008,Full,non-IID,F Flip,91008,88.51864901595611,0.023433367757514922,0.045912248217624074
GuardFed-AD2+_non-IID_FedSA_seed91008,Full,non-IID,FedSA,91008,88.63945235818191,0.00973156917457163,0.04777241382926661
GuardFed-AD2+_non-IID_S-DFA_seed91008,Full,non-IID,S-DFA,91008,89.2535360144964,0.008783894480493881,0.07733408394483732
GuardFed-AD2+_non-IID_Sp-DFA_seed91008,Full,non-IID,Sp-DFA,91008,89.37937282931495,0.018115055656617418,0.05191531636494534
GuardFed-AD2+_IID_Benign_seed91009,Full,IID,Benign,91009,89.20823476116173,0.009851696288670997,0.07932764185932545
GuardFed-AD2+_IID_F-Flip_seed91009,Full,IID,F Flip,91009,87.39115115518196,0.0038699034669260612,0.057012514813623516
GuardFed-AD2+_IID_FedSA_seed91009,Full,IID,FedSA,91009,89.42467408264963,0.006776149864703762,0.07838805101762314
GuardFed-AD2+_IID_S-DFA_seed91009,Full,IID,S-DFA,91009,89.00186238485931,0.006575686564409322,0.07139241646519473
GuardFed-AD2+_IID_Sp-DFA_seed91009,Full,IID,Sp-DFA,91009,89.11259878189964,0.012132414213187337,0.08212666254095635
GuardFed-AD2+_non-IID_Benign_seed91009,Full,non-IID,Benign,91009,89.00689585745205,0.009931985329216908,0.05883293838973064
GuardFed-AD2+_non-IID_F-Flip_seed91009,Full,non-IID,F Flip,91009,88.40287914632304,0.00852209469062204,0.0533047227984213
GuardFed-AD2+_non-IID_FedSA_seed91009,Full,non-IID,FedSA,91009,89.01696280263755,0.0079587984742725,0.05862705702858784
GuardFed-AD2+_non-IID_S-DFA_seed91009,Full,non-IID,S-DFA,91009,88.21160718779886,0.0016479290212821907,0.06015997003523066
GuardFed-AD2+_non-IID_Sp-DFA_seed91009,Full,non-IID,Sp-DFA,91009,89.13776614486333,0.0016833354038131576,0.07494513681944465
GuardFed-AD2+_IID_Benign_seed91010,Full,IID,Benign,91010,88.12603815372225,0.009623558492310447,0.07496776957188506
GuardFed-AD2+_IID_F-Flip_seed91010,Full,IID,F Flip,91010,87.62772436704083,0.017809929015153325,0.07752309437146865
GuardFed-AD2+_IID_FedSA_seed91010,Full,IID,FedSA,91010,87.67805909296824,0.011852369057084644,0.07007861834756407
GuardFed-AD2+_IID_S-DFA_seed91010,Full,IID,S-DFA,91010,87.50188755222229,0.0033791644046576863,0.05798942275309982
GuardFed-AD2+_IID_Sp-DFA_seed91010,Full,IID,Sp-DFA,91010,87.18981225147229,0.015930090545576592,0.07267899102940911
GuardFed-AD2+_non-IID_Benign_seed91010,Full,non-IID,Benign,91010,85.92137715810138,0.011130192003013573,0.05562865257545696
GuardFed-AD2+_non-IID_F-Flip_seed91010,Full,non-IID,F Flip,91010,86.90290431368601,0.004897254308110499,0.050223953365255036
GuardFed-AD2+_non-IID_FedSA_seed91010,Full,non-IID,FedSA,91010,86.93813862183521,0.0008920428280506654,0.04631101576062391
GuardFed-AD2+_non-IID_S-DFA_seed91010,Full,non-IID,S-DFA,91010,87.058941964061,0.004640499102700368,0.05056300940662378
GuardFed-AD2+_non-IID_Sp-DFA_seed91010,Full,non-IID,Sp-DFA,91010,87.35591684703277,0.011244284474018373,0.06423280845037332
GuardFed-AD2+_lr0.0005_drop0.005_Benign_seed91002,Full,non-IID,Benign,91002,87.45155282629486,0.012143682023340485,0.047935672245909555
GuardFed-AD2+_lr0.0005_drop0.005_S-DFA_seed91002,Full,non-IID,S-DFA,91002,86.93310514924246,0.02267644436000138,0.023387167158897992
GuardFed-AD2+_lr0.0005_drop0.005_Benign_seed91003,Full,non-IID,Benign,91003,89.45990839079882,0.003283317299883848,0.06956597199661146
GuardFed-AD2+_lr0.0005_drop0.005_S-DFA_seed91003,Full,non-IID,S-DFA,91003,88.1814063522424,0.018960848602826985,0.06558392366577803
GuardFed-AD2+_lr0.0005_drop0.005_Benign_seed91004,Full,non-IID,Benign,91004,88.90119293300448,0.004035856152023953,0.07245530606538492
GuardFed-AD2+_lr0.0005_drop0.005_S-DFA_seed91004,Full,non-IID,S-DFA,91004,88.51864901595611,0.02499096571497672,0.08849430039105127
GuardFed-AD2+_lr0.0005_drop0.005_Benign_seed91001,Full,non-IID,Benign,91001,88.61428499521821,0.012723290634304663,0.07653150208665893
GuardFed-AD2+_lr0.0005_drop0.005_S-DFA_seed91001,Full,non-IID,S-DFA,91001,87.98006744853274,0.01872672330902103,0.040240764401731244
