method,metric,IID_Benign,IID_F Flip,IID_FOE,IID_S-DFA,IID_Sp-DFA,non-IID_Benign,non-IID_F Flip,non-IID_FOE,non-IID_S-DFA,non-IID_Sp-DFA
FedAvg,accuracy,83.04668304668304,82.0970847997875,76.19363835580052,79.10883856829803,78.56431369944885,82.13028753569293,81.2338136662461,76.77136596055514,78.82329503951125,78.31861345374858
FedAvg,aeod,0.01741980554662237,0.20451706250988916,0.0,0.0024093894214209446,0.0,0.043385574851869384,0.07815721123170752,0.0011355775651457622,0.006977404405561133,0.025071244925459146
FedAvg,aspd,0.10536364478572137,0.12115946585510011,0.009654826225485682,0.03939647842095674,0.059734411281429936,0.10136037865081474,0.14251057299033543,0.006920796389003874,0.034665168812159086,0.040400966166711794
FairFed,accuracy,83.18613453748588,81.57912211966266,75.88817318547049,76.04754631781658,78.35845673683511,81.67873032737899,80.6428049671293,75.42997542997543,76.29324656351683,75.42997542997543
FairFed,aeod,0.00698939994322112,0.08109668917448426,0.003886554201836919,0.002091222065391675,0.0,0.04084023600363521,0.10925192971071906,0.005068400269385504,0.011835597157857286,0.0
FairFed,aspd,0.09243742760139176,0.07511335920354198,0.005855884104289865,0.00663153296694236,0.0,0.10062324742255838,0.021274834194623747,0.005350239846500807,0.011028260749459277,0.0
Median,accuracy,82.78106115943955,82.62832857427452,83.22597782057241,83.36542931137527,83.345507669832,81.79826017663856,81.95763330898465,81.83810345972509,82.01739823361444,82.34942559266884
Median,aeod,0.028689898786222967,0.07236165289369498,0.018827281965394627,0.049756918997561406,0.021054453457599487,0.07012191464775103,0.12601940649506954,0.09364345035075522,0.06464052515321445,0.017416949466227183
Median,aspd,0.09414054900227492,0.08502308389915136,0.10525300689317203,0.10633264414853538,0.1044717007529676,0.08043713823766335,0.07876312573652439,0.07211496197848076,0.07736022120998413,0.08751050056915823
FLTrust,accuracy,82.42911215884189,82.55528255528255,82.64160966863669,82.70801514044757,81.51271664785178,81.94435221462248,82.0904442526064,82.50215817783385,82.00411713925227,81.72521415764659
FLTrust,aeod,0.27512736690522555,0.30874000586067696,0.3053081396577616,0.3255571784439046,0.19156645156573182,0.24858295571190375,0.252946475339745,0.25524276397751466,0.2640606265897657,0.2197656757400533
FLTrust,aspd,0.19838824563770738,0.27256500442611753,0.18084133667586155,0.24456121974755782,0.14611161070355308,0.16030628179685885,0.15210308891767813,0.15805221779523537,0.15805221779523537,0.16107966373623703
FairGuard,accuracy,82.96035593332891,82.49551763065277,75.48974035460522,78.14595922704031,79.30805498373066,83.82362706687032,82.50215817783385,75.96785975164354,79.52055249352547,78.4779865860947
FairGuard,aeod,0.0034889878108200767,0.10097500872532561,0.0007500067117889287,0.03604487702003427,0.036070010527512325,0.14490495250052693,0.025780124079556654,0.0009545020680878142,0.005708162277918344,0.023001157854992238
FairGuard,aspd,0.10701276125337827,0.07411902245935176,0.0005849464498557174,0.027359557182016162,0.03638223279424293,0.14171034907448746,0.08008177293782302,0.005553781470762968,0.03408587963985531,0.0379150340305306
FLTrust+FairGuard,accuracy,82.76113951789628,80.91506740155388,82.78770170662062,82.42911215884189,82.01075768643337,82.02403878079554,82.03067932797663,82.34942559266884,82.46895544192841,81.92443057307922
FLTrust+FairGuard,aeod,0.32003523260775557,0.44287068067821633,0.34137757896919485,0.34962708158279404,0.2643776515136369,0.2475844700057293,0.24049396481651683,0.2550199897066862,0.27627037027939894,0.22217677880971134
FLTrust+FairGuard,aspd,0.19590532269171337,0.28232707818987496,0.1880506542200141,0.2538591961393775,0.1441936331233039,0.16212684186011447,0.15381184753484534,0.16542882625252828,0.1688739277302453,0.1608769045014235
GuardFed,accuracy,83.35214821701308,83.28574274520221,83.21933727339132,83.21933727339132,83.43847533036723,82.11700644133076,81.97755495052792,81.52599774221396,82.34278504548774,82.588485291188
GuardFed,aeod,0.021595395084457153,0.0032804939419679435,0.054714503347611854,0.024142447580928483,0.05084737049246252,0.03205607514004788,0.011514573721432775,0.013079134561942873,0.006441032507335853,0.015458820747253466
GuardFed,aspd,0.09680466532007412,0.058293009181761474,0.08961123630011,0.0707645577900732,0.08951419994720676,0.0809949016694947,0.07879558486801028,0.08498187805485465,0.09312621117397377,0.08378291637793488
