distribution,attack,method,ACC_pct,AEOD,ASPD,FairAvg,Score,metric_source,selected_round
IID,Benign,FedAvg,81.858,0.042757,0.099246,0.071002,0.747579,final,70
IID,Benign,FairFed,82.1502,0.006467,0.115832,0.061149,0.760353,final,70
IID,Benign,Median,81.3135,0.040962,0.094141,0.067551,0.745584,final,70
IID,Benign,FLTrust,83.0467,0.102279,0.155627,0.128953,0.701514,final,70
IID,Benign,FairGuard,81.7186,0.019441,0.107499,0.06347,0.753716,final,70
IID,Benign,FLTrust+FairGuard,82.801,0.096458,0.11819,0.107324,0.720686,final,70
IID,Benign,FLGMM,80.8885,0.060165,0.084729,0.072447,0.736438,final,70
IID,Benign,FLAURA,82.5022,0.090961,0.145924,0.118442,0.706579,final,70
IID,Benign,LayerGuard,82.6815,0.032578,0.120788,0.076683,0.750132,final,70
IID,Benign,SmartFL,82.3162,0.010875,0.112266,0.06157,0.761592,final,70
IID,Benign,FLTG,83.06,0.13507,0.147735,0.141402,0.689197,final,70
IID,Benign,FedDNA,82.7678,0.024601,0.119302,0.071951,0.755726,final,70
IID,Benign,LASA,82.469,0.00299,0.119219,0.061104,0.763585,final,70
IID,Benign,GuardFed,81.3401,0.058004,0.079881,0.068942,0.744458,final,70
IID,Benign,GuardFed-ACT,81.6256,0.03428,0.109055,0.071668,0.744588,final,70
IID,F Flip,FedAvg,82.8607,0.055236,0.123709,0.089473,0.739135,final,70
IID,F Flip,FairFed,82.874,0.026397,0.121359,0.073878,0.754862,final,70
IID,F Flip,Median,83.1928,0.079189,0.138953,0.109071,0.722857,final,70
IID,F Flip,FLTrust,82.7479,0.216837,0.147522,0.18218,0.645299,final,70
IID,F Flip,FairGuard,81.6721,0.004669,0.103038,0.053854,0.762867,final,70
IID,F Flip,FLTrust+FairGuard,82.3826,0.063436,0.096583,0.08001,0.743816,final,70
IID,F Flip,FLGMM,82.2166,0.079371,0.140366,0.109869,0.712298,final,70
IID,F Flip,FLAURA,82.4889,0.093459,0.126808,0.110133,0.714755,final,70
IID,F Flip,LayerGuard,82.8408,0.090756,0.127373,0.109064,0.719344,final,70
IID,F Flip,SmartFL,82.9936,0.029828,0.122916,0.076372,0.753563,final,70
IID,F Flip,FLTG,82.9139,0.236201,0.172172,0.204187,0.624952,final,70
IID,F Flip,FedDNA,82.8143,0.095799,0.116979,0.106389,0.721753,final,70
IID,F Flip,LASA,83.3654,0.073076,0.144492,0.108784,0.72487,final,70
IID,F Flip,GuardFed,81.9842,0.079185,0.098255,0.08872,0.731122,final,70
IID,F Flip,GuardFed-ACT,83.1264,0.062349,0.133132,0.09774,0.733523,final,70
IID,FOE,FedAvg,75.43,0.0,0.0,0.0,0.7543,final,70
IID,FOE,FairFed,75.8815,0.004727,0.004285,0.004506,0.754309,final,70
IID,FOE,Median,81.6389,0.022827,0.099132,0.06098,0.755409,final,70
IID,FOE,FLTrust,82.7545,0.045736,0.11899,0.082363,0.745182,final,70
IID,FOE,FairGuard,75.43,0.0,0.0,0.0,0.7543,final,70
IID,FOE,FLTrust+FairGuard,82.1834,0.055913,0.085107,0.07051,0.751324,final,70
IID,FOE,FLGMM,82.2764,0.038556,0.132327,0.085442,0.737322,final,70
IID,FOE,FLAURA,82.6416,0.083981,0.10597,0.094975,0.731441,final,70
IID,FOE,LayerGuard,82.2166,0.074529,0.117823,0.096176,0.72599,final,70
IID,FOE,SmartFL,80.4967,0.009439,0.057687,0.033563,0.771404,final,70
IID,FOE,FLTG,82.5752,0.049531,0.127229,0.08838,0.737372,final,70
IID,FOE,FedDNA,82.376,0.025714,0.097773,0.061743,0.762016,final,70
IID,FOE,LASA,82.1768,0.046235,0.097896,0.072065,0.749702,final,70
IID,FOE,GuardFed,82.6549,0.101278,0.137353,0.119315,0.707234,final,70
IID,FOE,GuardFed-ACT,82.7412,0.014716,0.128785,0.071751,0.755661,final,70
IID,S-DFA,FedAvg,81.4928,0.026733,0.077379,0.052056,0.762872,final,70
IID,S-DFA,FairFed,81.5061,0.028642,0.078364,0.053503,0.761558,final,70
IID,S-DFA,Median,81.7717,0.021081,0.074645,0.047863,0.769854,final,70
IID,S-DFA,FLTrust,82.5752,0.025417,0.094249,0.059833,0.765919,final,70
IID,S-DFA,FairGuard,75.43,0.0,0.0,0.0,0.7543,final,70
IID,S-DFA,FLTrust+FairGuard,81.9842,0.046278,0.083203,0.06474,0.755102,final,70
IID,S-DFA,FLGMM,82.1901,0.017826,0.087203,0.052515,0.769386,final,70
IID,S-DFA,FLAURA,82.6815,0.069325,0.12935,0.099337,0.727477,final,70
IID,S-DFA,LayerGuard,80.9217,0.073139,0.072502,0.07282,0.736397,final,70
IID,S-DFA,SmartFL,80.5299,0.003712,0.055156,0.029434,0.775865,final,70
IID,S-DFA,FLTG,82.3361,0.04937,0.093196,0.071283,0.752078,final,70
IID,S-DFA,FedDNA,82.1901,0.023647,0.08791,0.055778,0.766122,final,70
IID,S-DFA,LASA,82.3693,0.007148,0.093052,0.0501,0.773593,final,70
IID,S-DFA,GuardFed,82.4889,0.082891,0.117841,0.100366,0.724523,final,70
IID,S-DFA,GuardFed-ACT,82.635,0.009828,0.106393,0.058111,0.768239,final,70
IID,Sp-DFA,FedAvg,79.6334,0.074298,0.074622,0.07446,0.721874,final,70
IID,Sp-DFA,FairFed,79.4741,0.069571,0.072344,0.070957,0.723783,final,70
IID,Sp-DFA,Median,83.4053,0.087438,0.145743,0.116591,0.717462,final,70
IID,Sp-DFA,FLTrust,83.0932,0.131662,0.145436,0.138549,0.692383,final,70
IID,Sp-DFA,FairGuard,78.312,0.04866,0.044495,0.046578,0.736542,final,70
IID,Sp-DFA,FLTrust+FairGuard,81.9709,0.049009,0.131952,0.090481,0.729229,final,70
IID,Sp-DFA,FLGMM,81.2272,0.060783,0.15402,0.107401,0.70487,final,70
IID,Sp-DFA,FLAURA,82.5885,0.05337,0.113689,0.08353,0.742355,final,70
IID,Sp-DFA,LayerGuard,81.9908,0.096641,0.107472,0.102056,0.717852,final,70
IID,Sp-DFA,SmartFL,82.7279,0.036624,0.123617,0.08012,0.747159,final,70
IID,Sp-DFA,FLTG,82.4756,0.146068,0.121416,0.133742,0.691014,final,70
IID,Sp-DFA,FedDNA,82.4822,0.017761,0.095177,0.056469,0.768353,final,70
IID,Sp-DFA,LASA,81.2537,0.049735,0.084655,0.067195,0.745343,final,70
IID,Sp-DFA,GuardFed,82.1635,0.056393,0.111797,0.084095,0.73754,final,70
IID,Sp-DFA,GuardFed-ACT,82.5619,0.042351,0.127212,0.084782,0.740838,final,70
non-IID,Benign,FedAvg,81.785,0.005809,0.072128,0.038969,0.778881,final,70
non-IID,Benign,FairFed,81.6787,0.008991,0.071734,0.040362,0.776425,final,70
non-IID,Benign,Median,82.3893,0.010922,0.080437,0.04568,0.778213,final,70
non-IID,Benign,FLTrust,82.1834,0.113388,0.109135,0.111262,0.710573,final,70
non-IID,Benign,FairGuard,81.951,0.012374,0.095331,0.053852,0.765658,final,70
non-IID,Benign,FLTrust+FairGuard,81.6322,0.045164,0.077362,0.061263,0.75506,final,70
non-IID,Benign,FLGMM,80.9815,0.025733,0.066824,0.046279,0.763536,final,70
non-IID,Benign,FLAURA,81.0479,0.040391,0.070788,0.055589,0.754889,final,70
non-IID,Benign,LayerGuard,81.4928,0.013279,0.067131,0.040205,0.774723,final,70
non-IID,Benign,SmartFL,81.8912,0.013763,0.070155,0.041959,0.776953,final,70
non-IID,Benign,FLTG,81.7518,0.110342,0.096427,0.103384,0.714134,final,70
non-IID,Benign,FedDNA,81.3467,0.002008,0.071387,0.036697,0.77677,final,70
non-IID,Benign,LASA,81.8846,0.021899,0.070148,0.046024,0.772822,final,70
non-IID,Benign,GuardFed,80.6694,0.017232,0.053492,0.035362,0.771332,final,70
non-IID,Benign,GuardFed-ACT,81.8447,0.026916,0.081339,0.054127,0.76432,final,70
non-IID,F Flip,FedAvg,82.4092,0.114002,0.102538,0.10827,0.715822,final,70
non-IID,F Flip,FairFed,82.4225,0.109252,0.100607,0.10493,0.719295,final,70
non-IID,F Flip,Median,82.9936,0.059985,0.123265,0.091625,0.73831,final,70
non-IID,F Flip,FLTrust,82.6748,0.17943,0.131877,0.155653,0.671095,final,70
non-IID,F Flip,FairGuard,81.9045,0.058186,0.086125,0.072156,0.746889,final,70
non-IID,F Flip,FLTrust+FairGuard,81.9111,0.074412,0.090436,0.082424,0.736687,final,70
non-IID,F Flip,FLGMM,81.8447,0.002012,0.106222,0.054117,0.764331,final,70
non-IID,F Flip,FLAURA,80.5233,0.111026,0.060151,0.085588,0.719644,final,70
non-IID,F Flip,LayerGuard,82.0506,0.078595,0.090259,0.084427,0.736079,final,70
non-IID,F Flip,SmartFL,82.283,0.080913,0.091971,0.086442,0.736388,final,70
non-IID,F Flip,FLTG,82.3295,0.127841,0.104434,0.116137,0.707158,final,70
non-IID,F Flip,FedDNA,82.0838,0.053505,0.085401,0.069453,0.751385,final,70
non-IID,F Flip,LASA,82.4424,0.070254,0.092168,0.081211,0.743213,final,70
non-IID,F Flip,GuardFed,81.6787,0.079593,0.08551,0.082552,0.734236,final,70
non-IID,F Flip,GuardFed-ACT,82.2565,0.074573,0.095894,0.085234,0.737331,final,70
non-IID,FOE,FedAvg,76.1206,0.001136,0.006272,0.003704,0.757502,final,70
non-IID,FOE,FairFed,76.0675,0.001363,0.005509,0.003436,0.757239,final,70
non-IID,FOE,Median,82.9471,0.335989,0.188362,0.262175,0.567295,final,70
non-IID,FOE,FLTrust,81.9975,0.097934,0.10061,0.099272,0.720703,final,70
non-IID,FOE,FairGuard,75.43,0.0,0.0,0.0,0.7543,final,70
non-IID,FOE,FLTrust+FairGuard,81.0612,0.026416,0.107305,0.066861,0.743751,final,70
non-IID,FOE,FLGMM,80.1182,0.098344,0.071107,0.084725,0.716457,final,70
non-IID,FOE,FLAURA,81.0479,0.023582,0.058053,0.040817,0.769661,final,70
non-IID,FOE,LayerGuard,80.9084,0.006552,0.057037,0.031795,0.777289,final,70
non-IID,FOE,SmartFL,80.417,0.01581,0.047355,0.031583,0.772588,final,70
non-IID,FOE,FLTG,82.1303,0.101503,0.103873,0.102688,0.718615,final,70
non-IID,FOE,FedDNA,82.0108,0.066442,0.065259,0.06585,0.754257,final,70
non-IID,FOE,LASA,82.0904,0.024262,0.072983,0.048623,0.772282,final,70
non-IID,FOE,GuardFed,81.4596,0.027852,0.119794,0.073823,0.740773,final,70
non-IID,FOE,GuardFed-ACT,82.044,0.007417,0.073452,0.040434,0.780005,final,70
non-IID,S-DFA,FedAvg,80.8487,0.00237,0.060865,0.031618,0.776869,final,70
non-IID,S-DFA,FairFed,80.7225,0.001393,0.060621,0.031007,0.776218,final,70
non-IID,S-DFA,Median,81.6123,0.065761,0.060007,0.062884,0.753239,final,70
non-IID,S-DFA,FLTrust,81.5592,0.08532,0.085092,0.085206,0.730386,final,70
non-IID,S-DFA,FairGuard,80.4635,0.037776,0.064945,0.05136,0.753275,final,70
non-IID,S-DFA,FLTrust+FairGuard,82.3295,0.036576,0.103203,0.06989,0.753405,final,70
non-IID,S-DFA,FLGMM,81.36,0.0176,0.092851,0.055226,0.758374,final,70
non-IID,S-DFA,FLAURA,81.1541,0.034581,0.056107,0.045344,0.766197,final,70
non-IID,S-DFA,LayerGuard,80.3506,0.017505,0.051044,0.034274,0.769232,final,70
non-IID,S-DFA,SmartFL,80.4037,0.023605,0.045847,0.034726,0.769312,final,70
non-IID,S-DFA,FLTG,82.1303,0.101503,0.103873,0.102688,0.718615,final,70
non-IID,S-DFA,FedDNA,81.9444,0.052057,0.064477,0.058267,0.761177,final,70
non-IID,S-DFA,LASA,81.9709,0.016354,0.074519,0.045437,0.774273,final,70
non-IID,S-DFA,GuardFed,81.4596,0.027852,0.119794,0.073823,0.740773,final,70
non-IID,S-DFA,GuardFed-ACT,81.9444,0.02353,0.076353,0.049941,0.769502,final,70
non-IID,Sp-DFA,FedAvg,78.8167,0.027412,0.041873,0.034643,0.753524,final,70
non-IID,Sp-DFA,FairFed,78.737,0.024412,0.039585,0.031998,0.755371,final,70
non-IID,Sp-DFA,Median,83.3389,0.034032,0.11334,0.073686,0.759703,final,70
non-IID,Sp-DFA,FLTrust,81.8447,0.117432,0.095915,0.106673,0.711774,final,70
non-IID,Sp-DFA,FairGuard,77.2428,0.014228,0.020188,0.017208,0.75522,final,70
non-IID,Sp-DFA,FLTrust+FairGuard,81.2803,0.029534,0.121688,0.075611,0.737192,final,70
non-IID,Sp-DFA,FLGMM,81.0678,0.056989,0.048952,0.05297,0.757708,final,70
non-IID,Sp-DFA,FLAURA,81.1541,0.098323,0.060359,0.079341,0.7322,final,70
non-IID,Sp-DFA,LayerGuard,81.7916,0.047852,0.053134,0.050493,0.767423,final,70
non-IID,Sp-DFA,SmartFL,81.6787,0.030966,0.066082,0.048524,0.768263,final,70
non-IID,Sp-DFA,FLTG,81.5725,0.094389,0.094448,0.094418,0.721307,final,70
non-IID,Sp-DFA,FedDNA,81.9842,0.015922,0.074389,0.045155,0.774687,final,70
non-IID,Sp-DFA,LASA,81.7518,0.003195,0.073337,0.038266,0.779252,final,70
non-IID,Sp-DFA,GuardFed,82.21,0.135955,0.114358,0.125156,0.696943,final,70
non-IID,Sp-DFA,GuardFed-ACT,82.5885,0.05421,0.091643,0.072927,0.752958,final,70
