study,dataset,distribution,method,attack,malicious_ratio,metric,mean,std,n,valid_n,fairness_eligible,min,max
ratio,adult,IID,GuardFed-AD2+,S-DFA,0.1,accuracy,0.8127365694933262,0.01538321768035127,10,10,True,0.7869712464307059,0.8314629125439936
ratio,adult,IID,GuardFed-AD2+,S-DFA,0.1,aeod,0.0344175395324368,0.02027261365240508,10,10,True,0.0010973060878496366,0.07137859002165481
ratio,adult,IID,GuardFed-AD2+,S-DFA,0.1,aspd,0.057715756228151026,0.02339588128204367,10,10,True,0.014868749756506365,0.08973812381967024
ratio,adult,IID,GuardFed-AD2+,S-DFA,0.2,accuracy,0.8067932797662527,0.01199391612433288,10,10,True,0.787436084733382,0.819908360448901
ratio,adult,IID,GuardFed-AD2+,S-DFA,0.2,aeod,0.03763268635496166,0.02828254153733818,10,10,True,0.0058115523882258935,0.08839168971999556
ratio,adult,IID,GuardFed-AD2+,S-DFA,0.2,aspd,0.05309188875192392,0.021466130222045375,10,10,True,0.01710770762339014,0.07589350179020736
ratio,adult,IID,GuardFed-AD2+,S-DFA,0.3,accuracy,0.8161697323859485,0.012179167041473524,10,10,True,0.7898266817185736,0.8321933727339133
ratio,adult,IID,GuardFed-AD2+,S-DFA,0.3,aeod,0.03222932497682291,0.017834699905899892,10,10,True,0.0011664232334143154,0.06533112539278246
ratio,adult,IID,GuardFed-AD2+,S-DFA,0.3,aspd,0.06632066195443533,0.021758822484325258,10,10,True,0.03524897176974367,0.09910707697737198
ratio,adult,IID,GuardFed-AD2+,S-DFA,0.4,accuracy,0.8118533767182416,0.009790900770997998,10,10,True,0.7967328507869048,0.8240919051729862
ratio,adult,IID,GuardFed-AD2+,S-DFA,0.4,aeod,0.04167826711320531,0.026784250012059793,10,10,True,0.0031199822237555908,0.0976379643915321
ratio,adult,IID,GuardFed-AD2+,S-DFA,0.4,aspd,0.061122604880208355,0.021316437768640818,10,10,True,0.040315244368912435,0.09904023283268033
ratio,adult,IID,GuardFed-AD2+,S-DFA,0.5,accuracy,0.7922637625340327,0.027534285944177585,10,7,True,0.7536356995816456,0.8207052261106316
ratio,adult,IID,GuardFed-AD2+,S-DFA,0.5,aeod,0.02738592672097408,0.023766663576513528,10,7,False,0.0,0.06934106226769357
ratio,adult,IID,GuardFed-AD2+,S-DFA,0.5,aspd,0.03962006125186565,0.0285014948683453,10,7,False,0.00029568302779420464,0.07434220406490237
ratio,adult,IID,GuardFed-AD2+,Sp-DFA,0.1,accuracy,0.8151205259313368,0.02255231349259601,10,9,True,0.7544325652433761,0.8333222657546981
ratio,adult,IID,GuardFed-AD2+,Sp-DFA,0.1,aeod,0.03751050323565349,0.02061200863298094,10,9,True,0.003590664272890485,0.07911571181234867
ratio,adult,IID,GuardFed-AD2+,Sp-DFA,0.1,aspd,0.0661560151164061,0.02775024862821201,10,9,True,0.0004070832485243232,0.08978456565489265
ratio,adult,IID,GuardFed-AD2+,Sp-DFA,0.2,accuracy,0.81324789162627,0.00837797719499827,10,10,True,0.7988578258848529,0.8244903380038515
ratio,adult,IID,GuardFed-AD2+,Sp-DFA,0.2,aeod,0.028648371377276226,0.02791338893682519,10,10,True,0.0020181064072736232,0.10033924522934612
ratio,adult,IID,GuardFed-AD2+,Sp-DFA,0.2,aspd,0.06444158116654589,0.015115483721158701,10,10,True,0.04110523703812391,0.09501471875165632
ratio,adult,IID,GuardFed-AD2+,Sp-DFA,0.3,accuracy,0.8091506740155389,0.02002340013516133,10,9,True,0.7556278637359718,0.8229630121522014
ratio,adult,IID,GuardFed-AD2+,Sp-DFA,0.3,aeod,0.027395237543062546,0.020058116006276164,10,9,True,0.0020906508493126275,0.077908732237322
ratio,adult,IID,GuardFed-AD2+,Sp-DFA,0.3,aspd,0.056672291444964586,0.02180568643310182,10,9,True,0.0007628096511871115,0.07711701845905469
ratio,adult,IID,GuardFed-AD2+,Sp-DFA,0.4,accuracy,0.8112955707550302,0.007276378710929237,10,10,True,0.7989242313566638,0.8218341191314165
ratio,adult,IID,GuardFed-AD2+,Sp-DFA,0.4,aeod,0.03949382258371315,0.035477005007778506,10,10,True,0.013208229395807625,0.11352119868551758
ratio,adult,IID,GuardFed-AD2+,Sp-DFA,0.4,aspd,0.06114420484737206,0.011164196483758892,10,10,True,0.043489960077675624,0.07806750127158346
ratio,adult,IID,GuardFed-AD2+,Sp-DFA,0.5,accuracy,0.8082940434291785,0.01205658960485878,10,10,True,0.7900923036058172,0.8284746663125041
ratio,adult,IID,GuardFed-AD2+,Sp-DFA,0.5,aeod,0.023083927064846157,0.01397969891817901,10,10,True,0.007440089429589347,0.049413046917975045
ratio,adult,IID,GuardFed-AD2+,Sp-DFA,0.5,aspd,0.05540379941957937,0.02026509102265087,10,10,True,0.03392274140917327,0.0949784680405345
ratio,adult,non-IID,GuardFed-AD2+,S-DFA,0.1,accuracy,0.8203931203931203,0.006026054172843352,10,10,True,0.8084866192974302,0.8323925891493459
ratio,adult,non-IID,GuardFed-AD2+,S-DFA,0.1,aeod,0.044467058254329395,0.03684648350464832,10,10,True,0.004597147004171631,0.11668345089912263
ratio,adult,non-IID,GuardFed-AD2+,S-DFA,0.1,aspd,0.0737771603989448,0.022097941123914683,10,10,True,0.04057014283903612,0.1215872924546482
ratio,adult,non-IID,GuardFed-AD2+,S-DFA,0.2,accuracy,0.8158443455740754,0.01291615541617411,10,10,True,0.7884321668105452,0.8282090444252607
ratio,adult,non-IID,GuardFed-AD2+,S-DFA,0.2,aeod,0.05195530119938241,0.029405331447342423,10,10,True,0.013003734039508746,0.10838710856704165
ratio,adult,non-IID,GuardFed-AD2+,S-DFA,0.2,aspd,0.06792554332634038,0.0264216995723612,10,10,True,0.01888822539588806,0.0986629806895451
ratio,adult,non-IID,GuardFed-AD2+,S-DFA,0.3,accuracy,0.8156584102530049,0.013474003144606844,10,10,True,0.7935453881399828,0.8364433229298094
ratio,adult,non-IID,GuardFed-AD2+,S-DFA,0.3,aeod,0.024012895774200585,0.029247845242150152,10,10,True,0.0012115493036590763,0.08316163530023979
ratio,adult,non-IID,GuardFed-AD2+,S-DFA,0.3,aspd,0.06706334212939687,0.022755429013124922,10,10,True,0.03742638166666526,0.10723251238211547
ratio,adult,non-IID,GuardFed-AD2+,S-DFA,0.4,accuracy,0.8122119662660203,0.00823281757357551,10,10,True,0.8007835845673683,0.8240254997011753
ratio,adult,non-IID,GuardFed-AD2+,S-DFA,0.4,aeod,0.03352655669233902,0.02708819953736349,10,10,True,0.00793590498620228,0.09727124366878379
ratio,adult,non-IID,GuardFed-AD2+,S-DFA,0.4,aspd,0.060521344607284436,0.01740870871047189,10,10,True,0.03624214496039485,0.08935822358917025
ratio,adult,non-IID,GuardFed-AD2+,S-DFA,0.5,accuracy,0.7972773756557541,0.0303694648151211,10,7,True,0.753901321468889,0.8249551763065277
ratio,adult,non-IID,GuardFed-AD2+,S-DFA,0.5,aeod,0.025699811098842663,0.030253271009595066,10,7,False,0.0,0.1039527581453985
ratio,adult,non-IID,GuardFed-AD2+,S-DFA,0.5,aspd,0.04658515492655189,0.032932789383444086,10,7,False,9.856100926473487e-05,0.08417338889662584
ratio,adult,non-IID,GuardFed-AD2+,Sp-DFA,0.1,accuracy,0.8150408393651636,0.010569858609415665,10,10,True,0.8001195298492596,0.8321269672621024
ratio,adult,non-IID,GuardFed-AD2+,Sp-DFA,0.1,aeod,0.030049164567923593,0.03038136370121135,10,10,True,0.0002798958787331163,0.09577123024520592
ratio,adult,non-IID,GuardFed-AD2+,Sp-DFA,0.1,aspd,0.06498627267620403,0.018303620687749572,10,10,True,0.040533129799733586,0.09884991158397391
ratio,adult,non-IID,GuardFed-AD2+,Sp-DFA,0.2,accuracy,0.8116940035858955,0.012904817570787416,10,10,True,0.7865064081280297,0.8286738827279367
ratio,adult,non-IID,GuardFed-AD2+,Sp-DFA,0.2,aeod,0.03664174070103064,0.0256347411348654,10,10,True,0.008519116602909438,0.08588576478121568
ratio,adult,non-IID,GuardFed-AD2+,Sp-DFA,0.2,aspd,0.05878130846731151,0.015630960656735266,10,10,True,0.025894362418600905,0.07740704420929696
ratio,adult,non-IID,GuardFed-AD2+,Sp-DFA,0.3,accuracy,0.8092237200345309,0.021579461401038662,10,9,True,0.7548309980742414,0.8315957234876153
ratio,adult,non-IID,GuardFed-AD2+,Sp-DFA,0.3,aeod,0.03624640205272211,0.020164731163722034,10,9,True,0.008022158614138398,0.06250303458541995
ratio,adult,non-IID,GuardFed-AD2+,Sp-DFA,0.3,aspd,0.05720546578071293,0.02437047888270358,10,9,True,0.0007220250935166036,0.0819559567702145
ratio,adult,non-IID,GuardFed-AD2+,Sp-DFA,0.4,accuracy,0.8061159439537817,0.020267805068760435,10,9,True,0.7546317816588087,0.8256192310246364
ratio,adult,non-IID,GuardFed-AD2+,Sp-DFA,0.4,aeod,0.0380220272344402,0.03448784617274962,10,9,True,0.0005226627123281569,0.10079678930866287
ratio,adult,non-IID,GuardFed-AD2+,Sp-DFA,0.4,aspd,0.05456893771854996,0.0258949345575635,10,9,True,0.00019070241279677788,0.09903154630367327
ratio,adult,non-IID,GuardFed-AD2+,Sp-DFA,0.5,accuracy,0.8022644265887509,0.021916646192011655,10,9,True,0.7551630254332957,0.8284082608406933
ratio,adult,non-IID,GuardFed-AD2+,Sp-DFA,0.5,aeod,0.03625040056527543,0.029572694404410446,10,9,True,9.425065304277669e-05,0.10561156963895145
ratio,adult,non-IID,GuardFed-AD2+,Sp-DFA,0.5,aspd,0.04939693822521734,0.02698934617312114,10,9,True,0.00022922004719292917,0.09461178818559032
ratio,compas,IID,GuardFed-AD2+,S-DFA,0.1,accuracy,0.6607991360691144,0.016182297106582522,10,10,True,0.6306695464362851,0.6900647948164147
ratio,compas,IID,GuardFed-AD2+,S-DFA,0.1,aeod,0.051662847319187785,0.035213052818759485,10,10,True,0.009858464041730963,0.11049985211475888
ratio,compas,IID,GuardFed-AD2+,S-DFA,0.1,aspd,0.03265059580016037,0.023504909951531303,10,10,True,0.002504823477642748,0.07377673922406502
ratio,compas,IID,GuardFed-AD2+,S-DFA,0.2,accuracy,0.6548596112311016,0.016503413593291612,10,10,True,0.6123110151187905,0.6695464362850972
ratio,compas,IID,GuardFed-AD2+,S-DFA,0.2,aeod,0.04852781817228664,0.03572121367708727,10,10,True,0.0009357819628027508,0.1002957704821058
ratio,compas,IID,GuardFed-AD2+,S-DFA,0.2,aspd,0.03401552617050308,0.020364913469931988,10,10,True,0.012252158455179907,0.06741780245510054
ratio,compas,IID,GuardFed-AD2+,S-DFA,0.3,accuracy,0.6514578833693305,0.025550666174781626,10,10,True,0.6063714902807775,0.6879049676025918
ratio,compas,IID,GuardFed-AD2+,S-DFA,0.3,aeod,0.054148525198025,0.049607976334221274,10,10,True,0.0018715639256053351,0.14507575757575764
ratio,compas,IID,GuardFed-AD2+,S-DFA,0.3,aspd,0.04261024549837934,0.03431208861843335,10,10,True,0.0027534382962531856,0.12022452369252529
ratio,compas,IID,GuardFed-AD2+,S-DFA,0.4,accuracy,0.6585313174946005,0.01618910202570665,10,10,True,0.6420086393088553,0.6889848812095032
ratio,compas,IID,GuardFed-AD2+,S-DFA,0.4,aeod,0.04859390380362383,0.03918141421760616,10,10,True,0.0010173484686228917,0.12700384501626738
ratio,compas,IID,GuardFed-AD2+,S-DFA,0.4,aspd,0.034584188797859815,0.025783632623275696,10,10,True,0.0007691885702547085,0.07064395906842974
ratio,compas,IID,GuardFed-AD2+,S-DFA,0.5,accuracy,0.6543736501079913,0.017536269692015816,10,10,True,0.6247300215982722,0.6852051835853131
ratio,compas,IID,GuardFed-AD2+,S-DFA,0.5,aeod,0.04636510338417875,0.038934418879542486,10,10,True,0.00025181708922339396,0.09686483288967751
ratio,compas,IID,GuardFed-AD2+,S-DFA,0.5,aspd,0.03427242814973381,0.029037174897532356,10,10,True,0.0029565320917376847,0.08552583201341823
ratio,compas,IID,GuardFed-AD2+,Sp-DFA,0.1,accuracy,0.6614470842332614,0.00843439489838732,10,10,True,0.6495680345572354,0.6749460043196545
ratio,compas,IID,GuardFed-AD2+,Sp-DFA,0.1,aeod,0.05852124031045743,0.029017649880143423,10,10,True,0.01623804390602801,0.10760130139012125
ratio,compas,IID,GuardFed-AD2+,Sp-DFA,0.1,aspd,0.03502049029643523,0.021309101917931523,10,10,True,0.008589466902130971,0.06331740875661074
ratio,compas,IID,GuardFed-AD2+,Sp-DFA,0.2,accuracy,0.6580453563714903,0.011968839483601007,10,10,True,0.6382289416846653,0.6825053995680346
ratio,compas,IID,GuardFed-AD2+,Sp-DFA,0.2,aeod,0.06071774167213313,0.024953635820101367,10,10,True,0.02336175814113206,0.10555436567430576
ratio,compas,IID,GuardFed-AD2+,Sp-DFA,0.2,aspd,0.03468188391672221,0.030621907235438027,10,10,True,0.005671452599192051,0.10750665015459637
ratio,compas,IID,GuardFed-AD2+,Sp-DFA,0.3,accuracy,0.6559935205183585,0.010570074883730154,10,10,True,0.6414686825053996,0.6749460043196545
ratio,compas,IID,GuardFed-AD2+,Sp-DFA,0.3,aeod,0.06741638279138167,0.049315398277940285,10,10,True,0.01526925389388667,0.16155303030303036
ratio,compas,IID,GuardFed-AD2+,Sp-DFA,0.3,aspd,0.05688797276208728,0.03094347749503815,10,10,True,0.01322444082091917,0.12038793249348989
ratio,compas,IID,GuardFed-AD2+,Sp-DFA,0.4,accuracy,0.660097192224622,0.010362076032034524,10,10,True,0.6441684665226782,0.6771058315334774
ratio,compas,IID,GuardFed-AD2+,Sp-DFA,0.4,aeod,0.034390417851632625,0.02673876797591755,10,10,True,0.012608023808161173,0.10115350488021302
ratio,compas,IID,GuardFed-AD2+,Sp-DFA,0.4,aspd,0.02604689599146539,0.011025807167552228,10,10,True,0.009018998607523587,0.040038657853485315
ratio,compas,IID,GuardFed-AD2+,Sp-DFA,0.5,accuracy,0.6614470842332614,0.013117974915974507,10,10,True,0.6436285097192225,0.687365010799136
ratio,compas,IID,GuardFed-AD2+,Sp-DFA,0.5,aeod,0.0512094358239792,0.03861583778212296,10,10,True,0.0064507297708878975,0.12556818181818175
ratio,compas,IID,GuardFed-AD2+,Sp-DFA,0.5,aspd,0.03491777619297178,0.02642872232491125,10,10,True,0.006717268925365338,0.0869918423992147
ratio,compas,non-IID,GuardFed-AD2+,S-DFA,0.1,accuracy,0.6656047516198704,0.013871858210651627,10,10,True,0.6501079913606912,0.6895248380129589
ratio,compas,non-IID,GuardFed-AD2+,S-DFA,0.1,aeod,0.04851175681976832,0.04267767429886914,10,10,True,0.002871397293708,0.13921916592724048
ratio,compas,non-IID,GuardFed-AD2+,S-DFA,0.1,aspd,0.03229611542263935,0.01796589119572628,10,10,True,0.004281310585271925,0.05360625715643008
ratio,compas,non-IID,GuardFed-AD2+,S-DFA,0.2,accuracy,0.6569114470842332,0.022745508993649865,10,10,True,0.6133909287257019,0.6949244060475162
ratio,compas,non-IID,GuardFed-AD2+,S-DFA,0.2,aeod,0.04763856109566781,0.03501284070593104,10,10,True,0.006946939753263881,0.10304643596569052
ratio,compas,non-IID,GuardFed-AD2+,S-DFA,0.2,aspd,0.032197719980344264,0.01385405756359044,10,10,True,0.008199620191258306,0.04447053797678896
ratio,compas,non-IID,GuardFed-AD2+,S-DFA,0.3,accuracy,0.6537257019438445,0.018673538647000405,10,10,True,0.6290496760259179,0.6808855291576674
ratio,compas,non-IID,GuardFed-AD2+,S-DFA,0.3,aeod,0.06424940097475065,0.04902817218436401,10,10,True,0.017677039589390153,0.14534161490683234
ratio,compas,non-IID,GuardFed-AD2+,S-DFA,0.3,aspd,0.03451053811685365,0.023493114216140244,10,10,True,0.0017297988787822183,0.08248292669831353
ratio,compas,non-IID,GuardFed-AD2+,S-DFA,0.4,accuracy,0.6597732181425486,0.014636382163626158,10,10,True,0.6366090712742981,0.6803455723542117
ratio,compas,non-IID,GuardFed-AD2+,S-DFA,0.4,aeod,0.051466353371789106,0.03712721300326791,10,10,True,0.003989011617924754,0.11759834368530031
ratio,compas,non-IID,GuardFed-AD2+,S-DFA,0.4,aspd,0.02979432667987166,0.019678652092776982,10,10,True,0.007094276373305064,0.07104431063079297
ratio,compas,non-IID,GuardFed-AD2+,S-DFA,0.5,accuracy,0.6475701943844492,0.03771722705370544,10,9,True,0.5518358531317494,0.6911447084233261
ratio,compas,non-IID,GuardFed-AD2+,S-DFA,0.5,aeod,0.0296211288349709,0.02855886171982789,10,9,True,0.0028735632183908046,0.10024714241581711
ratio,compas,non-IID,GuardFed-AD2+,S-DFA,0.5,aspd,0.017324834519408867,0.015267140951065801,10,9,True,0.0011123470522803114,0.05815602505757239
ratio,compas,non-IID,GuardFed-AD2+,Sp-DFA,0.1,accuracy,0.6544276457883369,0.015597598303306915,10,10,True,0.6290496760259179,0.6798056155507559
ratio,compas,non-IID,GuardFed-AD2+,Sp-DFA,0.1,aeod,0.06217148376743296,0.04270547048266172,10,10,True,0.003723632393652254,0.12784090909090906
ratio,compas,non-IID,GuardFed-AD2+,Sp-DFA,0.1,aspd,0.03724728537129398,0.034235828129322736,10,10,True,0.0033685557113126707,0.09872692871991384
ratio,compas,non-IID,GuardFed-AD2+,Sp-DFA,0.2,accuracy,0.6577213822894168,0.017916389101207617,10,10,True,0.6322894168466523,0.6879049676025918
ratio,compas,non-IID,GuardFed-AD2+,Sp-DFA,0.2,aeod,0.03975307137544461,0.04021713837389397,10,10,True,0.002202986704097909,0.12268559597752138
ratio,compas,non-IID,GuardFed-AD2+,Sp-DFA,0.2,aspd,0.030244401205956957,0.030866792682063625,10,10,True,0.0020671213322019932,0.1020079440021383
ratio,compas,non-IID,GuardFed-AD2+,Sp-DFA,0.3,accuracy,0.6606911447084233,0.01480527903118321,10,10,True,0.6409287257019438,0.6830453563714903
ratio,compas,non-IID,GuardFed-AD2+,Sp-DFA,0.3,aeod,0.0570018626726034,0.043343234492448444,10,10,True,0.0061219390304848575,0.1380360839988169
ratio,compas,non-IID,GuardFed-AD2+,Sp-DFA,0.3,aspd,0.027992511208092947,0.022173329291460143,10,10,True,0.004336169254167244,0.07956491239537461
ratio,compas,non-IID,GuardFed-AD2+,Sp-DFA,0.4,accuracy,0.6546436285097192,0.020719774800937722,10,10,True,0.6117710583153347,0.6852051835853131
ratio,compas,non-IID,GuardFed-AD2+,Sp-DFA,0.4,aeod,0.04608113508973595,0.031231115260057923,10,10,True,0.0028658322610831677,0.10686187518485657
ratio,compas,non-IID,GuardFed-AD2+,Sp-DFA,0.4,aspd,0.027053844367123547,0.023203567467305095,10,10,True,0.004381690277293071,0.06877526270882767
ratio,compas,non-IID,GuardFed-AD2+,Sp-DFA,0.5,accuracy,0.6561015118790496,0.016643462303654752,10,10,True,0.6355291576673866,0.6830453563714903
ratio,compas,non-IID,GuardFed-AD2+,Sp-DFA,0.5,aeod,0.057261929668860026,0.043164454261511845,10,10,True,0.007365649859783663,0.12857142857142856
ratio,compas,non-IID,GuardFed-AD2+,Sp-DFA,0.5,aspd,0.04541667493437387,0.024043769707907777,10,10,True,0.007150302247921514,0.07874203236194582
