dataset,synthetic_method,server_ratio,synthetic_ratio,n_seeds,generator_implementation_status,acc_mean,acc_sample_sd,aeod_mean,aeod_sample_sd,aspd_mean,aspd_sample_sd
adult,ctgan,0.01,0.09,3,PER_RUN_CODE_AND_FIT_IDENTITY_UNRESOLVED,0.7693959315580937,0.018281418047641662,0.008192428607034377,0.0075723234316009014,0.019704844382939273,0.026687427158727503
adult,ctgan,0.02,0.08,3,PER_RUN_CODE_AND_FIT_IDENTITY_UNRESOLVED,0.7634581756203378,0.015747912148337585,0.00507149435648034,0.008236461306715733,0.007390347082269803,0.012629960280290665
adult,ctgan,0.03,0.07,3,PER_RUN_CODE_AND_FIT_IDENTITY_UNRESOLVED,0.7570832503264935,0.0035359874514759365,0.004630134732736566,0.006273219963251428,0.0009794746882101147,0.000864016970234482
adult,ctgan,0.05,0.05,3,PER_RUN_CODE_AND_FIT_IDENTITY_UNRESOLVED,0.7984649268433053,0.015640227370042024,0.023997406298190405,0.010532307740856641,0.037449577507691595,0.017575865950431552
adult,ctgan,0.07,0.03,3,PER_RUN_CODE_AND_FIT_IDENTITY_UNRESOLVED,0.7788421099231909,0.014626326501564276,0.03673447763146396,0.04494347545645234,0.015476950559419826,0.003699254447658543
adult,ctgan,0.09,0.01,3,PER_RUN_CODE_AND_FIT_IDENTITY_UNRESOLVED,0.8170695265289859,0.0010228382894448356,0.039169904985821465,0.00562630614369879,0.059453615386200746,0.0010193231471160235
adult,forest_diffusion,0.01,0.09,3,PER_RUN_CODE_AND_FIT_IDENTITY_UNRESOLVED,0.8127365694933263,0.012423647877415098,0.025640556950909502,0.02000746236192976,0.06111049222099594,0.01482675995013832
adult,forest_diffusion,0.02,0.08,3,PER_RUN_CODE_AND_FIT_IDENTITY_UNRESOLVED,0.818923345950373,0.001981506157421278,0.007686473965018349,0.004633775903152605,0.07120770451121877,0.0019858252655734865
adult,forest_diffusion,0.03,0.07,3,PER_RUN_CODE_AND_FIT_IDENTITY_UNRESOLVED,0.824418398742723,0.008835240121991217,0.0118053703070077,0.007484101324787282,0.08504090164860423,0.020341878476457024
adult,forest_diffusion,0.05,0.05,3,PER_RUN_CODE_AND_FIT_IDENTITY_UNRESOLVED,0.8199470969741239,0.010975881563110617,0.027080925895566845,0.011149643407750447,0.07156019269088566,0.0237321513458945
adult,forest_diffusion,0.07,0.03,3,PER_RUN_CODE_AND_FIT_IDENTITY_UNRESOLVED,0.8253702105053456,0.0036259075071158114,0.010218103627355377,0.002865605784313011,0.08017496421437594,0.00737696092247221
adult,forest_diffusion,0.09,0.01,3,PER_RUN_CODE_AND_FIT_IDENTITY_UNRESOLVED,0.819687008876198,0.01684960609052935,0.00649101391425246,0.002715609305053137,0.07365845085524997,0.028909122861462716
adult,gaussian_copula,0.01,0.09,3,PER_RUN_CODE_AND_FIT_IDENTITY_UNRESOLVED,0.8075901454279832,0.003174336101281579,0.015348242834617895,0.009057102726315767,0.05040497046265844,0.004313198489597994
adult,gaussian_copula,0.02,0.08,3,PER_RUN_CODE_AND_FIT_IDENTITY_UNRESOLVED,0.8058193328463599,0.002609391445860709,0.009681636526450264,0.0016908925125386528,0.04938405253848129,0.004908017776470813
adult,gaussian_copula,0.03,0.07,3,PER_RUN_CODE_AND_FIT_IDENTITY_UNRESOLVED,0.8100471478849857,0.009399409533517675,0.02101280228516897,0.023757162363651992,0.056391766042497765,0.0176495428446959
adult,gaussian_copula,0.05,0.05,3,PER_RUN_CODE_AND_FIT_IDENTITY_UNRESOLVED,0.8204562055913408,0.007250959850725269,0.018598414723056362,0.006413952698448864,0.06873899162999768,0.011067231818242224
adult,gaussian_copula,0.07,0.03,3,PER_RUN_CODE_AND_FIT_IDENTITY_UNRESOLVED,0.8207771653717599,0.010667284302483118,0.027986208178176774,0.021089521205754618,0.07199402596840188,0.014500749468298595
adult,gaussian_copula,0.09,0.01,3,PER_RUN_CODE_AND_FIT_IDENTITY_UNRESOLVED,0.8195541979325763,0.003175435668978304,0.015694447379860393,0.016354618802978733,0.0690813438540507,0.004347071047163814
adult,none,0.01,0.0,3,NOT_APPLICABLE_REAL_ONLY,0.8119950417247715,0.007614588609150611,0.01926159659083012,0.011549419285104228,0.06455780378172822,0.012930674178134231
adult,none,0.03,0.0,3,NOT_APPLICABLE_REAL_ONLY,0.8284082608406932,0.005562127234277196,0.011348349842430031,0.001307545071042424,0.09450832888340976,0.023490371923306167
adult,none,0.05,0.0,3,NOT_APPLICABLE_REAL_ONLY,0.8285687407309029,0.006849132386228327,0.006806610797926031,0.0013997217096517413,0.09259094812588103,0.02045660829591479
adult,none,0.07,0.0,3,NOT_APPLICABLE_REAL_ONLY,0.8261836775350289,0.006112888791344832,0.017848741220646863,0.02234783250892254,0.08311779172731355,0.004335585146243979
adult,none,0.1,0.0,3,NOT_APPLICABLE_REAL_ONLY,0.8229242756269782,0.005375930356735219,0.009132935881185545,0.002202650939539159,0.07498068400818837,0.011115305826790763
adult,smote,0.01,0.09,3,PER_RUN_CODE_AND_FIT_IDENTITY_UNRESOLVED,0.7768776147154526,0.025806125627200895,0.09027484632859432,0.10841682720207789,0.11935966418881923,0.05222259419662266
adult,smote,0.02,0.08,3,PER_RUN_CODE_AND_FIT_IDENTITY_UNRESOLVED,0.785322177214069,0.01270118935882787,0.03554920426744108,0.009075148559619677,0.13160911450004772,0.0379774274587236
adult,smote,0.03,0.07,3,PER_RUN_CODE_AND_FIT_IDENTITY_UNRESOLVED,0.7976127232883989,0.015755354181163958,0.019812820107110624,0.005037285146928013,0.12664143133027325,0.007539123467397479
adult,smote,0.05,0.05,3,PER_RUN_CODE_AND_FIT_IDENTITY_UNRESOLVED,0.8220720720720721,0.0033886451569799443,0.028610642555255156,0.03204816526619051,0.1464196330828871,0.02458221340993046
adult,smote,0.07,0.03,3,PER_RUN_CODE_AND_FIT_IDENTITY_UNRESOLVED,0.8334882794342254,0.002376780227688024,0.015682737450239945,0.004479899851110105,0.11926256765211225,0.01756495414710955
adult,smote,0.09,0.01,3,PER_RUN_CODE_AND_FIT_IDENTITY_UNRESOLVED,0.8289063018792748,0.0038492626400138223,0.014236037527373152,0.0059964339166351625,0.09228038130906648,0.008540862622227231
adult,tvae,0.01,0.09,3,PER_RUN_CODE_AND_FIT_IDENTITY_UNRESOLVED,0.7683998494809305,0.013448730505505867,0.0168275496753303,0.02235523151990657,0.009850376778028502,0.00858057411848151
adult,tvae,0.02,0.08,3,PER_RUN_CODE_AND_FIT_IDENTITY_UNRESOLVED,0.7622075392345663,0.005606283022768864,0.0117926607492489,0.00567092071728119,0.006790294497674345,0.004666040147888432
adult,tvae,0.03,0.07,3,PER_RUN_CODE_AND_FIT_IDENTITY_UNRESOLVED,0.8000199216415433,0.008556084776837714,0.007985362778379773,0.003205742596490376,0.04536929464060419,0.012917730407441593
adult,tvae,0.05,0.05,3,PER_RUN_CODE_AND_FIT_IDENTITY_UNRESOLVED,0.8267481240454213,0.00480485577737366,0.010426264286828154,0.0018490718263070496,0.09300026987755017,0.011716005967783256
adult,tvae,0.07,0.03,3,PER_RUN_CODE_AND_FIT_IDENTITY_UNRESOLVED,0.8296533634371471,0.0045621151173192995,0.020335387616758946,0.02064121970852454,0.09747091340169865,0.009257425215667199
adult,tvae,0.09,0.01,3,PER_RUN_CODE_AND_FIT_IDENTITY_UNRESOLVED,0.8202569891759081,0.012716246898585835,0.004960012018386295,0.0034693933475567645,0.07366345279805002,0.023347095722849594
compas,ctgan,0.01,0.09,3,PER_RUN_CODE_AND_FIT_IDENTITY_UNRESOLVED,0.5824784017278618,0.10188054507753587,0.13776414454842453,0.12107122559019726,0.1819824483385021,0.1578846694360224
compas,ctgan,0.02,0.08,3,PER_RUN_CODE_AND_FIT_IDENTITY_UNRESOLVED,0.6275647948164147,0.010927457103314641,0.12885571082854647,0.09694011976545834,0.11209620031740215,0.058006502295713074
compas,ctgan,0.03,0.07,3,PER_RUN_CODE_AND_FIT_IDENTITY_UNRESOLVED,0.5107991360691145,0.07915237721693716,0.005276769312415,0.006090161082960279,0.007677490165319131,0.006003943112648502
compas,ctgan,0.05,0.05,3,PER_RUN_CODE_AND_FIT_IDENTITY_UNRESOLVED,0.6533027357811375,0.02325669756653629,0.09975240752238723,0.07033952851773487,0.12132198887186067,0.0648950669893967
compas,ctgan,0.07,0.03,3,PER_RUN_CODE_AND_FIT_IDENTITY_UNRESOLVED,0.6614020878329733,0.011522681137711027,0.028490002682112724,0.028251676217151037,0.05631524436813513,0.04530116112735269
compas,ctgan,0.09,0.01,3,PER_RUN_CODE_AND_FIT_IDENTITY_UNRESOLVED,0.6547426205903527,0.006043437024184265,0.0361849025084929,0.029181523335637866,0.04594617780978514,0.027068534776744896
compas,forest_diffusion,0.01,0.09,3,PER_RUN_CODE_AND_FIT_IDENTITY_UNRESOLVED,0.6295446364290856,0.04969919121730974,0.09183767493437715,0.06124353291321509,0.1288245927132903,0.050853787050903286
compas,forest_diffusion,0.02,0.08,3,PER_RUN_CODE_AND_FIT_IDENTITY_UNRESOLVED,0.6575773938084953,0.016697969537212396,0.014011746945207118,0.008132143008765816,0.03974316027174105,0.017297381786223056
compas,forest_diffusion,0.03,0.07,3,PER_RUN_CODE_AND_FIT_IDENTITY_UNRESOLVED,0.660097192224622,0.005170280238176449,0.020917573885694082,0.021947324551330447,0.04939400624299434,0.03381724927236643
compas,forest_diffusion,0.05,0.05,3,PER_RUN_CODE_AND_FIT_IDENTITY_UNRESOLVED,0.6595122390208784,0.012104198949173531,0.038288858920735615,0.035853081094850005,0.023920616782628565,0.02066314618238059
compas,forest_diffusion,0.07,0.03,3,PER_RUN_CODE_AND_FIT_IDENTITY_UNRESOLVED,0.6612670986321095,0.010809536478478786,0.034922329848495026,0.016621862456962306,0.02274572695712193,0.0045408783091145785
compas,forest_diffusion,0.09,0.01,3,PER_RUN_CODE_AND_FIT_IDENTITY_UNRESOLVED,0.654517638588913,0.003903810515972614,0.0580603217966954,0.026276494011047775,0.037445710343893816,0.039773070540232616
compas,gaussian_copula,0.01,0.09,3,PER_RUN_CODE_AND_FIT_IDENTITY_UNRESOLVED,0.6604121670266379,0.010154143355288628,0.024258884394040447,0.02413324641000685,0.05597714377756796,0.026938456826908666
compas,gaussian_copula,0.02,0.08,3,PER_RUN_CODE_AND_FIT_IDENTITY_UNRESOLVED,0.662122030237581,0.0031743995724365717,0.044907883184569564,0.055637882717419686,0.06244871589862585,0.05090489834063674
compas,gaussian_copula,0.03,0.07,3,PER_RUN_CODE_AND_FIT_IDENTITY_UNRESOLVED,0.6550125989920806,0.0021100385327021834,0.01587528233747519,0.011206688303220398,0.030163805650909786,0.01850036566842609
compas,gaussian_copula,0.05,0.05,3,PER_RUN_CODE_AND_FIT_IDENTITY_UNRESOLVED,0.6557325413966882,0.008322752948515318,0.04581436347269774,0.036774650354473686,0.032547628802123994,0.035022160567942266
compas,gaussian_copula,0.07,0.03,3,PER_RUN_CODE_AND_FIT_IDENTITY_UNRESOLVED,0.662077033837293,0.006991259132266653,0.037412240015198446,0.017620073675344305,0.014912414828025846,0.0019331301961985135
compas,gaussian_copula,0.09,0.01,3,PER_RUN_CODE_AND_FIT_IDENTITY_UNRESOLVED,0.6546976241900647,0.005613019137767764,0.04641172036565172,0.026515697877829484,0.03239832373695694,0.02912595296308228
compas,none,0.01,0.0,3,NOT_APPLICABLE_REAL_ONLY,0.6208153347732182,0.040691352135567946,0.044887769267728826,0.0205053072590889,0.06522705458359741,0.02508213341862646
compas,none,0.03,0.0,3,NOT_APPLICABLE_REAL_ONLY,0.6416936645068395,0.01583483358556389,0.041114166005801873,0.022971163193535118,0.029495774909823618,0.013354605459888168
compas,none,0.05,0.0,3,NOT_APPLICABLE_REAL_ONLY,0.6546976241900647,0.012385948818789025,0.047364114596785224,0.04519967891263954,0.018052587286561856,0.004800100933383212
compas,none,0.07,0.0,3,NOT_APPLICABLE_REAL_ONLY,0.6569474442044636,0.006087000206294445,0.05135175186809151,0.03367637909810602,0.028105730163046964,0.028266567772805645
compas,none,0.1,0.0,3,NOT_APPLICABLE_REAL_ONLY,0.6510979121670267,0.008593134458033396,0.0733690423949382,0.024990626385613772,0.045665562100985845,0.030868944758968713
compas,smote,0.01,0.09,3,PER_RUN_CODE_AND_FIT_IDENTITY_UNRESOLVED,0.6569474442044636,0.008650199556584508,0.07281338840389029,0.08394145343076258,0.09470940662762752,0.08392202430158024
compas,smote,0.02,0.08,3,PER_RUN_CODE_AND_FIT_IDENTITY_UNRESOLVED,0.6603671706263499,0.005145550365158223,0.04340583798537093,0.014017846035725291,0.05573037703468275,0.03301532879979825
compas,smote,0.03,0.07,3,PER_RUN_CODE_AND_FIT_IDENTITY_UNRESOLVED,0.6506479481641468,0.009601329320779268,0.041094173157939284,0.0397226683375795,0.057275951943806046,0.0259138194442771
compas,smote,0.05,0.05,3,PER_RUN_CODE_AND_FIT_IDENTITY_UNRESOLVED,0.6449784017278618,0.025424240365119827,0.016854468163446778,0.015821070473368053,0.01226032889522811,0.002748055164030136
compas,smote,0.07,0.03,3,PER_RUN_CODE_AND_FIT_IDENTITY_UNRESOLVED,0.6574874010079194,0.009715784629174825,0.0359203908804875,0.020270381486173897,0.01968045019902803,0.0034050427348479113
compas,smote,0.09,0.01,3,PER_RUN_CODE_AND_FIT_IDENTITY_UNRESOLVED,0.650332973362131,0.009027471143171397,0.061072030015696076,0.013827878882338338,0.0302083540026013,0.016580006577295248
compas,tvae,0.01,0.09,3,PER_RUN_CODE_AND_FIT_IDENTITY_UNRESOLVED,0.5609251259899208,0.05062101031913892,0.09057941267627656,0.07308372404184367,0.0647598804936969,0.044776415628765075
compas,tvae,0.02,0.08,3,PER_RUN_CODE_AND_FIT_IDENTITY_UNRESOLVED,0.5566504679625629,0.013394801847622128,0.06128131937796886,0.08431490461381454,0.034890405218810226,0.041498313873953
compas,tvae,0.03,0.07,3,PER_RUN_CODE_AND_FIT_IDENTITY_UNRESOLVED,0.6222552195824335,0.03273546105488691,0.04482137257096933,0.01899518873636523,0.03908534258071519,0.02164910661645894
compas,tvae,0.05,0.05,3,PER_RUN_CODE_AND_FIT_IDENTITY_UNRESOLVED,0.6141108711303095,0.027641600366453054,0.017979240336797157,0.015072363143322592,0.019125054810035323,0.0131260007044843
compas,tvae,0.07,0.03,3,PER_RUN_CODE_AND_FIT_IDENTITY_UNRESOLVED,0.6415586753059755,0.01579681287840714,0.03585462126844041,0.03232919236727755,0.014748616958487544,0.0014923364291173585
compas,tvae,0.09,0.01,3,PER_RUN_CODE_AND_FIT_IDENTITY_UNRESOLVED,0.6588372930165587,0.003212440469510712,0.03912650785626567,0.029345889691067488,0.02028311741972835,0.00636941616063579
