dataset,synthetic_method,server_ratio,synthetic_ratio,seed,acc,aeod,aspd
adult,ctgan,0.01,0.09,123,0.762484228700445,0.001868733402602801,0.006828183545675836
adult,ctgan,0.01,0.09,456,0.7901255063417225,0.016583830814936855,0.050389050174795835
adult,ctgan,0.01,0.09,789,0.7555780596321137,0.006124721603563475,0.0018972994283461462
adult,ctgan,0.02,0.08,123,0.7544159638754233,0.0005567928730512249,0.00017248176621328603
adult,ctgan,0.02,0.08,456,0.781642207317883,0.014578148357382477,0.021973919228279938
adult,ctgan,0.02,0.08,789,0.754316355667707,7.954183900731785e-05,2.464025231618372e-05
adult,ctgan,0.03,0.07,123,0.7552958363769174,0.0003692911951039928,0.000798684213535506
adult,ctgan,0.03,0.07,456,0.7611561192642273,0.011833740705600376,0.0019195824816823574
adult,ctgan,0.03,0.07,789,0.7547977953383359,0.001687372297505328,0.0002201573694124805
adult,ctgan,0.05,0.05,123,0.8136496447307258,0.03571257206604856,0.05536968623655389
adult,ctgan,0.05,0.05,456,0.7993392655554817,0.01531216101895809,0.03673957412897285
adult,ctgan,0.05,0.05,789,0.7824058702437081,0.020967485809564562,0.02023947215754804
adult,ctgan,0.07,0.03,123,0.7746530314097881,0.020252180474577747,0.01594555335777679
adult,ctgan,0.07,0.03,456,0.7667673816322464,0.0023591224064647923,0.011565722178160992
adult,ctgan,0.07,0.03,789,0.7951059167275383,0.08759213001334933,0.018919576142321697
adult,ctgan,0.09,0.01,123,0.8159738362441065,0.03508066427860265,0.058287818328688554
adult,ctgan,0.09,0.01,456,0.8179992031343383,0.03684258027442362,0.06017689765250666
adult,ctgan,0.09,0.01,789,0.8172355402085132,0.04558647040443811,0.05989613017740701
adult,forest_diffusion,0.01,0.09,123,0.8043860814131085,0.017365111607053597,0.044618035264418945
adult,forest_diffusion,0.01,0.09,456,0.8270137459326649,0.048458116437828005,0.07333566003918608
adult,forest_diffusion,0.01,0.09,789,0.8068098811342055,0.011098442807846911,0.06537778135938281
adult,forest_diffusion,0.02,0.08,123,0.8180822099741019,0.004563730863547333,0.07048907645906904
adult,forest_diffusion,0.02,0.08,456,0.8211866657812603,0.013010588632457298,0.07345280279785676
adult,forest_diffusion,0.02,0.08,789,0.8175011620957566,0.005485102399050416,0.06968123427673051
adult,forest_diffusion,0.03,0.07,123,0.8316289262235208,0.019937440415022753,0.0936158064174311
adult,forest_diffusion,0.03,0.07,456,0.827063550036523,0.010271893141465663,0.09969138146665442
adult,forest_diffusion,0.03,0.07,789,0.8145627199681253,0.005206777364534683,0.06181551706172719
adult,forest_diffusion,0.05,0.05,123,0.8147287336476525,0.014270834106855104,0.06151020462533396
adult,forest_diffusion,0.05,0.05,456,0.8325586028288732,0.03459984314406468,0.09866375806367679
adult,forest_diffusion,0.05,0.05,789,0.8125539544458463,0.032372100435780746,0.05450661538364627
adult,forest_diffusion,0.07,0.03,123,0.8219503287070855,0.013346892098996296,0.07477827584556339
adult,forest_diffusion,0.07,0.03,456,0.8291719237665184,0.007721127740480518,0.08858087954937899
adult,forest_diffusion,0.07,0.03,789,0.824988379042433,0.009586291042589318,0.07716573724818546
adult,forest_diffusion,0.09,0.01,123,0.8240587024370808,0.009254414500662889,0.08183473655884016
adult,forest_diffusion,0.09,0.01,456,0.833919915000996,0.0063927647486563405,0.0975988407636458
adult,forest_diffusion,0.09,0.01,789,0.8010824091905173,0.0038258624934381508,0.04154177524326394
adult,gaussian_copula,0.01,0.09,123,0.8065276578790093,0.02577698239112193,0.047604415789999285
adult,gaussian_copula,0.01,0.09,456,0.8111594395378179,0.010813691592441887,0.05537194814451127
adult,gaussian_copula,0.01,0.09,789,0.8050833388671226,0.00945405452028987,0.04823854745346478
adult,gaussian_copula,0.02,0.08,123,0.8059632113686168,0.00970210510261612,0.05169847420817072
adult,gaussian_copula,0.02,0.08,456,0.8031409788166545,0.007980602644387734,0.043746749322300285
adult,gaussian_copula,0.02,0.08,789,0.8083538083538083,0.011362201832346937,0.05270693408497287
adult,gaussian_copula,0.03,0.07,123,0.8050833388671226,0.04767869209796812,0.043771961320752034
adult,gaussian_copula,0.03,0.07,456,0.8208878411581114,0.013256639958506865,0.07656030322847189
adult,gaussian_copula,0.03,0.07,789,0.8041702636297231,0.0021030747990319135,0.04884303357826938
adult,gaussian_copula,0.05,0.05,123,0.815592004781194,0.011558557359519418,0.06309152403807324
adult,gaussian_copula,0.05,0.05,456,0.8287900923036058,0.020126084525128096,0.08149062563029996
adult,gaussian_copula,0.05,0.05,789,0.8169865196892223,0.024110602284521568,0.06163482522161984
adult,gaussian_copula,0.07,0.03,123,0.8262168802709343,0.028841271047170464,0.08064294678519987
adult,gaussian_copula,0.07,0.03,456,0.8276279965469154,0.04863519342233262,0.08008604097257188
adult,gaussian_copula,0.07,0.03,789,0.8084866192974302,0.006482160065027241,0.05525309014743387
adult,gaussian_copula,0.09,0.01,123,0.8159904376120592,0.006590548316026429,0.06446892567777696
adult,gaussian_copula,0.09,0.01,456,0.8205890165349625,0.005917655774908867,0.07310255312133468
adult,gaussian_copula,0.09,0.01,789,0.8220831396507072,0.034575138048645884,0.06967255276304044
adult,none,0.01,0.0,123,0.8033733979679926,0.011351919942924088,0.05256003043535078
adult,none,0.01,0.0,456,0.8177999867189056,0.03251519006358208,0.06285978128644004
adult,none,0.01,0.0,789,0.8148117404874162,0.013917679765984188,0.07825359962339383
adult,none,0.03,0.0,123,0.8306992496181685,0.01204094933827475,0.09492163948384925
adult,none,0.03,0.0,456,0.8324589946211568,0.009840196589725736,0.11778931828962927
adult,none,0.03,0.0,789,0.8220665382827544,0.012163903599289608,0.07081402887675076
adult,none,0.05,0.0,123,0.8273955773955775,0.0072991418620844545,0.0935694448272803
adult,none,0.05,0.0,456,0.8359286805232751,0.005227198339360611,0.11254074894891995
adult,none,0.05,0.0,789,0.8223819642738561,0.007893492192333026,0.07166265060144283
adult,none,0.07,0.0,123,0.8281592403214024,0.002898778797144591,0.08632973947755403
adult,none,0.07,0.0,456,0.8193273125705558,0.00710835569168268,0.07818618373256661
adult,none,0.07,0.0,789,0.8310644797131284,0.04353908917311332,0.08483745197182002
adult,none,0.1,0.0,123,0.8213692808287403,0.006609398446634995,0.07024059759467804
adult,none,0.1,0.0,456,0.8184972441729199,0.010669459532482509,0.06702122048821985
adult,none,0.1,0.0,789,0.8289063018792748,0.010119949664439132,0.08768023394166721
adult,smote,0.01,0.09,123,0.7742711999468757,0.21416747255735152,0.17888234884867782
adult,smote,0.01,0.09,456,0.7524736038249552,0.04389038706172732,0.08123250732667597
adult,smote,0.01,0.09,789,0.8038880403745269,0.012766679366704115,0.09796413639110388
adult,smote,0.02,0.08,123,0.7914536157779402,0.04289347219977027,0.16448725565827058
adult,smote,0.02,0.08,456,0.7707185072049937,0.03835044791908837,0.0900392685276542
adult,smote,0.02,0.08,789,0.7937944086592735,0.025403692683464596,0.1403008193142184
adult,smote,0.03,0.07,123,0.7842320207185072,0.01505182929093235,0.12383660193577595
adult,smote,0.03,0.07,456,0.7936283949797464,0.01929953485874683,0.13518093799186467
adult,smote,0.03,0.07,789,0.8149777541669434,0.025087096171652695,0.1209067540631791
adult,smote,0.05,0.05,123,0.8188458728999269,0.06511777618725836,0.17013636325884704
adult,smote,0.05,0.05,456,0.8256026296566836,0.015601767571035013,0.1480676645703043
adult,smote,0.05,0.05,789,0.8217677136596055,0.005112383907472096,0.12105487141951005
adult,smote,0.07,0.03,123,0.8357958695796533,0.011732064243529974,0.12261417359071299
adult,smote,0.07,0.03,456,0.8336210903778472,0.020550069659800843,0.1349102362579412
adult,smote,0.07,0.03,789,0.8310478783451756,0.014766078447389017,0.10026329310768259
adult,smote,0.09,0.01,123,0.8253204064014875,0.016271661227737558,0.08703222489612175
adult,smote,0.09,0.01,456,0.832973637027691,0.007486786344051449,0.10213557111962217
adult,smote,0.09,0.01,789,0.828424862208646,0.01894966501033045,0.08767334791145551
adult,tvae,0.01,0.09,123,0.7618699780861944,0.0030118795807959437,0.006520699477030831
adult,tvae,0.01,0.09,456,0.75946277973305,0.0048514809633673425,0.0034336816009565853
adult,tvae,0.01,0.09,789,0.7838667906235474,0.04261928848182761,0.01959674925609809
adult,tvae,0.02,0.08,123,0.7660701241782323,0.007793814986539293,0.008978967124757696
adult,tvae,0.02,0.08,456,0.7557772760475463,0.018282770238042877,0.001432249146182407
adult,tvae,0.02,0.08,789,0.7647752174779202,0.009301397023164527,0.00995966722208293
adult,tvae,0.03,0.07,123,0.8098313301016004,0.011395760776990949,0.06026526252235377
adult,tvae,0.03,0.07,456,0.7961186001726542,0.005033698892583385,0.03859240274166917
adult,tvae,0.03,0.07,789,0.7941098346503752,0.0075266286655649856,0.03725021865778964
adult,tvae,0.05,0.05,123,0.8243907297961353,0.00954959040951052,0.09769607772922817
adult,tvae,0.05,0.05,456,0.8322763795736768,0.012550616884804564,0.10163994244983951
adult,tvae,0.05,0.05,789,0.8235772627664519,0.009178585566169378,0.07966478945358282
adult,tvae,0.07,0.03,123,0.8311806892887974,0.04403461912168673,0.10305773243717242
adult,tvae,0.07,0.03,456,0.8332558602828873,0.010681169462102957,0.10256993769251042
adult,tvae,0.07,0.03,789,0.824523540739757,0.006290374266487153,0.08678507007541311
adult,tvae,0.09,0.01,123,0.8249385749385749,0.005566786298354137,0.07982848939976646
adult,tvae,0.09,0.01,456,0.8299687894282488,0.008085992010971918,0.09330935550408369
adult,tvae,0.09,0.01,789,0.8058636031609004,0.0012272577458328285,0.04785251349029992
compas,ctgan,0.01,0.09,123,0.630669546436285,0.1860544217687075,0.26352061927266746
compas,ctgan,0.01,0.09,456,0.4654427645788337,0.0,0.0
compas,ctgan,0.01,0.09,789,0.6513228941684666,0.22723801187656611,0.2824267257428389
compas,ctgan,0.02,0.08,123,0.6362041036717063,0.06341319136350193,0.07227367005662115
compas,ctgan,0.02,0.08,456,0.615280777537797,0.24022393048128343,0.17864842246310755
compas,ctgan,0.02,0.08,789,0.6312095032397408,0.08293001064085402,0.08536650843247774
compas,ctgan,0.03,0.07,123,0.46395788336933047,0.0038893818396923963,0.007881848433668265
compas,ctgan,0.03,0.07,456,0.4662526997840173,0.0,0.0015739769150052707
compas,ctgan,0.03,0.07,789,0.6021868250539957,0.011940926097552602,0.013576645147283857
compas,ctgan,0.05,0.05,123,0.6264848812095032,0.04775953859804792,0.08593989824300523
compas,ctgan,0.05,0.05,456,0.66792656587473,0.17978776737967916,0.1962183701839633
compas,ctgan,0.05,0.05,789,0.6654967602591793,0.07170991658943462,0.08180769818861346
compas,ctgan,0.07,0.03,123,0.6482181425485961,0.01473676427092574,0.08460373949368949
compas,ctgan,0.07,0.03,456,0.6695464362850971,0.06098484848484845,0.0802763242824311
compas,ctgan,0.07,0.03,789,0.6664416846652268,0.009748395290563983,0.004065669328284796
compas,ctgan,0.09,0.01,123,0.6603671706263499,0.012836438923395449,0.05666200173446771
compas,ctgan,0.09,0.01,456,0.6555075593952484,0.026818738859180014,0.015160251509488798
compas,ctgan,0.09,0.01,789,0.6483531317494601,0.06889952974290324,0.06601628018539893
compas,forest_diffusion,0.01,0.09,123,0.6540226781857451,0.06509908311150547,0.13308508812986797
compas,forest_diffusion,0.01,0.09,456,0.5723542116630669,0.04850991532976828,0.07597458759703857
compas,forest_diffusion,0.01,0.09,789,0.662257019438445,0.1619040263618577,0.1774141024129644
compas,forest_diffusion,0.02,0.08,123,0.662257019438445,0.006366459627329152,0.05804047169117604
compas,forest_diffusion,0.02,0.08,456,0.6390388768898487,0.013112745098039197,0.02365867636536806
compas,forest_diffusion,0.02,0.08,789,0.6714362850971922,0.022556036110253003,0.03753033275867905
compas,forest_diffusion,0.03,0.07,123,0.6544276457883369,0.011986098787341026,0.06808486052475232
compas,forest_diffusion,0.03,0.07,456,0.6613120950323974,0.04592245989304815,0.0697402500388096
compas,forest_diffusion,0.03,0.07,789,0.6645518358531317,0.004844162976693073,0.010356908165421078
compas,forest_diffusion,0.05,0.05,123,0.6470032397408207,0.07794291629695357,0.011466337203398444
compas,forest_diffusion,0.05,0.05,456,0.6603671706263499,0.028762811942958988,0.04777256296199464
compas,forest_diffusion,0.05,0.05,789,0.6711663066954644,0.00816084852229429,0.01252295018249261
compas,forest_diffusion,0.07,0.03,123,0.6488930885529158,0.049881691807157624,0.02630152191953984
compas,forest_diffusion,0.07,0.03,456,0.666036717062635,0.017028743315507994,0.017630642418356893
compas,forest_diffusion,0.07,0.03,789,0.6688714902807775,0.03785655442281946,0.02430501653346906
compas,forest_diffusion,0.09,0.01,123,0.6501079913606912,0.06508429458740018,0.013977288511077351
compas,forest_diffusion,0.09,0.01,456,0.6559125269978402,0.028985628342245995,0.014991882084209235
compas,forest_diffusion,0.09,0.01,789,0.6575323974082073,0.08011104246044004,0.08336796043639487
compas,gaussian_copula,0.01,0.09,123,0.6538876889848813,0.009649511978704492,0.07514587153500393
compas,gaussian_copula,0.01,0.09,456,0.6552375809935205,0.011012700534759334,0.0251772110086175
compas,gaussian_copula,0.01,0.09,789,0.6721112311015118,0.052114440668657516,0.06760834878908244
compas,gaussian_copula,0.02,0.08,123,0.6584773218142548,0.0113058266784975,0.06439824125441933
compas,gaussian_copula,0.02,0.08,456,0.6642818574514039,0.10912990196078429,0.11235084569890529
compas,gaussian_copula,0.02,0.08,789,0.6636069114470843,0.014287920914426905,0.010597060742552927
compas,gaussian_copula,0.03,0.07,123,0.6572624190064795,0.013553682342502232,0.03324172713764974
compas,gaussian_copula,0.03,0.07,456,0.6530777537796977,0.028060940285204977,0.0469321748427482
compas,gaussian_copula,0.03,0.07,789,0.6546976241900648,0.006011224384718364,0.010317514972331424
compas,gaussian_copula,0.05,0.05,123,0.6491630669546437,0.07379473528541847,0.00869305640988531
compas,gaussian_copula,0.05,0.05,456,0.6529427645788337,0.05948640819964347,0.07275514241660604
compas,gaussian_copula,0.05,0.05,789,0.6650917926565875,0.004161946933031263,0.016194687579880643
compas,gaussian_copula,0.07,0.03,123,0.6546976241900648,0.057150251404909785,0.01475348031565911
compas,gaussian_copula,0.07,0.03,456,0.6629319654427646,0.03181818181818183,0.01306365823282718
compas,gaussian_copula,0.07,0.03,789,0.6686015118790497,0.023268286822503717,0.016920105935591248
compas,gaussian_copula,0.09,0.01,123,0.6482181425485961,0.054976338361431495,0.019505758409425394
compas,gaussian_copula,0.09,0.01,456,0.6580723542116631,0.016672237076648833,0.011943724343359233
compas,gaussian_copula,0.09,0.01,789,0.6578023758099352,0.06758658565887485,0.06574548845808618
compas,none,0.01,0.0,123,0.6533477321814255,0.029052055604850635,0.08436037710082438
compas,none,0.01,0.0,456,0.5751889848812095,0.03756127450980394,0.03683088473026458
compas,none,0.01,0.0,789,0.6339092872570194,0.06804997768853188,0.07448990191970328
compas,none,0.03,0.0,123,0.6384989200863931,0.055102040816326525,0.015405948313796242
compas,none,0.03,0.0,456,0.6276997840172787,0.014602829768270945,0.03111361930651639
compas,none,0.03,0.0,789,0.6588822894168467,0.05363762743280816,0.04196775710915822
compas,none,0.05,0.0,123,0.64079373650108,0.09511978704525285,0.022463165905454004
compas,none,0.05,0.0,456,0.6587473002159827,0.00525011140819967,0.012940226227812893
compas,none,0.05,0.0,789,0.6645518358531317,0.041722445336903155,0.018754369726418668
compas,none,0.07,0.0,123,0.6506479481641468,0.0784679089026915,0.013593861431671211
compas,none,0.07,0.0,456,0.6627969762419007,0.013655860071301235,0.01004263802499454
compas,none,0.07,0.0,789,0.6573974082073434,0.06193148663028181,0.06068069103247514
compas,none,0.1,0.0,123,0.6416036717062635,0.08716356107660458,0.02360936192364839
compas,none,0.1,0.0,456,0.6533477321814255,0.044521501782531225,0.03244423382865652
compas,none,0.1,0.0,789,0.6583423326133909,0.08842206432567881,0.08094309055065262
compas,smote,0.01,0.09,123,0.6474082073434125,0.029828453120378587,0.04678744133332245
compas,smote,0.01,0.09,456,0.6642818574514039,0.019070298573975103,0.045728493942785914
compas,smote,0.01,0.09,789,0.6591522678185745,0.16954141351731716,0.1916122846067742
compas,smote,0.02,0.08,123,0.6544276457883369,0.03530020703933748,0.08449985818450488
compas,smote,0.02,0.08,456,0.6632019438444925,0.05959224598930479,0.06300780743906896
compas,smote,0.02,0.08,789,0.6634719222462203,0.03532506092747055,0.019683465480474394
compas,smote,0.03,0.07,123,0.6556425485961123,0.01727299615498379,0.06316829822573058
compas,smote,0.03,0.07,456,0.6395788336933046,0.01905915775401068,0.028923357770730435
compas,smote,0.03,0.07,789,0.6567224622030238,0.08695036556482338,0.07973619983495712
compas,smote,0.05,0.05,123,0.6156857451403888,0.03454599230996748,0.012194089970551398
compas,smote,0.05,0.05,456,0.6579373650107991,0.004063614081996431,0.009545991990634328
compas,smote,0.05,0.05,789,0.6613120950323974,0.01195379809837642,0.015040904724498608
compas,smote,0.07,0.03,123,0.6467332613390928,0.04587400177462292,0.017949581381668106
compas,smote,0.07,0.03,456,0.660097192224622,0.04928977272727278,0.023603234093612216
compas,smote,0.07,0.03,789,0.6656317494600432,0.012597398139566798,0.01748853512180376
compas,smote,0.09,0.01,123,0.6399838012958963,0.07701123927832002,0.012320148188438351
compas,smote,0.09,0.01,456,0.6544276457883369,0.05391878342245987,0.03324435335052238
compas,smote,0.09,0.01,789,0.6565874730021598,0.052286067346308335,0.04506056046884317
compas,tvae,0.01,0.09,123,0.6025917926565875,0.13617272996154983,0.09625537060532456
compas,tvae,0.01,0.09,456,0.5045896328293736,0.006283422459893051,0.013502235782558908
compas,tvae,0.01,0.09,789,0.5755939524838013,0.1292820856073868,0.08452203509320722
compas,tvae,0.02,0.08,123,0.5720842332613391,0.15863649807749186,0.08208841116455616
compas,tvae,0.02,0.08,456,0.5480561555075594,0.013296568627451016,0.018458774877530948
compas,tvae,0.02,0.08,789,0.5498110151187905,0.011910891428963717,0.004124029614343557
compas,tvae,0.03,0.07,123,0.6220302375809935,0.052543626146110634,0.03429016967669568
compas,tvae,0.03,0.07,456,0.5896328293736501,0.02318126114081998,0.02023584558802073
compas,tvae,0.03,0.07,789,0.6551025917926566,0.058739230425977396,0.06273001247742917
compas,tvae,0.05,0.05,123,0.5924676025917927,0.03530020703933748,0.005127826534554545
compas,tvae,0.05,0.05,456,0.6046166306695464,0.010789884135472369,0.021088781168769773
compas,tvae,0.05,0.05,789,0.6452483801295896,0.007847629835581627,0.031158556726781653
compas,tvae,0.07,0.03,123,0.6411987041036717,0.07244897959183674,0.013964449248144419
compas,tvae,0.07,0.03,456,0.6259449244060475,0.011168672014260257,0.013811837100100727
compas,tvae,0.07,0.03,789,0.6575323974082073,0.023946212199224243,0.016469564527217484
compas,tvae,0.09,0.01,123,0.6553725701943844,0.045504288671990537,0.025960114246095997
compas,tvae,0.09,0.01,456,0.6594222462203023,0.007116198752228159,0.013395144657641064
compas,tvae,0.09,0.01,789,0.6617170626349892,0.0647590361445783,0.02149409335544799
