dataset,alpha,seed,distribution_label,train_rows,root_rows,client_pool_rows,client_pool_sensitive0,client_pool_sensitive1,client_samples_min_including_empty,client_samples_max,client_samples_min_nonempty,client_samples_cv_population_sd,empty_clients,nonempty_clients,clients_missing_any_sensitive_including_empty,nonempty_single_sensitive_group_clients,clients_missing_any_joint_cell_including_empty_archived,nonempty_missing_any_joint_cell_archived,sensitive1_fraction_min_nonempty,sensitive1_fraction_max_nonempty,sensitive1_fraction_population_sd_nonempty,label1_fraction_min_nonempty_archived,label1_fraction_max_nonempty_archived,first4_nominal_sample_fraction,first4_sensitive0_population_coverage,first4_sensitive1_population_coverage,first4_nonempty_clients,sdfa_changed_sensitive_annotations_first4,source_result_sha256,source_sdfa_result_sha256
adult,0.1,1001,non-IID,30162,3016,27146,8804,18342,0,8151,1,1.9843225385792318,4,16,16,12,17,13,0.0,1.0,0.4721632663625341,0.0,1.0,0.024534001326162232,0.07564743298500681,0.0,3,0,eb8c261ea05b640d7c800f36a21374cb346382952d283d17dec54fe07871e93e,9431bc2568af4f3b69775e068c7c9c5e8421fd9d3e068835a6fba3e520f666ad
adult,0.1,123,non-IID,30162,3016,27146,8804,18342,0,18094,3,3.0229032701372107,6,14,15,9,17,11,0.0,1.0,0.4420643648069068,0.0,0.6666666666666666,0.66680173874604,0.0009086778736937755,0.9864245992803402,3,18093,ab4d395044009d66a7907ce6422c493ad9440134769237bcdbc446aa63529f46,d288049ec39bc15200ed0cb6dd963096f7599cef14864582d180bb36528e8a8e
adult,0.1,2024,non-IID,30162,3016,27146,8804,18342,0,8795,4,1.9520654346988602,3,17,12,9,13,10,0.0,1.0,0.45932192050511356,0.10787172011661808,0.35909090909090907,0.01911883887128859,0.05895047705588369,0.0,3,0,ce2a92d582c04f0b8354b1e6b4233d846eafcbfea1d4ba67bd7938d18c50e652,f97ffc9f6fd95ad8f17a36043908107db896b2ebe17431fa2b6f7fee31a4232d
adult,0.1,3141,non-IID,30162,3016,27146,8804,18342,1,8028,1,1.640478507944373,0,20,11,11,12,12,0.0,1.0,0.46204403965004703,0.0,0.37681159420289856,0.36690488469756133,0.05372557928214448,0.5172282193871988,4,9487,a90751f867282c0461bead93a86f09798de2a988265bdc11e15db4dcced95cfd,57022402737e155ee7c4e24d19978b66c43e6f11ce8c8258dd9b723a49641647
adult,0.1,4242,non-IID,30162,3016,27146,8804,18342,0,12068,2,2.0447540315820953,4,16,13,9,17,13,0.0,1.0,0.44881910484629745,0.0,0.5,0.04914167833198261,0.15140845070422534,5.4519681605059426e-05,3,1,fff33bd2a5a72a0c50a9d898cc59db1c083e81271d17123930c99807ff5e8142,a41f2b0bde68f090030e3794f559d82608fe713f8d8e077762cb37067cdc46d8
adult,0.1,456,non-IID,30162,3016,27146,8804,18342,0,7648,5,1.520431598976899,3,17,12,9,15,12,0.0,1.0,0.4436485060707987,0.10304789550072568,0.3559322033898305,0.27845723126795846,0.5403225806451613,0.15276414785737652,3,2802,c130d90121207bd26f75a659761f24f78616a9e5c5d413e0a78782b015ac1096,376d81cfcc8a7a43dfac79bf9069f8d8e1f4241b1398b1915646e887a638f032
adult,0.1,5050,non-IID,30162,3016,27146,8804,18342,0,12233,10,2.0005862512778365,2,18,14,12,17,15,0.0,1.0,0.462220714157614,0.058823529411764705,0.35947712418300654,0.04877329993369189,0.12755565651976375,0.010958456002616945,4,201,493057b09b3bd251f93080eb458b7cb1e94e4f9a4c216b0a4629286d450639a0,581cdda32e25dd7e081bf2d6da08938d4cb41eb58af7d5f7f92c0d307e0e0624
adult,0.1,6060,non-IID,30162,3016,27146,8804,18342,0,8378,1,1.7889093162984682,2,18,12,10,14,12,0.0,1.0,0.4344205294511862,0.0,0.4,0.3368820452368673,0.8941390277146751,0.06940355468324065,4,1273,f77132cabe742eca4e6ea3b7b06398f99d6d0fd230b1f2404a7678a2940dda5c,763b46f57869c146817ee7ecc51b65814abfdc9ce428ee9e8a79ab1ddef9a608
adult,0.1,7070,non-IID,30162,3016,27146,8804,18342,0,9648,1,1.889409078670101,3,17,16,13,17,14,0.0,1.0,0.4615968881339485,0.0,0.38961038961038963,0.22076917409563104,0.00011358473421172194,0.32668193217751607,3,5992,d15cc7a11831c15982f1fd926e6ee58cde96892f6b2b40f0f83393f368c6b480,37414a02ed8d6b1e5969e0f1168fc41d8bc230482df8535765e0b9706ebd20aa
adult,0.1,789,non-IID,30162,3016,27146,8804,18342,0,11044,1,2.015539349984549,2,18,12,10,15,13,0.0,1.0,0.4390049594403808,0.0,0.4444444444444444,0.07091284167096441,0.0010222626079054976,0.10445970995529386,3,1916,e3627ae02f41b0ebc06ca61f7e26956baf2f1baeec101bf3d07e968ac608325d,d15021414fed50cc18099a6ac405132e04b79f23b0cbffa9302d31608c0d1fbc
adult,0.5,1001,non-IID,30162,3016,27146,8804,18342,41,5431,41,1.1097751534948461,0,20,1,1,3,3,0.024390243902439025,1.0,0.3871246422411196,0.0975609756097561,0.35064935064935066,0.18028438812348044,0.5233984552476147,0.015592628939046995,4,286,16cdbf0ec02307836719b7eb83dd9b560028130fb2c606246fc9d33deaed5785,0d62687517dd02f92f310d2eaf622fdd59d3ae66c89451d0ed14b613c2a5e42a
adult,0.5,123,non-IID,30162,3016,27146,8804,18342,54,9072,54,1.4793602987794312,0,20,0,0,3,3,0.00558659217877095,0.9944008958566629,0.39982125190614826,0.09497206703910614,0.3303471444568869,0.37744050688867603,0.08507496592457973,0.5177734162032493,4,9497,0c745c2931b0db178eb2eb43687753d2f2555c2766c26d7a112ebca6c0f23a82,7daf885addb21397ba112ce392a83c41a28956076e2684a1e071c7204e6f0230
adult,0.5,2024,non-IID,30162,3016,27146,8804,18342,68,5009,68,0.9822259990841896,0,20,0,0,1,1,0.053952321204516936,0.9991037418776607,0.2963313328834123,0.1152073732718894,0.3199320498301246,0.11673911441833051,0.1412994093593821,0.1049503870897394,4,1925,99bae3a923a192c60dc8cecda6d3294199ba434a68ac7e90419795177df1f287,b45a93500c9da36c15058a9f8f40b6bf33ae968c6bf74dd3a2b71c73155007d5
adult,0.5,3141,non-IID,30162,3016,27146,8804,18342,53,5104,53,0.985251867577336,0,20,0,0,1,1,0.02022058823529412,0.9960861056751468,0.3553915139428989,0.09433962264150944,0.31650485436893205,0.30811169233036173,0.07769195820081781,0.4187111547268564,4,7680,5d9f1520992e31edc2a7517e5337406976589fbcd167f113cc3225ebdc42ca93,ac510ced979f40e3b54d33acb419deca2687b3d6a1351953685ac318adf1e170
adult,0.5,4242,non-IID,30162,3016,27146,8804,18342,129,5731,129,0.9621138598693966,0,20,0,0,1,1,0.03875968992248062,0.9955436720142602,0.35048749181370403,0.12667261373773417,0.3210161662817552,0.18238414499373756,0.2756701499318492,0.13760767637117,4,2524,d60003b6d5da276b56df4355da7e8545ee44656cedf5ca57316c362b521c3cdf,d7a8e702bcf5920e045564d0689decdefabee2c260cb64fb7bdc88633a35ece3
adult,0.5,456,non-IID,30162,3016,27146,8804,18342,2,4423,2,0.8020522464622407,0,20,3,3,5,5,0.0,1.0,0.3613054984203336,0.1130690161527166,0.5,0.21557503867973182,0.2921399363925488,0.17882455566459493,4,3280,24dc9477780a973e417e3ea98d564fe88d3f89b5554ed5e730bc6c6a60a73c3b,8aa278927a2c03d18550e7b4a68b9217bff58537618be55af3ff3760e2ce3416
adult,0.5,5050,non-IID,30162,3016,27146,8804,18342,166,6474,166,1.03089569217014,0,20,1,1,3,3,0.00948905109489051,1.0,0.3904263535933497,0.0938337801608579,0.3216821409066084,0.14503057540705813,0.18355293048614266,0.12654018100534292,4,2321,6939674eca2a153f0402d26da900fde067706da61003c7d095a2639246421f3c,2d9704b96579310d2d5e9fa5ebd0ea38b862acfd478007728459dad1fb18ded3
adult,0.5,6060,non-IID,30162,3016,27146,8804,18342,31,3894,31,0.8367526049785792,0,20,0,0,1,1,0.01147396293027361,0.9952830188679245,0.3271128057161356,0.0945273631840796,0.31678486997635935,0.22725263390554779,0.12721490231712856,0.275269872423945,4,5049,3bc50692fa9120bd7edd23dde6827c5f294e58ed8efb312ab8fa19797654666c,0adb6226ab9d84cf1955c07d873960b9df3d6bd299113a2e5008a08d05a57f31
adult,0.5,7070,non-IID,30162,3016,27146,8804,18342,63,4647,63,0.951057061395807,0,20,0,0,2,2,0.048582995951417005,0.9973086124401914,0.3298269486945979,0.10377358490566038,0.33380281690140845,0.1604287924556104,0.029532030895047707,0.22325809617271836,4,4095,ef8d61b5564f17eeffc08dda13c1d35bf409eafd2ac308ed56eb3c278fed17b9,572eaddfa07129096eff686b25547b62783e4fea5423257a67a3cd285c0a7cff
adult,0.5,789,non-IID,30162,3016,27146,8804,18342,5,5019,5,0.8288216339196739,0,20,1,1,2,2,0.006269592476489028,1.0,0.3296269805516313,0.11314865392118612,0.4,0.16632284682826198,0.22035438437074056,0.14038818013302803,4,2575,217c860d5e0a03da679dc3de68b82ad2e2bbdf5543c9a97cb18f050a6e88e1fc,90cdc5b7744e076ba280d80b30577a7f73b9a02da821f946f2b9fdc4731605c6
adult,1.0,1001,non-IID,30162,3016,27146,8804,18342,149,3524,149,0.8565771998375472,0,20,0,0,0,0,0.18295739348370926,0.9171494785631518,0.24838148150786343,0.1610738255033557,0.3002645502645503,0.2835776910041995,0.30872330758746025,0.27150801439319594,4,4980,0d65100aebc57014509911736120e7accd88a37e92582c061cc2949275538897,3cdb162f895d71e48e103956527b7cd26acf835e7cd6ce55c70a3daa7f478755
adult,1.0,123,non-IID,30162,3016,27146,8804,18342,225,4524,225,0.827343802756866,0,20,0,0,0,0,0.0351493848857645,0.9737586827887831,0.32920860672182045,0.11555555555555555,0.32033983008495753,0.28162528549325866,0.3040663334847796,0.27085377821393525,4,4968,1e6e69ae50042cddf3d11eb5f1b03abd3ab7bd7e72526ddac9b12e9c59b74878,2e9898f49fc8da5d473d58f79283be10e04e44888e396385fa1bea9e46eab4a4
adult,1.0,2024,non-IID,30162,3016,27146,8804,18342,419,3713,419,0.6069735935523216,0,20,0,0,0,0,0.07811348563006633,0.9719667104686815,0.28443524747812465,0.12380250552689757,0.31937639198218265,0.16798054962057024,0.17821444797819172,0.16306836768073274,4,2991,b601f6d52b8b088598b1edd962558600f9b70570d32152a7d62b80e7a96f4709,ded5a83c3d73fb4dbc49d8f0ab8b2f9bac5beee0867bea20225256a06e90bb41
adult,1.0,3141,non-IID,30162,3016,27146,8804,18342,257,3091,257,0.5756173915818864,0,20,0,0,2,2,0.12552571983176966,0.9931880108991825,0.2797852050035331,0.1397605952766095,0.3171745152354571,0.26696382524128787,0.046910495229441164,0.3725875040889761,4,6834,5a18cbe0da1f85269bf025e202823470c1c625c39ac4747669ff55f61c3bdbe9,adfe82accdc0db2530bc372401d1f602bb4fb240c21b5a8d6cf956129abff412
adult,1.0,4242,non-IID,30162,3016,27146,8804,18342,61,6472,61,1.0618422338177045,0,20,0,0,0,0,0.14636542239685657,0.9633333333333334,0.25448902551915503,0.137524557956778,0.30434782608695654,0.16624917114860385,0.16912766924125397,0.1648675171736997,4,3024,489ae5c5b9f4539d8985ba0a69eb1213358e011af3c4be2a252476cec14692da,81345a529c76ba315429073318f97f068c72d3bd374fb4ebd52c051014b34327
adult,1.0,456,non-IID,30162,3016,27146,8804,18342,26,3811,26,0.6651954755515858,0,20,0,0,0,0,0.09381663113006397,0.9584382871536524,0.24954172602498967,0.13717128642501777,0.31150293870696893,0.2445664186252118,0.18741481144934122,0.2719986915276415,4,4989,22d883dda6f569633d906995526660174be7671df337900527849bb32912784e,7f22342ecb7a0f20d58f9a8cd0e1c34b5a69d65b8c75c5b3ea3f4c7a627e7f04
adult,1.0,5050,non-IID,30162,3016,27146,8804,18342,519,3171,519,0.5732031846097636,0,20,0,0,0,0,0.11946050096339114,0.9461134954697187,0.27758335461352024,0.14258188824662812,0.3056792873051225,0.17899506372946292,0.2644252612448887,0.1379893141424054,4,2531,5147bf878a23e828e432b4cf8394a270077a9b40b90a990e2e8ee718ac87b6a7,46eb873ca02b768ac597ef9a84c7b549227bfe2734009b8cadb0c91d8fe2312a
adult,1.0,6060,non-IID,30162,3016,27146,8804,18342,279,3035,279,0.5418704294865492,0,20,0,0,0,0,0.02063983488132095,0.9936788874841972,0.29149488223858033,0.10629514963880289,0.32616940581542353,0.2421719590363221,0.22682871422080872,0.249536582706357,4,4577,7726a9de20ad234a97c781c5509e7ea912e2263d41ab6f708ee78bf62142e4cf,2a52a78bbe37f152d156409631b15f9ce9aa813985faab50bccc94f83422a9c1
adult,1.0,7070,non-IID,30162,3016,27146,8804,18342,147,3747,147,0.6462723825950042,0,20,0,0,0,0,0.05223880597014925,0.9338137176407793,0.2396373655876579,0.10980810234541578,0.32195121951219513,0.28674574522949975,0.2690822353475693,0.2952240758913968,4,5415,32d25bda5103c7f294e2db8dcb5c08649c3a88aabc36e536f0ac8c08493288d1,5a7f49fd973854075bc6a95060edd05cd9c853553f52b42c8f186d4c907ed639
adult,1.0,789,non-IID,30162,3016,27146,8804,18342,339,3647,339,0.6763937445043352,0,20,0,0,0,0,0.014652014652014652,0.9882643607164917,0.3365059565930445,0.10619469026548672,0.30543545398394073,0.16090768437338834,0.10370286233530214,0.18836549994548032,4,3455,16c9112da6f50baaa93fb08bda76082240f7b8f604c728e75851356acc8d9acf,2baa72b27a7a7469ea26bd47748f773d27311dff3cdd6cd46892108fc74e328e
compas,0.1,1001,non-IID,4320,432,3888,1888,2000,0,1494,1,1.9833495194399713,6,14,14,8,18,12,0.0,1.0,0.4423045749766901,0.2962962962962963,1.0,0.5041152263374485,0.8935381355932204,0.1365,3,273,ffc639b0fee3914c23aaa6910469b2b44a5242d2d8bfed32787131a1f1a5f07f,2fce3eac937bac2795ec96569c41d706eb334db455281e826a6dd459fbe2fde4
compas,0.1,123,non-IID,4320,432,3888,1888,2000,0,912,2,1.5635519710617591,4,16,12,8,14,10,0.0,1.0,0.40018528294784056,0.0,0.6808510638297872,0.3006687242798354,0.5582627118644068,0.0575,3,115,602c4007de41591cd82c5e7f731a6dce9083e5db67bfa2bc2b21afa5cff7f5ad,7b49f9773be0391aeaf0f0193725e392ab00171044f29c7c0844b62ac014a0a6
compas,0.1,2024,non-IID,4320,432,3888,1888,2000,0,1130,1,1.5155410519615977,4,16,13,9,15,11,0.0,1.0,0.44909586535940926,0.30434782608695654,1.0,0.08436213991769548,0.06302966101694915,0.1045,3,209,8dce8acb6164acb8e14b8f43698ea12061cd6f54b5ca907a7ddccf7fbc58d159,0bf14336f61114fc57e0001dabacbef422d3a031bd96afcc347fcdb3c11749a7
compas,0.1,3141,non-IID,4320,432,3888,1888,2000,0,997,1,1.6331428802548584,6,14,11,5,12,6,0.0,1.0,0.3909976602163407,0.2222222222222222,1.0,0.4675925925925926,0.3734110169491525,0.5565,3,1113,106c619a8cfea586dd9fb881b792a1053fc8bbb15ce19010e92992bcbb4694d2,68a25f939d6a00eeabefed9febe3cf9347c6a5d7545de7e5b9fb2821d6562d0c
compas,0.1,4242,non-IID,4320,432,3888,1888,2000,0,829,2,1.4456658190783545,2,18,15,13,16,14,0.0,1.0,0.43324028797866626,0.32142857142857145,1.0,0.20498971193415638,0.3585805084745763,0.06,3,120,bdc89a17d67ebd0bc8fdd12c70ddd2afe2d07fa3db6a76c7e57c4e79ee39bd45,e4c563b26de59c1001a4c85c4f383dbeaa104f15696913acbe03043a761e9129
compas,0.1,456,non-IID,4320,432,3888,1888,2000,0,1638,1,2.0402653472672942,6,14,14,8,17,11,0.0,1.0,0.3901422063350342,0.14285714285714285,1.0,0.6545781893004116,0.8638771186440678,0.457,2,914,43f701da3a79e017ef656160403d384494e8f4c8d57870db95f6ac126377aa34,59a7e9a8bed0c045b438be007c8ec5c44ee3700951e0d52a3eccc046d913c19d
compas,0.1,5050,non-IID,4320,432,3888,1888,2000,0,1442,1,1.7456868217511285,2,18,11,9,15,13,0.0,1.0,0.43558600407056736,0.0,1.0,0.4251543209876543,0.8273305084745762,0.0455,4,91,08493a87e2daf0640c97fa6dd02cfaa00708b96650bf32986e0c411e391ec96e,729a163781246b36044fd7ad28adeabf7919c01bd1b68f55eafc438a70c3c69f
compas,0.1,6060,non-IID,4320,432,3888,1888,2000,0,1116,4,1.770757702853721,4,16,8,4,11,7,0.0,1.0,0.4202330556320308,0.16666666666666666,0.6363636363636364,0.32664609053497945,0.6038135593220338,0.065,3,130,bb8c4c603fcfa881a432f549a81fce12e0a2ea510d4088a7297f165d5d9fee1b,16cd33177a3c216209b61d409d7a3640afa60eb46dd4808601c12d15922407f9
compas,0.1,7070,non-IID,4320,432,3888,1888,2000,0,1509,1,2.12348046649958,7,13,12,5,15,8,0.0,1.0,0.42484788557407044,0.0,0.7142857142857143,0.013374485596707819,0.01059322033898305,0.016,3,32,b71a69947929dcc01247f509210c6ad6d6fd662b0f59c0ce218ff2e124bf6311,4f07ca83bbf2832310f0081c2daec6ecc8dc5ee86b596fe877f0853281ff6dbe
compas,0.1,789,non-IID,4320,432,3888,1888,2000,0,1081,1,1.493467353702353,3,17,12,9,16,13,0.0,1.0,0.4296324800382069,0.2857142857142857,1.0,0.3289609053497942,0.3130296610169492,0.344,3,688,8a5e9d20e42e544dcb74f8aeeec6320b26f28bdd808fcd272efbedbbc0b94bc1,544bec9a46dc4f0088de023d688340f4e8da0f7fe3cf055a4c5c0a15f70d67aa
compas,0.5,1001,non-IID,4320,432,3888,1888,2000,5,867,5,1.101408684264338,0,20,3,3,6,6,0.0,1.0,0.3794380405215102,0.3076923076923077,0.546875,0.3420781893004115,0.5704449152542372,0.1265,4,253,c44bbb0453d36f1788174fea12cbf64425df9b7e04611d5102b98968abc100b9,e80e85e9eb90caf7f987a95ce283b635b87155946691fbbf0080295708c3ba51
compas,0.5,123,non-IID,4320,432,3888,1888,2000,3,548,3,0.7701261549700267,0,20,3,3,6,6,0.0,1.0,0.3713877873276143,0.2692307692307692,1.0,0.2366255144032922,0.3866525423728814,0.095,4,190,a451be3ef79c7d932384717819548d9822f2070f07012835beefef83cbee2aae,bd9d7b2d317df775f73d3da66f893781d2f78ef97eb64283ddf6dbe6fc9d0c42
compas,0.5,2024,non-IID,4320,432,3888,1888,2000,6,573,6,0.8214642092855436,0,20,2,2,3,3,0.0,0.9603174603174603,0.2926016342841384,0.16666666666666666,0.5641025641025641,0.12911522633744857,0.1128177966101695,0.1445,4,289,d5811e09912eea0be29a722bfc22b9e8926d0d5485f82a73b69329a4faa6eb4f,04f97ad3d6451187db3ce15825a6d5953f04d8f68bd86f7ee0233cd2883a06ab
compas,0.5,3141,non-IID,4320,432,3888,1888,2000,5,535,5,0.8615854360803513,0,20,1,1,6,6,0.0,0.9929577464788732,0.3641793851051622,0.28,0.8,0.24305555555555555,0.263771186440678,0.2235,4,447,d293121ab4dbd6d522096af6e1963c9cb5ecc444dac4a5dec896eadec6ceda75,696b0fade094db3026d763f937a8a4d64d6ffe92bee9925a6d4fe68887e68f49
compas,0.5,4242,non-IID,4320,432,3888,1888,2000,28,639,28,0.8207278330989529,0,20,1,1,2,2,0.028901734104046242,1.0,0.3030538170495998,0.2641509433962264,0.5757575757575758,0.12731481481481483,0.12870762711864406,0.126,4,252,1f6ca98e0dac86bcb7215093341fb91904c27495b8451084b0ac155947238070,2dfcf8a55c2fdff81b3d592740db0fea3e5509ed355d3a35d28e70a2e6f8de61
compas,0.5,456,non-IID,4320,432,3888,1888,2000,2,977,2,1.2443206174649073,0,20,1,1,3,3,0.0,0.9849624060150376,0.30406720908853974,0.29292929292929293,0.5416666666666666,0.2952674897119342,0.2770127118644068,0.3125,4,625,753504b01a831e0a728f7f110a95662f57311427d8438087d37311d556965545,f3a1e33e176d1213f55e310df58ec426628a2704f4982493d3cd30c963ada2f4
compas,0.5,5050,non-IID,4320,432,3888,1888,2000,41,786,41,0.8719240503395549,0,20,1,1,2,2,0.03636363636363636,1.0,0.3246958215165561,0.37681159420289856,0.5441176470588235,0.3436213991769547,0.517478813559322,0.1795,4,359,51f434ebead55da85c6028b745e84e4cd807c865283fecd98e958bfa48fd7548,7f7be6768650f05772e01b342fb76fa8a04cc09d471f094299b8ba892d6d4108
compas,0.5,6060,non-IID,4320,432,3888,1888,2000,10,741,10,0.8328289384453154,0,20,1,1,2,2,0.0,0.9594594594594594,0.33884042403193904,0.35185185185185186,0.6,0.2970679012345679,0.3463983050847458,0.2505,4,501,844bdac704784ff003e86ae6e85905d9ca55f4699a91d0baa2dc7baed159b6aa,fb576a14287eaf06a03d4d55e93d7a406aa872a3f27396c1018c3fb65c83c9d5
compas,0.5,7070,non-IID,4320,432,3888,1888,2000,2,763,2,0.9749230345872067,0,20,3,3,4,4,0.07253886010362694,1.0,0.3206397840664336,0.352,1.0,0.12191358024691358,0.1149364406779661,0.1285,4,257,ce57627cce9c56703c3612a17b8cd96955c246d1cf39e663b398cd4ef9dc9924,9526b092cfa8ff775b3c0518f65e772e402e5dab66ff5465cc064e6f83bf13cd
compas,0.5,789,non-IID,4320,432,3888,1888,2000,1,770,1,0.8793233408942661,0,20,2,2,2,2,0.0,1.0,0.3349088749689257,0.35064935064935066,1.0,0.32021604938271603,0.2330508474576271,0.4025,4,805,d6d516b463c329c8db0d61d83ec371cde01b489bf7d159737411cc706b07d043,f4734fe6e1094114efb180810028097c3379bac1d098fd99ed6a6da6af1d97c0
compas,1.0,1001,non-IID,4320,432,3888,1888,2000,28,435,28,0.5837523262808005,0,20,0,0,0,0,0.07142857142857142,0.9932432432432432,0.34205214249002686,0.32142857142857145,0.5284552845528455,0.19161522633744857,0.1832627118644068,0.1995,4,399,a9de7a8ff19f51d710ef5855e068ea6adf632a75dba12b1c98fce6df4a9bfaf0,1bf54b50daee0fcf2f3af23b361ab4d763be600ffcde00cff8ce17eb1e242be7
compas,1.0,123,non-IID,4320,432,3888,1888,2000,25,479,25,0.6966061462180315,0,20,0,0,1,1,0.07692307692307693,0.9908814589665653,0.294837556890842,0.3263157894736842,0.5384615384615384,0.19161522633744857,0.2468220338983051,0.1395,4,279,0bf6f786777ea4ba4d8f87b9b3712e7429a3a8d382a04165c87c6fadbdb37a0f,8fcdc3430bd6c4835327bf0fd7fc0b2017df6d0f12bf3353868b081bfbe2f05c
compas,1.0,2024,non-IID,4320,432,3888,1888,2000,11,448,11,0.6236222939678385,0,20,1,1,3,3,0.0,0.98,0.2942179447499503,0.18181818181818182,0.5227272727272727,0.24434156378600824,0.256885593220339,0.2325,4,465,f6e87c790dfd3646c1de59315667a405ccb22d34a179af2832f905a021bba21b,d73cc1961bd451995218c3f37175dc014af2707424b66a04dcbb3900cd07e7a5
compas,1.0,3141,non-IID,4320,432,3888,1888,2000,17,391,17,0.4628412048394362,0,20,0,0,0,0,0.06293706293706294,0.9425287356321839,0.3083389445428594,0.32867132867132864,0.5736434108527132,0.1550925925925926,0.1620762711864407,0.1485,4,297,79c343857a40883f6af04bffb8f9eed89f6aa8bab6e602f56619a8b31b1448cc,b6400d3cfe6395b4eee94806b315f734802075dc3b69284553920b68fb907386
compas,1.0,4242,non-IID,4320,432,3888,1888,2000,32,699,32,0.7989569124034079,0,20,0,0,0,0,0.030927835051546393,0.9141104294478528,0.2755515148547518,0.35051546391752575,0.5625,0.09233539094650206,0.06408898305084745,0.119,4,238,914976de6a529e2c40032a8811d32b89a0cfc4a0eb283416682001a63de1b863,85d73c537b74f9848d5620b02183a98ad6a6ffdcd8757495d19902859b1e4560
compas,1.0,456,non-IID,4320,432,3888,1888,2000,14,506,14,0.6555815173921913,0,20,0,0,2,2,0.010526315789473684,0.9629629629629629,0.26106850998639936,0.3684210526315789,0.51875,0.21064814814814814,0.1853813559322034,0.2345,4,469,a6dac57d2bfa256e492a15695584987d003fc57e4ee14bb06f3a70cbc88b1d71,41444a37797a68aff123dddfba66131683be1425f10e37476fcd2d153ca43550
compas,1.0,5050,non-IID,4320,432,3888,1888,2000,32,615,32,0.7414930307703692,0,20,0,0,1,1,0.05555555555555555,0.9708029197080292,0.32073255981234156,0.3404255319148936,0.65625,0.26954732510288065,0.256885593220339,0.2815,4,563,bec9b32d125611df1113461a5a606b708e2ff2daab66bb2c123fee70b59814d8,2c830617990b227e9e553e3b568d8cface94481d876ff1746c5ae3c4918a123b
compas,1.0,6060,non-IID,4320,432,3888,1888,2000,30,468,30,0.6745676953727994,0,20,0,0,1,1,0.041666666666666664,0.9444444444444444,0.2533345166224079,0.3541666666666667,0.541095890410959,0.18647119341563786,0.1451271186440678,0.2255,4,451,1396772a4098b31c4f728e3c1e7e635e86a0bc801ba1dbff2734b72f275e82b7,7b967ac421bec7d4a3ffc1314c7e3c132af768ea1c0eba5319c677fd55b3dc0e
compas,1.0,7070,non-IID,4320,432,3888,1888,2000,18,514,18,0.5098522963441988,0,20,0,0,1,1,0.05921052631578947,0.993006993006993,0.28261610697857126,0.2222222222222222,0.5404255319148936,0.1741255144032922,0.20497881355932204,0.145,4,290,d4c304e6b0a1e353809257d5457a5ce75411d73486b2480d696c02db1fe75237,ffa7a40c27fd4b02c663c74362a68b3f319f2f1051998e51ec9f04b804051dfc
compas,1.0,789,non-IID,4320,432,3888,1888,2000,69,477,69,0.5805273050754984,0,20,0,0,1,1,0.015625,0.9577464788732394,0.2777911871149558,0.34375,0.5813953488372093,0.2456275720164609,0.2828389830508475,0.2105,4,421,712ee3635f68be23d7ce7fa953afc8ebd542cd9c588bed0a049285a38532bed0,b8552f555d0ad19d4502a135593e15d5fb38c41fd8f0bcb54a0e7c1a2eb0501d
