dataset,seed,root_rows,train_rows,root_0_0,root_0_1,root_1_0,root_1_1,global_0_0,global_0_1,global_1_0,global_1_1,root_min_joint_support,root_joint_tvd,root_sensitive_tvd,root_label_tvd,root_sensitive1_fraction,root_label1_fraction,clean_root_tensor_sha_not_recomputed
adult,1001,3016,30162,882,96,1403,635,8670,1112,13984,6396,96,0.006548479941296651,4.4806673494490745e-05,0.006548479941296634,0.6757294429708223,0.24237400530503977,
adult,123,3016,30162,868,110,1390,648,8670,1112,13984,6396,110,0.003149834395590096,4.4806673494490745e-05,0.002403774700613162,0.6757294429708223,0.2513262599469496,
adult,2024,3016,30162,867,111,1413,625,8670,1112,13984,6396,111,0.004890655007609657,4.4806673494490745e-05,0.004890655007609657,0.6757294429708223,0.2440318302387268,
adult,3141,3016,30162,861,117,1398,640,8670,1112,13984,6396,117,0.00207220971387578,4.4806673494490745e-05,0.0020722097138757695,0.6757294429708223,0.2509946949602122,
adult,4242,3016,30162,871,107,1402,636,8670,1112,13984,6396,107,0.0025697001004478283,4.4806673494490745e-05,0.0025697001004478665,0.6757294429708223,0.2463527851458886,
adult,456,3016,30162,856,122,1400,638,8670,1112,13984,6396,122,0.0041445953126327435,4.4806673494490745e-05,0.003066904674087975,0.6757294429708223,0.2519893899204244,
adult,5050,3016,30162,875,103,1382,656,8670,1112,13984,6396,103,0.00812330919665111,4.4806673494490745e-05,0.0027353396873505825,0.6757294429708223,0.251657824933687,
adult,6060,3016,30162,847,131,1399,639,8670,1112,13984,6396,131,0.0067971152065319194,4.4806673494490745e-05,0.006382554541461957,0.6757294429708223,0.2553050397877984,
adult,7070,3016,30162,859,119,1397,641,8670,1112,13984,6396,119,0.0030669046740879786,4.4806673494490745e-05,0.003066904674087975,0.6757294429708223,0.2519893899204244,
adult,789,3016,30162,888,90,1431,607,8670,1112,13984,6396,90,0.017821689490368275,4.4806673494490745e-05,0.017821689490368248,0.6757294429708223,0.23110079575596817,
compas,1001,432,4320,133,77,111,111,1293,805,1075,1147,77,0.016666666666666677,0.00046296296296297057,0.016666666666666635,0.5138888888888888,0.4351851851851852,68fdf931d0abda28769ca622888d645d7b72e0cdab7b87012a2546af6f22ca07
compas,123,432,4320,135,75,100,122,1295,803,1051,1171,75,0.02407407407407404,0.00046296296296297057,0.0009259259259259411,0.5138888888888888,0.45601851851851855,15c294c331b1a2b488df49860987d80039ab381b0b8553660945a706a4ad2067
compas,2024,432,4320,137,73,116,106,1313,785,1044,1178,73,0.040046296296296316,0.00046296296296297057,0.0400462962962963,0.5138888888888888,0.41435185185185186,7f7ab2863567e0054727858c4c29dabb976dbe0721fac3d4f4de049f82a89f58
compas,3141,432,4320,127,83,108,114,1296,802,1066,1156,83,0.00972222222222223,0.00046296296296297057,0.0027777777777777957,0.5138888888888888,0.45601851851851855,a019a028b3e78c7bc85eac77434804b590b9bdef310c775b077839b2ba7a9c6b
compas,4242,432,4320,142,68,106,116,1283,815,1063,1159,68,0.03194444444444447,0.00046296296296297057,0.03101851851851853,0.5138888888888888,0.42592592592592593,52f0ffa36ab9d3a51d2fa91061fed3cdc20a967596af1e2009fbd83818d3758b
compas,456,432,4320,135,75,94,128,1302,796,1071,1151,75,0.04097222222222224,0.00046296296296297057,0.019212962962962987,0.5138888888888888,0.4699074074074074,e3a660fbc2f2525399194666d4817d2e5949caff5f5bc09f0cfcdefeb0afc19c
compas,5050,432,4320,129,81,99,123,1298,800,1044,1178,81,0.014351851851851866,0.00046296296296297057,0.014351851851851838,0.5138888888888888,0.4722222222222222,d892cdcfab98fd6dd3380de181bb60d9ba7392e3ac8240c3f194a03a84890a1d
compas,6060,432,4320,132,78,90,132,1259,839,1059,1163,78,0.05046296296296297,0.00046296296296297057,0.022685185185185225,0.5138888888888888,0.4861111111111111,76f244daa082cec4c2db13a0ee68a78fc185c25fc09c198d96714be50598749b
compas,7070,432,4320,126,84,93,129,1302,796,1041,1181,84,0.03541666666666664,0.00046296296296297057,0.03541666666666668,0.5138888888888888,0.4930555555555556,53ebf243e3d793e03ccbed87422097f693a10f159085d2238cbe17817a882fd7
compas,789,432,4320,126,84,113,109,1301,797,1059,1163,84,0.026388888888888906,0.00046296296296297057,0.0069444444444444475,0.5138888888888888,0.44675925925925924,cb22e7f935843f4d5d4ba455bf0e721d8ff6ca193d76fdca2af21eb4715f6458
