distribution,alpha,seed,client_rows,client_sample_min,client_sample_max,Male1_fraction_min,Male1_fraction_max,Smiling1_fraction_min,Smiling1_fraction_max,Smiling1_fraction_population_sd,joint_tvd_mean,joint_tvd_max,minimum_client_joint_support,empty_clients,missing_sensitive_group_clients,missing_label_clients,missing_joint_cell_clients,first4_sample_coverage,first4_Male0_Smiling0_coverage,first4_Male0_Smiling1_coverage,first4_Male1_Smiling0_coverage,first4_Male1_Smiling1_coverage,root_image_ids_sha256,client_union_sorted_ids_sha256
IID,5000.0,91001,146493,7233,7412,0.4111431316042267,0.42788985823336967,0.46990772620851123,0.4914230822011802,0.00592319659759868,0.008235487990801826,0.015691261305066526,1180,0,0,0,0,0.20009147194746507,0.19598679197358396,0.20009630537559098,0.20422821520531237,0.20044824775876122,b8a09c34ab73d6291d0e8e7aa2c58773dcae985c7010155a7df2d9adec6fb479,f54f7986c667af3ea9d2d978b52ac6deb4e35359024a46e9c6ee0b1f61fd7468
IID,5000.0,91002,146493,7208,7516,0.40495305483739286,0.4289242590559824,0.4721395726264539,0.49481972648155825,0.0052595612220192895,0.007730000040982332,0.016213708356606057,1170,0,0,0,0,0.19962728594540352,0.19957855184320097,0.20056930151083863,0.1987857104136174,0.19921763579316246,b912bf10cc84946c88b3162cabd26914a4d55b6ae8bac759f05e3bb8183954b3,a3e94a0e51db9599dcf13b3d32e84e96265a5fef7669569a0e58ba6ab9011254
IID,5000.0,91003,146493,7163,7532,0.4111248795263665,0.4277456647398844,0.46577380952380953,0.4875221600981863,0.005982644607871577,0.00790453707974075,0.013327580986317256,1176,0,0,0,0,0.19951123944488816,0.19823229116399563,0.20065667067965415,0.1981047786652227,0.20155102040816328,0714b84ec4bbfbb993a1f42d32cdf6ccf08a3edf7e8604200d6761223bb4441b,3efa9804ab198eb75eabcee18e8abbcbdd9dd5cafff2103525ec502454dec4d1
IID,5000.0,91004,146493,7226,7447,0.407188914803128,0.4287643484132343,0.47246376811594204,0.4884620699184745,0.005399033125269072,0.007188709030350721,0.012182659265257509,1185,0,0,0,0,0.20155911886574784,0.19992363497518137,0.20059860616520656,0.20139454121221986,0.2062090572486471,428470d23b3d16031dc9125fbf6391c7ebc6bc1fa062c563eb60fa8ddfd93ec9,38e1022b28a703a1c5dbfd2d7f94b189b4a9490587193d6236ef13e7df73a365
IID,5000.0,91005,146493,7216,7450,0.41080488139311666,0.4287277701778386,0.4741129366284689,0.4855221627555921,0.0033596677781179032,0.006670125031221552,0.010849667920546133,1161,0,0,0,0,0.19876717658864246,0.19920166785314755,0.19789616410794733,0.19832356770833334,0.20035814578161246,9f64191242bedac086d91b2ec1541d06b8a4381566fbffe361169bd3ce13a8de,4ece95743c93d900b0e121569b69ed0297b8bc2a0932abaa19cedc4eb625617b
IID,5000.0,91006,146493,7136,7442,0.41204394412043943,0.42792792792792794,0.47207501019160214,0.48826098826098824,0.0047233770839057755,0.006277897378576772,0.012573342302407864,1178,0,0,0,0,0.19886274429494924,0.1995421594811141,0.19854403952517324,0.19932267678136006,0.19767584097859328,f8b60acfdd7e62c09787da55a173f9beb60dc07b9d262319b81acab7632fa479,cb9cc7561404832b4dfe5fbe688a93da0ef06d699151d18e0b0eb6e1d941b0dc
IID,5000.0,91007,146493,7126,7419,0.40689936167323104,0.42969407802413695,0.4678513293543136,0.49629731212287437,0.006963026573737181,0.007470730355755922,0.01667029922806032,1179,0,0,0,0,0.19817329155659313,0.19377479401891975,0.20076966808064023,0.19852602487333026,0.199853228962818,1b90dbca172cde5e8400727845a8da589f8d6f3bb8f55957e41bd9d22a94f9e7,773f0eb107efa2db0052f5d2089a3694df115ae0df81d2d74caeca1076ac0eb2
IID,5000.0,91008,146493,7175,7445,0.411114183024606,0.4291481069042316,0.4728746051366571,0.4881082558775287,0.004325061402535975,0.006447357384915552,0.01007018439690889,1174,0,0,0,0,0.19967506979855693,0.1982066892528721,0.20204799021855419,0.19969057054448727,0.19757654617167486,b7c6f8ae8d38c58dfb8d684534a1a3e54047e2731f9c0ef0272bc3fa700729d7,183a0cf5311878f533d7de297232277f59d15c2f0226c82436aeec919d2bc143
IID,5000.0,91009,146493,7227,7461,0.4088985942404804,0.4242631004366812,0.4675824175824176,0.49271577789994503,0.006733808086343428,0.007381873763193762,0.013159699892206528,1176,0,0,0,0,0.20097888636317093,0.20194436668108823,0.20122364252157762,0.19908962826487483,0.20181840420760794,012322877bc962928024dfac212af726e036b160b9b78ef68bad540c812c1de6,bb0132afcffe3f09c10da220e527c047e3db2a3378dea4708c8d5dae1a59d952
IID,5000.0,91010,146493,7245,7491,0.41073399558498896,0.4280282455187398,0.462784949189783,0.4877154879869689,0.006315069069907811,0.008354241398098095,0.016917152617129255,1173,0,0,0,0,0.1991562736786058,0.20079310607793793,0.19812331853277632,0.19945229250833763,0.198012543781054,efa5dd7e9dc87494c74c3f3d2ebe780f02578da0fe507e532c6c7232af99aa4f,cee3a1e2426ccd8b638865edaa5b5d19edc5399d079f67bea44eab0acf0ab38d
non-IID,5.0,91001,146493,4683,10128,0.16844547563805104,0.6806050916246464,0.4375845529455172,0.51446249033256,0.01914032403277529,0.10657466552373118,0.2612335175562609,419,0,0,0,0,0.2048084208801786,0.1413766827533655,0.14631850814218175,0.29166553733568235,0.28488182559087205,b8a09c34ab73d6291d0e8e7aa2c58773dcae985c7010155a7df2d9adec6fb479,f54f7986c667af3ea9d2d978b52ac6deb4e35359024a46e9c6ee0b1f61fd7468
non-IID,5.0,91002,146493,3560,14251,0.1931425411309277,0.7430254184748915,0.44249845009299443,0.5092565947242206,0.01907493542950505,0.11726412105077946,0.32365384440650596,534,0,0,0,0,0.1835787375505997,0.20430080227480452,0.20731333479308078,0.15297880414159484,0.15215353897559186,b912bf10cc84946c88b3162cabd26914a4d55b6ae8bac759f05e3bb8183954b3,a3e94a0e51db9599dcf13b3d32e84e96265a5fef7669569a0e58ba6ab9011254
non-IID,5.0,91003,146493,2926,15638,0.15882874889086068,0.7081389320891653,0.4418398153081158,0.5226510067114094,0.020282715033823805,0.1324726046837099,0.2887673580207799,328,0,0,0,0,0.18091649430348208,0.17590734767480254,0.17719163839334573,0.18521727358873696,0.18942857142857142,0714b84ec4bbfbb993a1f42d32cdf6ccf08a3edf7e8604200d6761223bb4441b,3efa9804ab198eb75eabcee18e8abbcbdd9dd5cafff2103525ec502454dec4d1
non-IID,5.0,91004,146493,4583,11504,0.09832200804326723,0.7184485942950954,0.439154524933306,0.5219803078629871,0.021186844820048817,0.11901730418486807,0.3210495660251183,278,0,0,0,0,0.24661246612466126,0.20386916125747742,0.2052083105761038,0.3019697216343806,0.30902876673312446,428470d23b3d16031dc9125fbf6391c7ebc6bc1fa062c563eb60fa8ddfd93ec9,38e1022b28a703a1c5dbfd2d7f94b189b4a9490587193d6236ef13e7df73a365
non-IID,5.0,91005,146493,4135,11833,0.17421186314059464,0.7121128318584071,0.44026548672566373,0.5114298520842672,0.020860185170246542,0.12598062593648923,0.2927412577900216,449,0,0,0,0,0.1595229806202344,0.15394589647106682,0.15245155928793247,0.16807725694444445,0.16877619958487647,9f64191242bedac086d91b2ec1541d06b8a4381566fbffe361169bd3ce13a8de,4ece95743c93d900b0e121569b69ed0297b8bc2a0932abaa19cedc4eb625617b
non-IID,5.0,91006,146493,4663,11106,0.18584548892490546,0.7135941384273191,0.4401413057699856,0.5113524185587365,0.0220920326593326,0.13347228990751203,0.29422256435893357,458,0,0,0,0,0.15173421255623135,0.15225740811395141,0.15182650897405067,0.15245191005147657,0.14964322120285423,f8b60acfdd7e62c09787da55a173f9beb60dc07b9d262319b81acab7632fa479,cb9cc7561404832b4dfe5fbe688a93da0ef06d699151d18e0b0eb6e1d941b0dc
non-IID,5.0,91007,146493,4110,11045,0.20116869431937925,0.6979034307496823,0.44620923337568824,0.5055081904396973,0.01612595065610228,0.08218764527138345,0.2785318566812968,501,0,0,0,0,0.1561781108994969,0.15573186857898486,0.15957493331001005,0.15346682201208442,0.1546395955642531,1b90dbca172cde5e8400727845a8da589f8d6f3bb8f55957e41bd9d22a94f9e7,773f0eb107efa2db0052f5d2089a3694df115ae0df81d2d74caeca1076ac0eb2
non-IID,5.0,91008,146493,3056,11890,0.17037037037037037,0.6360189573459716,0.44823591363875726,0.5126156433978133,0.01886348167573688,0.11989186969333807,0.24900120369801515,330,0,0,0,0,0.18638433235717747,0.2014927274116718,0.20414401432283139,0.16372618207480594,0.16313585166510797,b7c6f8ae8d38c58dfb8d684534a1a3e54047e2731f9c0ef0272bc3fa700729d7,183a0cf5311878f533d7de297232277f59d15c2f0226c82436aeec919d2bc143
non-IID,5.0,91009,146493,4371,12266,0.14506059493206022,0.5848080588075143,0.44903988183161003,0.5238095238095238,0.01684570922186518,0.08777773151860492,0.2743109791363253,477,0,0,0,0,0.23161516249923206,0.25391291069656174,0.252594777668524,0.20052563129944728,0.2035308027887634,012322877bc962928024dfac212af726e036b160b9b78ef68bad540c812c1de6,bb0132afcffe3f09c10da220e527c047e3db2a3378dea4708c8d5dae1a59d952
non-IID,5.0,91010,146493,3705,10870,0.13582309582309582,0.6338297059946545,0.4374734607218684,0.5170515970515971,0.021957030682056813,0.10944081182359858,0.28354847824528967,541,0,0,0,0,0.1860566716498399,0.17865222806883754,0.17874406701808876,0.19652395542420217,0.19581330944041703,efa5dd7e9dc87494c74c3f3d2ebe780f02578da0fe507e532c6c7232af99aa4f,cee3a1e2426ccd8b638865edaa5b5d19edc5399d079f67bea44eab0acf0ab38d
