distribution,alpha,seed,root_rows,Male0_Smiling0,Male0_Smiling1,Male1_Smiling0,Male1_Smiling1,minimum_joint_support,joint_tvd_from_training,ordered_image_ids_sha256,ordered_joint_rows_sha256,reference_id,reference_result_sha256
IID,5000.0,91001,16277,4318,5133,4107,2719,2719,0.003544879277508156,b8a09c34ab73d6291d0e8e7aa2c58773dcae985c7010155a7df2d9adec6fb479,c68b37137d1d234c824695ec5f2cf1d667118b80e7e358aeedd5383eb9cf8425,GuardFed-AD2+_IID_Benign_seed91001,53d7549279d9d0196d91998810a4cfe42b661f5e2951b9d2830b7d7561a00163
IID,5000.0,91002,16277,4300,5151,4108,2718,2718,0.00471217054739817,b912bf10cc84946c88b3162cabd26914a4d55b6ae8bac759f05e3bb8183954b3,301cd26772fe911c604e1e6127bfab8ae009d2cb34fd70d4407e4455e8f10079,GuardFed-AD2+_IID_Benign_seed91002,986651fc2026dd623545da81ee114209b0b11bb3ea85fe855b5b9a344538351d
IID,5000.0,91003,16277,4315,5136,4067,2759,2759,0.005344965288443804,0714b84ec4bbfbb993a1f42d32cdf6ccf08a3edf7e8604200d6761223bb4441b,8b157ad418e718fb182f65839be259a21b50422bd42a59c4b9c5fed17e5d3a47,GuardFed-AD2+_IID_Benign_seed91003,528ce14e8aa29c1a5af40b7807c0987855726f134af5472c092aef9fd75dde78
IID,5000.0,91004,16277,4403,5048,4144,2682,2682,0.0047920378448117334,428470d23b3d16031dc9125fbf6391c7ebc6bc1fa062c563eb60fa8ddfd93ec9,e5ff18ad7c0926ae6d1bca0aa17b2afaf5143f2fe49c76b3494cd16c2140a932,GuardFed-AD2+_IID_Benign_seed91004,4a468d2bd9f88488322775854cae00e3adb56dc825fcbcc5ec58cd8d839cabae
IID,5000.0,91005,16277,4356,5095,4138,2688,2688,0.003114824599127583,9f64191242bedac086d91b2ec1541d06b8a4381566fbffe361169bd3ce13a8de,6e9636883565288f4a4ca97e3ea9bad83750c27fb6c2dbcc3f550ef1f3a3276c,GuardFed-AD2+_IID_Benign_seed91005,bd2fcdfd42bd732a49ecf63a920515f0e6d849ea9bbe363c62bd7a2088d58826
IID,5000.0,91006,16277,4373,5078,4092,2734,2734,0.000755667506297214,f8b60acfdd7e62c09787da55a173f9beb60dc07b9d262319b81acab7632fa479,ac3d13e1200b0dac88f78beb1e941a7bc2a1b1e7b0d939b2df74c05cd32d5fc2,GuardFed-AD2+_IID_Benign_seed91006,cffaa297e067df97a0d9e08d3890b3133bc716c8440e8bb5439657847a5be86c
IID,5000.0,91007,16277,4364,5087,4095,2731,2731,0.0006143638262578743,1b90dbca172cde5e8400727845a8da589f8d6f3bb8f55957e41bd9d22a94f9e7,65ae2ab395ff006fd95447ccd834fedc5e2d4d93016fd85b3b10c4fa87aee939,GuardFed-AD2+_IID_Benign_seed91007,08ff78bb648ec67b19a183c4c66151ee03c5d79718a5928f70c6dd292f8a000d
IID,5000.0,91008,16277,4431,5020,4160,2666,2666,0.007495238680346544,b7c6f8ae8d38c58dfb8d684534a1a3e54047e2731f9c0ef0272bc3fa700729d7,c96b3bfaf6e67e03ba048a63e6b2599530818127225e5ffabcd0ce5f903433bd,GuardFed-AD2+_IID_Benign_seed91008,0a96f8eacb922d810fe9126356328bf92ebacb1eb6bb4345bf11b52ddefd52f2
IID,5000.0,91009,16277,4395,5056,4094,2732,2732,0.001984395158813046,012322877bc962928024dfac212af726e036b160b9b78ef68bad540c812c1de6,dc141e95fb84dc1f7390060fa82486bbb7bb25aac2e8ec80fbaf9d17f878b389,GuardFed-AD2+_IID_Benign_seed91009,25cec402ddc071f08c260dc2d688fe0c70357149d954c7dca5b35adff11a29b2
IID,5000.0,91010,16277,4349,5102,4121,2705,2705,0.0025004607728697087,efa5dd7e9dc87494c74c3f3d2ebe780f02578da0fe507e532c6c7232af99aa4f,2a33bac6b81970375ba0b3f245b2f14905fb34f594f35570bfffe2b12762d631,GuardFed-AD2+_IID_Benign_seed91010,bc5fbb02f7795382edb53a63264167f465bb8d2f814d347f45117e3a347d0faf
non-IID,5.0,91001,16277,4318,5133,4107,2719,2719,0.003544879277508156,b8a09c34ab73d6291d0e8e7aa2c58773dcae985c7010155a7df2d9adec6fb479,c68b37137d1d234c824695ec5f2cf1d667118b80e7e358aeedd5383eb9cf8425,GuardFed-AD2+_lr0.0005_drop0.005_Benign_seed91001,11d664aa6158477f50ade3eabe15ac4489d5aae57c2169239a5b34d628778e8b
non-IID,5.0,91002,16277,4300,5151,4108,2718,2718,0.00471217054739817,b912bf10cc84946c88b3162cabd26914a4d55b6ae8bac759f05e3bb8183954b3,301cd26772fe911c604e1e6127bfab8ae009d2cb34fd70d4407e4455e8f10079,GuardFed-AD2+_lr0.0005_drop0.005_Benign_seed91002,f146c4123917254015bd06179e5e5dc2742c80f6dc70ca9bd4fde1f6466d101b
non-IID,5.0,91003,16277,4315,5136,4067,2759,2759,0.005344965288443804,0714b84ec4bbfbb993a1f42d32cdf6ccf08a3edf7e8604200d6761223bb4441b,8b157ad418e718fb182f65839be259a21b50422bd42a59c4b9c5fed17e5d3a47,GuardFed-AD2+_lr0.0005_drop0.005_Benign_seed91003,cb3ebf04ecde883855825cbaf5ebea67911eb7d98c7cfc826ff394fa0cc7e1fa
non-IID,5.0,91004,16277,4403,5048,4144,2682,2682,0.0047920378448117334,428470d23b3d16031dc9125fbf6391c7ebc6bc1fa062c563eb60fa8ddfd93ec9,e5ff18ad7c0926ae6d1bca0aa17b2afaf5143f2fe49c76b3494cd16c2140a932,GuardFed-AD2+_lr0.0005_drop0.005_Benign_seed91004,2ac06bfbb2ac19d747b28c36ce867f7a95699cb80c1fda1d7774bda15ebf7521
non-IID,5.0,91005,16277,4356,5095,4138,2688,2688,0.003114824599127583,9f64191242bedac086d91b2ec1541d06b8a4381566fbffe361169bd3ce13a8de,6e9636883565288f4a4ca97e3ea9bad83750c27fb6c2dbcc3f550ef1f3a3276c,GuardFed-AD2+_non-IID_Benign_seed91005,b532d4568b44db3e1017b8680f30204ff8441b6f0193bb071cc28d5b61ba941a
non-IID,5.0,91006,16277,4373,5078,4092,2734,2734,0.000755667506297214,f8b60acfdd7e62c09787da55a173f9beb60dc07b9d262319b81acab7632fa479,ac3d13e1200b0dac88f78beb1e941a7bc2a1b1e7b0d939b2df74c05cd32d5fc2,GuardFed-AD2+_non-IID_Benign_seed91006,b7e9c5169daeefe44d43ca9610d3dbc78a4f2bcaad50b479baa0ffc2c425dd98
non-IID,5.0,91007,16277,4364,5087,4095,2731,2731,0.0006143638262578743,1b90dbca172cde5e8400727845a8da589f8d6f3bb8f55957e41bd9d22a94f9e7,65ae2ab395ff006fd95447ccd834fedc5e2d4d93016fd85b3b10c4fa87aee939,GuardFed-AD2+_non-IID_Benign_seed91007,2cc382c0b67c3b279fdfe0dd7f2e5a729041e5db9e39b4e602bd66848aa78a4f
non-IID,5.0,91008,16277,4431,5020,4160,2666,2666,0.007495238680346544,b7c6f8ae8d38c58dfb8d684534a1a3e54047e2731f9c0ef0272bc3fa700729d7,c96b3bfaf6e67e03ba048a63e6b2599530818127225e5ffabcd0ce5f903433bd,GuardFed-AD2+_non-IID_Benign_seed91008,f651de362af86ad056f65de12ab60e5d77c578905616b30bfe6bf031187cea6e
non-IID,5.0,91009,16277,4395,5056,4094,2732,2732,0.001984395158813046,012322877bc962928024dfac212af726e036b160b9b78ef68bad540c812c1de6,dc141e95fb84dc1f7390060fa82486bbb7bb25aac2e8ec80fbaf9d17f878b389,GuardFed-AD2+_non-IID_Benign_seed91009,393b872cf97561cec026776c28c7e59a80e5aefcb62ee686cfa66c45e88aefec
non-IID,5.0,91010,16277,4349,5102,4121,2705,2705,0.0025004607728697087,efa5dd7e9dc87494c74c3f3d2ebe780f02578da0fe507e532c6c7232af99aa4f,2a33bac6b81970375ba0b3f245b2f14905fb34f594f35570bfffe2b12762d631,GuardFed-AD2+_non-IID_Benign_seed91010,8f8d5f9627065c5d00419a4f9cb531e2b3d14a9f4bd7247ebf3aefbda909eaed
