distribution,alpha,seed,client_id,sample_count,sensitive_Male0_count,sensitive_Male1_count,Male1_fraction_pre_attack,nominal_malicious,client_label_joint_counts_available
IID,5000.0,91001,0,7351,4252,3099,0.4215752958781118,True,False
IID,5000.0,91001,1,7320,4214,3106,0.4243169398907104,True,False
IID,5000.0,91001,2,7305,4195,3110,0.42573579739904177,True,False
IID,5000.0,91001,3,7336,4197,3139,0.42788985823336967,True,False
IID,5000.0,91001,4,7261,4199,3062,0.4217049993113896,False,False
IID,5000.0,91001,5,7406,4340,3066,0.41398865784499056,False,False
IID,5000.0,91001,6,7410,4304,3106,0.41916329284750337,False,False
IID,5000.0,91001,7,7412,4283,3129,0.42215326497571504,False,False
IID,5000.0,91001,8,7233,4168,3065,0.4237522466473109,False,False
IID,5000.0,91001,9,7259,4216,3043,0.41920374707259955,False,False
IID,5000.0,91001,10,7287,4291,2996,0.4111431316042267,False,False
IID,5000.0,91001,11,7403,4317,3086,0.4168580305281643,False,False
IID,5000.0,91001,12,7365,4266,3099,0.4207739307535642,False,False
IID,5000.0,91001,13,7383,4288,3095,0.4192062847081132,False,False
IID,5000.0,91001,14,7284,4234,3050,0.4187259747391543,False,False
IID,5000.0,91001,15,7387,4308,3079,0.41681332069852445,False,False
IID,5000.0,91001,16,7302,4259,3043,0.4167351410572446,False,False
IID,5000.0,91001,17,7252,4239,3013,0.41547159404302264,False,False
IID,5000.0,91001,18,7255,4263,2992,0.4124052377670572,False,False
IID,5000.0,91001,19,7282,4225,3057,0.4198022521285361,False,False
IID,5000.0,91002,0,7231,4173,3058,0.42290139676393307,True,False
IID,5000.0,91002,1,7256,4237,3019,0.41606945975744214,True,False
IID,5000.0,91002,2,7271,4226,3045,0.41878696190345205,True,False
IID,5000.0,91002,3,7486,4385,3101,0.41423991450707986,True,False
IID,5000.0,91002,4,7424,4355,3069,0.41338900862068967,False,False
IID,5000.0,91002,5,7208,4178,3030,0.42036625971143177,False,False
IID,5000.0,91002,6,7394,4301,3093,0.4183121449824182,False,False
IID,5000.0,91002,7,7516,4376,3140,0.4177754124534327,False,False
IID,5000.0,91002,8,7288,4162,3126,0.4289242590559824,False,False
IID,5000.0,91002,9,7353,4240,3113,0.4233646130830953,False,False
IID,5000.0,91002,10,7240,4202,3038,0.41961325966850826,False,False
IID,5000.0,91002,11,7243,4170,3073,0.4242717106171476,False,False
IID,5000.0,91002,12,7333,4260,3073,0.41906450293195147,False,False
IID,5000.0,91002,13,7423,4316,3107,0.4185639229422067,False,False
IID,5000.0,91002,14,7350,4236,3114,0.4236734693877551,False,False
IID,5000.0,91002,15,7331,4311,3020,0.4119492565816396,False,False
IID,5000.0,91002,16,7320,4208,3112,0.42513661202185793,False,False
IID,5000.0,91002,17,7238,4158,3080,0.425531914893617,False,False
IID,5000.0,91002,18,7239,4191,3048,0.42105263157894735,False,False
IID,5000.0,91002,19,7349,4373,2976,0.40495305483739286,False,False
IID,5000.0,91003,0,7286,4210,3076,0.4221795223716717,True,False
IID,5000.0,91003,1,7333,4211,3122,0.42574662484658393,True,False
IID,5000.0,91003,2,7233,4254,2979,0.411862297801742,True,False
IID,5000.0,91003,3,7375,4297,3078,0.41735593220338985,True,False
IID,5000.0,91003,4,7232,4174,3058,0.4228429203539823,False,False
IID,5000.0,91003,5,7297,4216,3081,0.42222831300534464,False,False
IID,5000.0,91003,6,7263,4277,2986,0.4111248795263665,False,False
IID,5000.0,91003,7,7271,4209,3062,0.421125017191583,False,False
IID,5000.0,91003,8,7270,4219,3051,0.4196698762035763,False,False
IID,5000.0,91003,9,7163,4174,2989,0.4172832612034064,False,False
IID,5000.0,91003,10,7392,4336,3056,0.4134199134199134,False,False
IID,5000.0,91003,11,7429,4255,3174,0.42724458204334365,False,False
IID,5000.0,91003,12,7367,4261,3106,0.4216098819057961,False,False
IID,5000.0,91003,13,7418,4317,3101,0.4180372067942842,False,False
IID,5000.0,91003,14,7311,4270,3041,0.41594857064697033,False,False
IID,5000.0,91003,15,7532,4414,3118,0.41396707381837494,False,False
IID,5000.0,91003,16,7343,4223,3120,0.42489445730627806,False,False
IID,5000.0,91003,17,7315,4252,3063,0.41872863978127134,False,False
IID,5000.0,91003,18,7266,4158,3108,0.4277456647398844,False,False
IID,5000.0,91003,19,7397,4331,3066,0.4144923617682844,False,False
IID,5000.0,91004,0,7414,4313,3101,0.41826274615592124,True,False
IID,5000.0,91004,1,7405,4230,3175,0.4287643484132343,True,False
IID,5000.0,91004,2,7369,4259,3110,0.42203826842176684,True,False
IID,5000.0,91004,3,7339,4234,3105,0.42308216378253166,True,False
IID,5000.0,91004,4,7447,4359,3088,0.41466362293541026,False,False
IID,5000.0,91004,5,7237,4193,3044,0.42061627746303715,False,False
IID,5000.0,91004,6,7354,4297,3057,0.41569214033179225,False,False
IID,5000.0,91004,7,7275,4205,3070,0.4219931271477663,False,False
IID,5000.0,91004,8,7226,4132,3094,0.4281760309991697,False,False
IID,5000.0,91004,9,7289,4321,2968,0.407188914803128,False,False
IID,5000.0,91004,10,7245,4223,3022,0.4171152518978606,False,False
IID,5000.0,91004,11,7234,4225,3009,0.4159524467790987,False,False
IID,5000.0,91004,12,7433,4286,3147,0.4233822144490784,False,False
IID,5000.0,91004,13,7264,4216,3048,0.4196035242290749,False,False
IID,5000.0,91004,14,7417,4276,3141,0.42348658487259,False,False
IID,5000.0,91004,15,7347,4278,3069,0.4177215189873418,False,False
IID,5000.0,91004,16,7246,4262,2984,0.4118134142975435,False,False
IID,5000.0,91004,17,7354,4252,3102,0.4218112591786783,False,False
IID,5000.0,91004,18,7324,4251,3073,0.4195794647733479,False,False
IID,5000.0,91004,19,7274,4246,3028,0.41627715149848776,False,False
IID,5000.0,91005,0,7352,4263,3089,0.4201577801958651,True,False
IID,5000.0,91005,1,7243,4171,3072,0.4241336462791661,True,False
IID,5000.0,91005,2,7307,4264,3043,0.41644997947173945,True,False
IID,5000.0,91005,3,7216,4186,3030,0.41990022172949004,True,False
IID,5000.0,91005,4,7424,4343,3081,0.4150053879310345,False,False
IID,5000.0,91005,5,7375,4333,3042,0.41247457627118644,False,False
IID,5000.0,91005,6,7292,4239,3053,0.41867800329127813,False,False
IID,5000.0,91005,7,7450,4276,3174,0.4260402684563758,False,False
IID,5000.0,91005,8,7363,4301,3062,0.4158630992801847,False,False
IID,5000.0,91005,9,7348,4294,3054,0.4156232988568318,False,False
IID,5000.0,91005,10,7336,4282,3054,0.4163031624863686,False,False
IID,5000.0,91005,11,7288,4257,3031,0.41588913282107576,False,False
IID,5000.0,91005,12,7268,4196,3072,0.42267473858007704,False,False
IID,5000.0,91005,13,7287,4221,3066,0.4207492795389049,False,False
IID,5000.0,91005,14,7304,4211,3093,0.42346659364731654,False,False
IID,5000.0,91005,15,7244,4155,3089,0.42642186637217006,False,False
IID,5000.0,91005,16,7349,4292,3057,0.4159749625799429,False,False
IID,5000.0,91005,17,7444,4301,3143,0.4222192369693713,False,False
IID,5000.0,91005,18,7293,4297,2996,0.41080488139311666,False,False
IID,5000.0,91005,19,7310,4176,3134,0.4287277701778386,False,False
IID,5000.0,91006,0,7332,4301,3031,0.4133933442444081,True,False
IID,5000.0,91006,1,7250,4196,3054,0.42124137931034483,True,False
IID,5000.0,91006,2,7284,4236,3048,0.4184514003294893,True,False
IID,5000.0,91006,3,7266,4194,3072,0.4227910817506193,True,False
IID,5000.0,91006,4,7314,4248,3066,0.4191960623461854,False,False
IID,5000.0,91006,5,7385,4305,3080,0.41706161137440756,False,False
IID,5000.0,91006,6,7364,4306,3058,0.415263443780554,False,False
IID,5000.0,91006,7,7355,4220,3135,0.4262406526172672,False,False
IID,5000.0,91006,8,7326,4191,3135,0.42792792792792794,False,False
IID,5000.0,91006,9,7397,4261,3136,0.4239556576990672,False,False
IID,5000.0,91006,10,7373,4335,3038,0.41204394412043943,False,False
IID,5000.0,91006,11,7330,4280,3050,0.41609822646657574,False,False
IID,5000.0,91006,12,7442,4315,3127,0.42018274657350174,False,False
IID,5000.0,91006,13,7136,4134,3002,0.42068385650224216,False,False
IID,5000.0,91006,14,7351,4293,3058,0.4159978234253843,False,False
IID,5000.0,91006,15,7359,4280,3079,0.41839923902704174,False,False
IID,5000.0,91006,16,7265,4184,3081,0.42408809359944943,False,False
IID,5000.0,91006,17,7309,4211,3098,0.4238609932959365,False,False
IID,5000.0,91006,18,7296,4252,3044,0.41721491228070173,False,False
IID,5000.0,91006,19,7359,4316,3043,0.41350727000951215,False,False
IID,5000.0,91007,0,7292,4227,3065,0.4203236423477784,True,False
IID,5000.0,91007,1,7321,4250,3071,0.4194782133588308,True,False
IID,5000.0,91007,2,7126,4064,3062,0.42969407802413695,True,False
IID,5000.0,91007,3,7292,4261,3031,0.41566099835436093,True,False
IID,5000.0,91007,4,7271,4198,3073,0.4226378764956677,False,False
IID,5000.0,91007,5,7326,4242,3084,0.42096642096642095,False,False
IID,5000.0,91007,6,7396,4266,3130,0.42320173066522443,False,False
IID,5000.0,91007,7,7412,4319,3093,0.4172962763086886,False,False
IID,5000.0,91007,8,7232,4186,3046,0.4211836283185841,False,False
IID,5000.0,91007,9,7246,4213,3033,0.41857576593982887,False,False
IID,5000.0,91007,10,7327,4255,3072,0.41927118875392383,False,False
IID,5000.0,91007,11,7340,4268,3072,0.41852861035422345,False,False
IID,5000.0,91007,12,7363,4367,2996,0.40689936167323104,False,False
IID,5000.0,91007,13,7273,4262,3011,0.41399697511343325,False,False
IID,5000.0,91007,14,7374,4258,3116,0.42256577163005155,False,False
IID,5000.0,91007,15,7402,4294,3108,0.419886517157525,False,False
IID,5000.0,91007,16,7329,4264,3065,0.41820166462000274,False,False
IID,5000.0,91007,17,7419,4371,3048,0.4108370400323494,False,False
IID,5000.0,91007,18,7380,4216,3164,0.42872628726287265,False,False
IID,5000.0,91007,19,7372,4277,3095,0.41983179598480735,False,False
IID,5000.0,91008,0,7316,4299,3017,0.4123838162930563,True,False
IID,5000.0,91008,1,7365,4286,3079,0.4180583842498303,True,False
IID,5000.0,91008,2,7395,4295,3100,0.4192021636240703,True,False
IID,5000.0,91008,3,7175,4155,3020,0.42090592334494775,True,False
IID,5000.0,91008,4,7334,4233,3101,0.42282519770929916,False,False
IID,5000.0,91008,5,7367,4335,3032,0.4115650875525994,False,False
IID,5000.0,91008,6,7301,4206,3095,0.42391453225585535,False,False
IID,5000.0,91008,7,7384,4256,3128,0.4236186348862405,False,False
IID,5000.0,91008,8,7376,4236,3140,0.425704989154013,False,False
IID,5000.0,91008,9,7234,4260,2974,0.411114183024606,False,False
IID,5000.0,91008,10,7394,4240,3154,0.42656207736002166,False,False
IID,5000.0,91008,11,7299,4236,3063,0.4196465269214961,False,False
IID,5000.0,91008,12,7445,4375,3070,0.41235728676964406,False,False
IID,5000.0,91008,13,7211,4195,3016,0.4182498959922341,False,False
IID,5000.0,91008,14,7307,4228,3079,0.42137676200903246,False,False
IID,5000.0,91008,15,7184,4101,3083,0.4291481069042316,False,False
IID,5000.0,91008,16,7410,4312,3098,0.41808367071524966,False,False
IID,5000.0,91008,17,7281,4226,3055,0.4195852218101909,False,False
IID,5000.0,91008,18,7359,4307,3052,0.41473026226389453,False,False
IID,5000.0,91008,19,7356,4277,3079,0.4185698749320283,False,False
IID,5000.0,91009,0,7276,4225,3051,0.41932380428807037,True,False
IID,5000.0,91009,1,7363,4283,3080,0.41830775499117206,True,False
IID,5000.0,91009,2,7456,4366,3090,0.414431330472103,True,False
IID,5000.0,91009,3,7347,4270,3077,0.4188103988022322,True,False
IID,5000.0,91009,4,7260,4209,3051,0.42024793388429754,False,False
IID,5000.0,91009,5,7336,4271,3065,0.41780261723009815,False,False
IID,5000.0,91009,6,7266,4203,3063,0.42155243600330305,False,False
IID,5000.0,91009,7,7280,4195,3085,0.42376373626373626,False,False
IID,5000.0,91009,8,7239,4180,3059,0.4225721784776903,False,False
IID,5000.0,91009,9,7227,4193,3034,0.4198145841981458,False,False
IID,5000.0,91009,10,7364,4290,3074,0.41743617599130906,False,False
IID,5000.0,91009,11,7327,4331,2996,0.4088985942404804,False,False
IID,5000.0,91009,12,7353,4234,3119,0.42418060655514755,False,False
IID,5000.0,91009,13,7368,4261,3107,0.4216883821932682,False,False
IID,5000.0,91009,14,7280,4231,3049,0.41881868131868133,False,False
IID,5000.0,91009,15,7328,4219,3109,0.4242631004366812,False,False
IID,5000.0,91009,16,7312,4231,3081,0.4213621444201313,False,False
IID,5000.0,91009,17,7461,4344,3117,0.41777241656614394,False,False
IID,5000.0,91009,18,7375,4316,3059,0.41477966101694913,False,False
IID,5000.0,91009,19,7275,4206,3069,0.4218556701030928,False,False
IID,5000.0,91010,0,7356,4232,3124,0.4246873300706906,True,False
IID,5000.0,91010,1,7318,4289,3029,0.4139109046187483,True,False
IID,5000.0,91010,2,7253,4165,3088,0.4257548600579071,True,False
IID,5000.0,91010,3,7248,4271,2977,0.41073399558498896,True,False
IID,5000.0,91010,4,7372,4317,3055,0.4144058600108519,False,False
IID,5000.0,91010,5,7245,4152,3093,0.4269151138716356,False,False
IID,5000.0,91010,6,7348,4305,3043,0.41412629286880787,False,False
IID,5000.0,91010,7,7367,4253,3114,0.4226958056196552,False,False
IID,5000.0,91010,8,7330,4229,3101,0.42305593451568896,False,False
IID,5000.0,91010,9,7491,4373,3118,0.41623281270858364,False,False
IID,5000.0,91010,10,7287,4273,3014,0.4136132839302868,False,False
IID,5000.0,91010,11,7310,4246,3064,0.4191518467852257,False,False
IID,5000.0,91010,12,7254,4209,3045,0.4197684036393714,False,False
IID,5000.0,91010,13,7282,4234,3048,0.41856632793188686,False,False
IID,5000.0,91010,14,7364,4212,3152,0.4280282455187398,False,False
IID,5000.0,91010,15,7364,4269,3095,0.420287887017925,False,False
IID,5000.0,91010,16,7378,4338,3040,0.4120357820547574,False,False
IID,5000.0,91010,17,7333,4234,3099,0.42261011864175646,False,False
IID,5000.0,91010,18,7340,4268,3072,0.41852861035422345,False,False
IID,5000.0,91010,19,7253,4189,3064,0.4224458844616021,False,False
non-IID,5.0,91001,0,7925,4073,3852,0.4860567823343849,True,False
non-IID,5.0,91001,1,7132,3030,4102,0.5751542344363433,True,False
non-IID,5.0,91001,2,6815,2551,4264,0.6256786500366838,True,False
non-IID,5.0,91001,3,8131,2597,5534,0.6806050916246464,True,False
non-IID,5.0,91001,4,5247,2637,2610,0.4974271012006861,False,False
non-IID,5.0,91001,5,10128,7392,2736,0.27014218009478674,False,False
non-IID,5.0,91001,6,9987,5875,4112,0.41173525583258236,False,False
non-IID,5.0,91001,7,10121,5068,5053,0.49925896650528606,False,False
non-IID,5.0,91001,8,4683,1992,2691,0.5746316463805253,False,False
non-IID,5.0,91001,9,5182,3081,2101,0.40544191431879584,False,False
non-IID,5.0,91001,10,6465,5376,1089,0.16844547563805104,False,False
non-IID,5.0,91001,11,9759,6381,3378,0.3461420227482324,False,False
non-IID,5.0,91001,12,8341,4507,3834,0.4596571154537825,False,False
non-IID,5.0,91001,13,8946,5262,3684,0.4118041582830315,False,False
non-IID,5.0,91001,14,5833,3552,2281,0.3910509171952683,False,False
non-IID,5.0,91001,15,9161,6032,3129,0.3415565986246043,False,False
non-IID,5.0,91001,16,6359,4269,2090,0.3286680295643969,False,False
non-IID,5.0,91001,17,5115,3697,1418,0.2772238514173998,False,False
non-IID,5.0,91001,18,5449,4407,1042,0.19122774821068086,False,False
non-IID,5.0,91001,19,5714,3279,2435,0.4261463073153658,False,False
non-IID,5.0,91002,0,4189,1866,2323,0.5545476247314395,True,False
non-IID,5.0,91002,1,4721,3349,1372,0.29061639483160345,True,False
non-IID,5.0,91002,2,5002,3042,1960,0.39184326269492203,True,False
non-IID,5.0,91002,3,12981,9258,3723,0.2868037901548417,True,False
non-IID,5.0,91002,4,10425,7780,2645,0.25371702637889687,False,False
non-IID,5.0,91002,5,3560,1958,1602,0.45,False,False
non-IID,5.0,91002,6,8879,5444,3435,0.38686789052821263,False,False
non-IID,5.0,91002,7,14251,8791,5460,0.3831310083502912,False,False
non-IID,5.0,91002,8,6452,1658,4794,0.7430254184748915,False,False
non-IID,5.0,91002,9,7647,3435,4212,0.5508042369556689,False,False
non-IID,5.0,91002,10,4244,2457,1787,0.4210650329877474,False,False
non-IID,5.0,91002,11,4564,1804,2760,0.6047326906222612,False,False
non-IID,5.0,91002,12,6786,4034,2752,0.4055408193339228,False,False
non-IID,5.0,91002,13,9987,6020,3967,0.3972163812956844,False,False
non-IID,5.0,91002,14,7586,3318,4268,0.5626153440548378,False,False
non-IID,5.0,91002,15,7233,5836,1397,0.1931425411309277,False,False
non-IID,5.0,91002,16,6793,2592,4201,0.6184307375239216,False,False
non-IID,5.0,91002,17,4556,1597,2959,0.6494732221246707,False,False
non-IID,5.0,91002,18,4274,2225,2049,0.4794103883949462,False,False
non-IID,5.0,91002,19,12363,8594,3769,0.30486127962468657,False,False
non-IID,5.0,91003,0,5753,2792,2961,0.5146879888753694,True,False
non-IID,5.0,91003,1,7480,2785,4695,0.6276737967914439,True,False
non-IID,5.0,91003,2,4768,3973,795,0.16673657718120805,True,False
non-IID,5.0,91003,3,8502,5471,3031,0.3565043519171959,True,False
non-IID,5.0,91003,4,4414,1983,2431,0.550747621205256,False,False
non-IID,5.0,91003,5,6030,2910,3120,0.5174129353233831,False,False
non-IID,5.0,91003,6,5635,4740,895,0.15882874889086068,False,False
non-IID,5.0,91003,7,5267,2732,2535,0.48129865198405164,False,False
non-IID,5.0,91003,8,5252,3018,2234,0.42536176694592537,False,False
non-IID,5.0,91003,9,2926,1978,948,0.3239917976760082,False,False
non-IID,5.0,91003,10,9404,7049,2355,0.25042535091450446,False,False
non-IID,5.0,91003,11,11262,4020,7242,0.6430474160895046,False,False
non-IID,5.0,91003,12,8213,4186,4027,0.49032022403506637,False,False
non-IID,5.0,91003,13,10096,6256,3840,0.3803486529318542,False,False
non-IID,5.0,91003,14,6462,4495,1967,0.30439492417208297,False,False
non-IID,5.0,91003,15,15638,11144,4494,0.2873769024171889,False,False
non-IID,5.0,91003,16,7681,3116,4565,0.5943236557739877,False,False
non-IID,5.0,91003,17,6473,3907,2566,0.3964158813533138,False,False
non-IID,5.0,91003,18,5787,1689,4098,0.7081389320891653,False,False
non-IID,5.0,91003,19,9450,6814,2636,0.27894179894179894,False,False
non-IID,5.0,91004,0,9967,6212,3755,0.37674325273402226,True,False
non-IID,5.0,91004,1,10436,3408,7028,0.6734380988884631,True,False
non-IID,5.0,91004,2,8318,4254,4064,0.48857898533301275,True,False
non-IID,5.0,91004,3,7406,3528,3878,0.5236294896030246,True,False
non-IID,5.0,91004,4,11504,8192,3312,0.28789986091794156,False,False
non-IID,5.0,91004,5,4583,2521,2062,0.4499236308095134,False,False
non-IID,5.0,91004,6,7928,5540,2388,0.3012108980827447,False,False
non-IID,5.0,91004,7,5564,2798,2766,0.49712437095614664,False,False
non-IID,5.0,91004,8,4873,1372,3501,0.7184485942950954,False,False
non-IID,5.0,91004,9,7211,6502,709,0.09832200804326723,False,False
non-IID,5.0,91004,10,4816,3243,1573,0.32661960132890366,False,False
non-IID,5.0,91004,11,4615,3281,1334,0.28905742145178764,False,False
non-IID,5.0,91004,12,10748,5157,5591,0.5201898027540007,False,False
non-IID,5.0,91004,13,5207,3046,2161,0.4150182446706357,False,False
non-IID,5.0,91004,14,10195,4834,5361,0.525846002942619,False,False
non-IID,5.0,91004,15,7609,4897,2712,0.3564200289131292,False,False
non-IID,5.0,91004,16,5251,4335,916,0.17444296324509617,False,False
non-IID,5.0,91004,17,7844,4049,3795,0.4838092809790923,False,False
non-IID,5.0,91004,18,6864,4024,2840,0.41375291375291373,False,False
non-IID,5.0,91004,19,5554,3865,1689,0.3041051494418437,False,False
non-IID,5.0,91005,0,7847,4378,3469,0.4420797757104626,True,False
non-IID,5.0,91005,1,4866,1968,2898,0.5955610357583231,True,False
non-IID,5.0,91005,2,6521,4382,2139,0.32801717527986507,True,False
non-IID,5.0,91005,3,4135,2298,1837,0.4442563482466747,True,False
non-IID,5.0,91005,4,10657,7475,3182,0.2985830909261518,False,False
non-IID,5.0,91005,5,9106,7006,2100,0.23061717548868876,False,False
non-IID,5.0,91005,6,6024,3627,2397,0.3979083665338645,False,False
non-IID,5.0,91005,7,11833,4764,7069,0.5973971097777402,False,False
non-IID,5.0,91005,8,8342,5721,2621,0.31419323903140733,False,False
non-IID,5.0,91005,9,7835,5428,2407,0.3072112316528398,False,False
non-IID,5.0,91005,10,7386,4984,2402,0.32520985648524237,False,False
non-IID,5.0,91005,11,6033,4176,1857,0.3078070611636002,False,False
non-IID,5.0,91005,12,5401,2492,2909,0.5386039622292168,False,False
non-IID,5.0,91005,13,5865,3144,2721,0.4639386189258312,False,False
non-IID,5.0,91005,14,6456,2867,3589,0.5559169764560099,False,False
non-IID,5.0,91005,15,5121,1673,3448,0.6733059949228666,False,False
non-IID,5.0,91005,16,7873,5387,2486,0.31576273339260763,False,False
non-IID,5.0,91005,17,11267,5679,5588,0.49596165793911423,False,False
non-IID,5.0,91005,18,6693,5527,1166,0.17421186314059464,False,False
non-IID,5.0,91005,19,7232,2082,5150,0.7121128318584071,False,False
non-IID,5.0,91006,0,6985,5178,1807,0.2586972083035075,True,False
non-IID,5.0,91006,1,4663,2304,2359,0.5058974908856959,True,False
non-IID,5.0,91006,2,5429,3210,2219,0.40873088966660526,True,False
non-IID,5.0,91006,3,5151,2239,2912,0.5653271209473889,True,False
non-IID,5.0,91006,4,6284,3545,2739,0.43586887332908975,False,False
non-IID,5.0,91006,5,8509,5309,3200,0.37607239393583264,False,False
non-IID,5.0,91006,6,7830,5362,2468,0.3151979565772669,False,False
non-IID,5.0,91006,7,8243,2807,5436,0.6594686400582312,False,False
non-IID,5.0,91006,8,7643,2189,5454,0.7135941384273191,False,False
non-IID,5.0,91006,9,9374,3878,5496,0.5863025389374866,False,False
non-IID,5.0,91006,10,8432,6482,1950,0.2312618595825427,False,False
non-IID,5.0,91006,11,6726,4454,2272,0.3377936366339578,False,False
non-IID,5.0,91006,12,10765,5692,5073,0.4712494194147701,False,False
non-IID,5.0,91006,13,6078,4897,1181,0.19430733794011187,False,False
non-IID,5.0,91006,14,6967,4463,2504,0.3594086407348931,False,False
non-IID,5.0,91006,15,5176,2047,3129,0.6045208655332303,False,False
non-IID,5.0,91006,16,5868,2628,3240,0.5521472392638037,False,False
non-IID,5.0,91006,17,7428,3617,3811,0.5130586968228326,False,False
non-IID,5.0,91006,18,7836,5715,2121,0.2706738131699847,False,False
non-IID,5.0,91006,19,11106,9042,2064,0.18584548892490546,False,False
non-IID,5.0,91007,0,5734,3160,2574,0.44890129054761074,True,False
non-IID,5.0,91007,1,6480,3751,2729,0.421141975308642,True,False
non-IID,5.0,91007,2,6555,4077,2478,0.37803203661327234,True,False
non-IID,5.0,91007,3,4110,2434,1676,0.40778588807785887,True,False
non-IID,5.0,91007,4,6362,3556,2806,0.4410562716127004,False,False
non-IID,5.0,91007,5,7339,4203,3136,0.4273061725030658,False,False
non-IID,5.0,91007,6,11045,6093,4952,0.44834766862833864,False,False
non-IID,5.0,91007,7,5643,2203,3440,0.6096048201311359,False,False
non-IID,5.0,91007,8,4843,2803,2040,0.42122651249225684,False,False
non-IID,5.0,91007,9,5619,3876,1743,0.31019754404698346,False,False
non-IID,5.0,91007,10,7080,4314,2766,0.3906779661016949,False,False
non-IID,5.0,91007,11,10859,8118,2741,0.2524173496638733,False,False
non-IID,5.0,91007,12,5365,4092,1273,0.23727865796831313,False,False
non-IID,5.0,91007,13,8364,4006,4358,0.5210425633668101,False,False
non-IID,5.0,91007,14,9155,5146,4009,0.4379027853631895,False,False
non-IID,5.0,91007,15,6705,4171,2534,0.3779269202087994,False,False
non-IID,5.0,91007,16,10439,8339,2100,0.20116869431937925,False,False
non-IID,5.0,91007,17,9444,2853,6591,0.6979034307496823,False,False
non-IID,5.0,91007,18,8070,4565,3505,0.4343246592317224,False,False
non-IID,5.0,91007,19,7282,3298,3984,0.5471024443834112,False,False
non-IID,5.0,91008,0,7063,5512,1551,0.21959507291519184,True,False
non-IID,5.0,91008,1,8050,4955,3095,0.384472049689441,True,False
non-IID,5.0,91008,2,9135,5322,3813,0.4174055829228243,True,False
non-IID,5.0,91008,3,3056,1471,1585,0.518651832460733,True,False
non-IID,5.0,91008,4,7093,3233,3860,0.5441985055688707,False,False
non-IID,5.0,91008,5,8864,7033,1831,0.2065658844765343,False,False
non-IID,5.0,91008,6,6162,2524,3638,0.590392729633236,False,False
non-IID,5.0,91008,7,8851,3937,4914,0.555191503784883,False,False
non-IID,5.0,91008,8,8717,3312,5405,0.6200527704485488,False,False
non-IID,5.0,91008,9,4860,4032,828,0.17037037037037037,False,False
non-IID,5.0,91008,10,9495,3456,6039,0.6360189573459716,False,False
non-IID,5.0,91008,11,5952,3308,2644,0.4442204301075269,False,False
non-IID,5.0,91008,12,11890,9076,2814,0.2366694701429773,False,False
non-IID,5.0,91008,13,4612,3093,1519,0.3293581960104076,False,False
non-IID,5.0,91008,14,9115,6002,3113,0.34152495885902356,False,False
non-IID,5.0,91008,15,6255,3041,3214,0.5138289368505196,False,False
non-IID,5.0,91008,16,9553,5803,3750,0.39254684392337486,False,False
non-IID,5.0,91008,17,7032,4623,2409,0.34257679180887374,False,False
non-IID,5.0,91008,18,5519,3190,2329,0.4219967385395905,False,False
non-IID,5.0,91008,19,5219,2135,3084,0.5909178003448936,False,False
non-IID,5.0,91009,0,5621,3213,2408,0.42839352428393523,True,False
non-IID,5.0,91009,1,8305,5054,3251,0.39145093317278745,True,False
non-IID,5.0,91009,2,12266,8677,3589,0.29259742377303116,True,False
non-IID,5.0,91009,3,7738,4593,3145,0.4064357715171879,True,False
non-IID,5.0,91009,4,5174,2784,2390,0.46192500966370315,False,False
non-IID,5.0,91009,5,7415,4635,2780,0.3749157113958193,False,False
non-IID,5.0,91009,6,5363,2641,2722,0.5075517434271862,False,False
non-IID,5.0,91009,7,5853,2456,3397,0.5803861267725953,False,False
non-IID,5.0,91009,8,4739,2129,2610,0.5507491031863262,False,False
non-IID,5.0,91009,9,4371,2406,1965,0.4495538778311599,False,False
non-IID,5.0,91009,10,8352,5306,3046,0.3647030651340996,False,False
non-IID,5.0,91009,11,8169,6984,1185,0.14506059493206022,False,False
non-IID,5.0,91009,12,8139,3454,4685,0.5756235409755498,False,False
non-IID,5.0,91009,13,8537,4287,4250,0.4978329623989692,False,False
non-IID,5.0,91009,14,5698,3368,2330,0.4089154089154089,False,False
non-IID,5.0,91009,15,7346,3050,4296,0.5848080588075143,False,False
non-IID,5.0,91009,16,6644,3384,3260,0.4906682721252258,False,False
non-IID,5.0,91009,17,12223,7584,4639,0.37953039352041235,False,False
non-IID,5.0,91009,18,8957,6358,2599,0.29016411745003906,False,False
non-IID,5.0,91009,19,5583,2695,2888,0.5172846140068064,False,False
non-IID,5.0,91010,0,8149,3463,4686,0.5750398821941343,True,False
non-IID,5.0,91010,1,6913,5202,1711,0.2475047012874295,True,False
non-IID,5.0,91010,2,5238,1918,3320,0.6338297059946545,True,False
non-IID,5.0,91010,3,6956,4617,2339,0.33625646923519265,True,False
non-IID,5.0,91010,4,9798,6291,3507,0.35793018983466013,False,False
non-IID,5.0,91010,5,3705,1670,2035,0.5492577597840755,False,False
non-IID,5.0,91010,6,10079,5816,4263,0.4229586268479016,False,False
non-IID,5.0,91010,7,7835,4047,3788,0.4834716017868539,False,False
non-IID,5.0,91010,8,7802,3359,4443,0.5694693668290182,False,False
non-IID,5.0,91010,9,10175,8793,1382,0.13582309582309582,False,False
non-IID,5.0,91010,10,7260,4673,2587,0.35633608815427,False,False
non-IID,5.0,91010,11,5934,3852,2082,0.35085945399393326,False,False
non-IID,5.0,91010,12,5014,2852,2162,0.43119266055045874,False,False
non-IID,5.0,91010,13,9420,3486,5934,0.629936305732484,False,False
non-IID,5.0,91010,14,6478,2920,3558,0.5492435937017598,False,False
non-IID,5.0,91010,15,6514,4554,1960,0.3008903899293829,False,False
non-IID,5.0,91010,16,10870,7155,3715,0.3417663293468261,False,False
non-IID,5.0,91010,17,6298,3478,2820,0.44776119402985076,False,False
non-IID,5.0,91010,18,7102,4532,2570,0.36186989580399886,False,False
non-IID,5.0,91010,19,4953,2380,2573,0.5194831415303857,False,False
