point_id,dataset,tag,historical_method_label,real_root_ratio,synthetic_root_ratio,round,seed,independent_seed_n,equal_weight_scenarios,accuracy,aeod,aspd,accuracy_percent,source_subset_lines
adult:real10_none,adult,real10_none,none,0.1,0.0,70,123,1,10,0.8240653429842619,0.038282387523269915,0.07044055627649065,82.4065342984262,1;2;3;4;5;6;7;8;9;10
adult:real1_ctgan_synth9,adult,real1_ctgan_synth9,ctgan,0.01,0.09,70,123,1,10,0.7611262368019125,0.0033182513247928913,0.005907997259951783,76.11262368019125,41;42;43;44;45;46;47;48;49;50
adult:real1_forest_diffusion_synth9,adult,real1_forest_diffusion_synth9,forest_diffusion,0.01,0.09,70,123,1,10,0.7868118732983598,0.0513971088469375,0.019050613335150082,78.68118732983598,221;222;223;224;225;226;227;228;229;230
adult:real1_gaussian_copula_synth9,adult,real1_gaussian_copula_synth9,gaussian_copula,0.01,0.09,70,123,1,10,0.7854771233149611,0.02425988960678057,0.024423692935171732,78.54771233149611,21;22;23;24;25;26;27;28;29;30
adult:real1_pca_gaussian_synth9,adult,real1_pca_gaussian_synth9,pca_gaussian,0.01,0.09,70,123,1,10,0.7967527724284481,0.08971011355204435,0.024709933124158506,79.67527724284481,101;102;103;104;105;106;107;108;109;110
adult:real1_smote_synth9,adult,real1_smote_synth9,smote,0.01,0.09,70,123,1,10,0.795610598313301,0.2611996337362501,0.2517665069829863,79.56105983133011,81;82;83;84;85;86;87;88;89;90
adult:real1_tvae_synth9,adult,real1_tvae_synth9,tvae,0.01,0.09,70,123,1,10,0.7620027890298161,0.0074570545471370365,0.007360053899009731,76.20027890298161,61;62;63;64;65;66;67;68;69;70
adult:real5_ctgan_synth5,adult,real5_ctgan_synth5,ctgan,0.05,0.05,70,123,1,10,0.8089448170529252,0.068349831005723,0.04435055436705917,80.89448170529252,141;142;143;144;145;146;147;148;149;150
adult:real5_forest_diffusion_synth5,adult,real5_forest_diffusion_synth5,forest_diffusion,0.05,0.05,70,123,1,10,0.8158045022909888,0.020609818861669186,0.06743274028614349,81.58045022909887,241;242;243;244;245;246;247;248;249;250
adult:real5_gaussian_copula_synth5,adult,real5_gaussian_copula_synth5,gaussian_copula,0.05,0.05,70,123,1,10,0.8151935719503287,0.052040583759984146,0.05735210562466194,81.51935719503287,121;122;123;124;125;126;127;128;129;130
adult:real5_pca_gaussian_synth5,adult,real5_pca_gaussian_synth5,pca_gaussian,0.05,0.05,70,123,1,10,0.7820306793279767,0.03248254506466452,0.01914667270430586,78.20306793279767,201;202;203;204;205;206;207;208;209;210
adult:real5_smote_synth5,adult,real5_smote_synth5,smote,0.05,0.05,70,123,1,10,0.8201208579586958,0.10184634173230417,0.18650964792514932,82.01208579586958,181;182;183;184;185;186;187;188;189;190
adult:real5_tvae_synth5,adult,real5_tvae_synth5,tvae,0.05,0.05,70,123,1,10,0.829596918786108,0.060443743498847,0.16207870685388004,82.9596918786108,161;162;163;164;165;166;167;168;169;170
compas:real10_none,compas,real10_none,none,0.1,0.0,70,123,1,10,0.6428185745140389,0.10915409642117718,0.031457011229686235,64.2818574514039,11;12;13;14;15;16;17;18;19;20
compas:real1_ctgan_synth9,compas,real1_ctgan_synth9,ctgan,0.01,0.09,70,123,1,10,0.661501079913607,0.3076663708961846,0.3587389275947275,66.1501079913607,51;52;53;54;55;56;57;58;59;60
compas:real1_forest_diffusion_synth9,compas,real1_forest_diffusion_synth9,forest_diffusion,0.01,0.09,70,123,1,10,0.6515658747300216,0.07567879325643302,0.13491765947239967,65.15658747300216,231;232;233;234;235;236;237;238;239;240
compas:real1_gaussian_copula_synth9,compas,real1_gaussian_copula_synth9,gaussian_copula,0.01,0.09,70,123,1,10,0.6438444924406048,0.03480922803904172,0.08841863467277972,64.38444924406048,31;32;33;34;35;36;37;38;39;40
compas:real1_pca_gaussian_synth9,compas,real1_pca_gaussian_synth9,pca_gaussian,0.01,0.09,70,123,1,10,0.6562634989200864,0.03734102336586808,0.05409788420618922,65.62634989200863,111;112;113;114;115;116;117;118;119;120
compas:real1_smote_synth9,compas,real1_smote_synth9,smote,0.01,0.09,70,123,1,10,0.6521058315334773,0.06293404318249038,0.05006297074865742,65.21058315334773,91;92;93;94;95;96;97;98;99;100
compas:real1_tvae_synth9,compas,real1_tvae_synth9,tvae,0.01,0.09,70,123,1,10,0.5884449244060476,0.15348121857438626,0.09790078051046575,58.84449244060475,71;72;73;74;75;76;77;78;79;80
compas:real5_ctgan_synth5,compas,real5_ctgan_synth5,ctgan,0.05,0.05,70,123,1,10,0.6357991360691144,0.07834072759538599,0.12067634902719239,63.57991360691144,151;152;153;154;155;156;157;158;159;160
compas:real5_forest_diffusion_synth5,compas,real5_forest_diffusion_synth5,forest_diffusion,0.05,0.05,70,123,1,10,0.6374190064794817,0.10004436557231589,0.0245583585352502,63.74190064794817,251;252;253;254;255;256;257;258;259;260
compas:real5_gaussian_copula_synth5,compas,real5_gaussian_copula_synth5,gaussian_copula,0.05,0.05,70,123,1,10,0.6422786177105831,0.12976338361431528,0.038783094659216776,64.22786177105831,131;132;133;134;135;136;137;138;139;140
compas:real5_pca_gaussian_synth5,compas,real5_pca_gaussian_synth5,pca_gaussian,0.05,0.05,70,123,1,10,0.6387149028077753,0.12303460514640639,0.029555166227602785,63.87149028077753,211;212;213;214;215;216;217;218;219;220
compas:real5_smote_synth5,compas,real5_smote_synth5,smote,0.05,0.05,70,123,1,10,0.625377969762419,0.1078586217095534,0.03666286546670136,62.5377969762419,191;192;193;194;195;196;197;198;199;200
compas:real5_tvae_synth5,compas,real5_tvae_synth5,tvae,0.05,0.05,70,123,1,10,0.6009179265658747,0.07096421177166519,0.02205050032273238,60.09179265658747,171;172;173;174;175;176;177;178;179;180
