condition,cohort,root_n,valid_n,y0_Male0,y0_Male1,y1_Male0,y1_Male1,missing_sensitive_group,missing_two_label_support
FedAvg_IID_Benign_seed91001,0,844,1012,247,214,256,127,False,False
FedAvg_IID_Benign_seed91001,1,836,992,250,209,250,127,False,False
FedAvg_IID_Benign_seed91001,2,821,1008,204,199,268,150,False,False
FedAvg_IID_Benign_seed91001,3,827,926,223,205,248,151,False,False
FedAvg_IID_Benign_seed91001,4,871,981,233,219,273,146,False,False
FedAvg_IID_Benign_seed91001,5,796,1041,203,209,252,132,False,False
FedAvg_IID_Benign_seed91001,6,787,970,198,210,252,127,False,False
FedAvg_IID_Benign_seed91001,7,813,986,225,201,265,122,False,False
FedAvg_IID_Benign_seed91001,8,774,1014,210,182,252,130,False,False
FedAvg_IID_Benign_seed91001,9,797,930,216,201,264,116,False,False
FedAvg_IID_Benign_seed91001,10,799,1010,223,207,243,126,False,False
FedAvg_IID_Benign_seed91001,11,811,971,218,196,249,148,False,False
FedAvg_IID_Benign_seed91001,12,830,1017,220,192,268,150,False,False
FedAvg_IID_Benign_seed91001,13,777,1029,189,201,260,127,False,False
FedAvg_IID_Benign_seed91001,14,829,988,194,217,267,151,False,False
FedAvg_IID_Benign_seed91001,15,783,1050,188,221,231,143,False,False
FedAvg_IID_Benign_seed91001,16,831,995,218,201,273,139,False,False
FedAvg_IID_Benign_seed91001,17,797,1013,219,210,237,131,False,False
FedAvg_IID_Benign_seed91001,18,834,976,237,201,254,142,False,False
FedAvg_IID_Benign_seed91001,19,820,958,203,212,271,134,False,False
FedAvg_IID_S-DFA_seed91001,0,844,1012,247,214,256,127,False,False
FedAvg_IID_S-DFA_seed91001,1,836,992,250,209,250,127,False,False
FedAvg_IID_S-DFA_seed91001,2,821,1008,204,199,268,150,False,False
FedAvg_IID_S-DFA_seed91001,3,827,926,223,205,248,151,False,False
FedAvg_IID_S-DFA_seed91001,4,871,981,233,219,273,146,False,False
FedAvg_IID_S-DFA_seed91001,5,796,1041,203,209,252,132,False,False
FedAvg_IID_S-DFA_seed91001,6,787,970,198,210,252,127,False,False
FedAvg_IID_S-DFA_seed91001,7,813,986,225,201,265,122,False,False
FedAvg_IID_S-DFA_seed91001,8,774,1014,210,182,252,130,False,False
FedAvg_IID_S-DFA_seed91001,9,797,930,216,201,264,116,False,False
FedAvg_IID_S-DFA_seed91001,10,799,1010,223,207,243,126,False,False
FedAvg_IID_S-DFA_seed91001,11,811,971,218,196,249,148,False,False
FedAvg_IID_S-DFA_seed91001,12,830,1017,220,192,268,150,False,False
FedAvg_IID_S-DFA_seed91001,13,777,1029,189,201,260,127,False,False
FedAvg_IID_S-DFA_seed91001,14,829,988,194,217,267,151,False,False
FedAvg_IID_S-DFA_seed91001,15,783,1050,188,221,231,143,False,False
FedAvg_IID_S-DFA_seed91001,16,831,995,218,201,273,139,False,False
FedAvg_IID_S-DFA_seed91001,17,797,1013,219,210,237,131,False,False
FedAvg_IID_S-DFA_seed91001,18,834,976,237,201,254,142,False,False
FedAvg_IID_S-DFA_seed91001,19,820,958,203,212,271,134,False,False
FedAvg_non-IID_Benign_seed91001,0,844,1012,247,214,256,127,False,False
FedAvg_non-IID_Benign_seed91001,1,836,992,250,209,250,127,False,False
FedAvg_non-IID_Benign_seed91001,2,821,1008,204,199,268,150,False,False
FedAvg_non-IID_Benign_seed91001,3,827,926,223,205,248,151,False,False
FedAvg_non-IID_Benign_seed91001,4,871,981,233,219,273,146,False,False
FedAvg_non-IID_Benign_seed91001,5,796,1041,203,209,252,132,False,False
FedAvg_non-IID_Benign_seed91001,6,787,970,198,210,252,127,False,False
FedAvg_non-IID_Benign_seed91001,7,813,986,225,201,265,122,False,False
FedAvg_non-IID_Benign_seed91001,8,774,1014,210,182,252,130,False,False
FedAvg_non-IID_Benign_seed91001,9,797,930,216,201,264,116,False,False
FedAvg_non-IID_Benign_seed91001,10,799,1010,223,207,243,126,False,False
FedAvg_non-IID_Benign_seed91001,11,811,971,218,196,249,148,False,False
FedAvg_non-IID_Benign_seed91001,12,830,1017,220,192,268,150,False,False
FedAvg_non-IID_Benign_seed91001,13,777,1029,189,201,260,127,False,False
FedAvg_non-IID_Benign_seed91001,14,829,988,194,217,267,151,False,False
FedAvg_non-IID_Benign_seed91001,15,783,1050,188,221,231,143,False,False
FedAvg_non-IID_Benign_seed91001,16,831,995,218,201,273,139,False,False
FedAvg_non-IID_Benign_seed91001,17,797,1013,219,210,237,131,False,False
FedAvg_non-IID_Benign_seed91001,18,834,976,237,201,254,142,False,False
FedAvg_non-IID_Benign_seed91001,19,820,958,203,212,271,134,False,False
FedAvg_non-IID_S-DFA_seed91001,0,844,1012,247,214,256,127,False,False
FedAvg_non-IID_S-DFA_seed91001,1,836,992,250,209,250,127,False,False
FedAvg_non-IID_S-DFA_seed91001,2,821,1008,204,199,268,150,False,False
FedAvg_non-IID_S-DFA_seed91001,3,827,926,223,205,248,151,False,False
FedAvg_non-IID_S-DFA_seed91001,4,871,981,233,219,273,146,False,False
FedAvg_non-IID_S-DFA_seed91001,5,796,1041,203,209,252,132,False,False
FedAvg_non-IID_S-DFA_seed91001,6,787,970,198,210,252,127,False,False
FedAvg_non-IID_S-DFA_seed91001,7,813,986,225,201,265,122,False,False
FedAvg_non-IID_S-DFA_seed91001,8,774,1014,210,182,252,130,False,False
FedAvg_non-IID_S-DFA_seed91001,9,797,930,216,201,264,116,False,False
FedAvg_non-IID_S-DFA_seed91001,10,799,1010,223,207,243,126,False,False
FedAvg_non-IID_S-DFA_seed91001,11,811,971,218,196,249,148,False,False
FedAvg_non-IID_S-DFA_seed91001,12,830,1017,220,192,268,150,False,False
FedAvg_non-IID_S-DFA_seed91001,13,777,1029,189,201,260,127,False,False
FedAvg_non-IID_S-DFA_seed91001,14,829,988,194,217,267,151,False,False
FedAvg_non-IID_S-DFA_seed91001,15,783,1050,188,221,231,143,False,False
FedAvg_non-IID_S-DFA_seed91001,16,831,995,218,201,273,139,False,False
FedAvg_non-IID_S-DFA_seed91001,17,797,1013,219,210,237,131,False,False
FedAvg_non-IID_S-DFA_seed91001,18,834,976,237,201,254,142,False,False
FedAvg_non-IID_S-DFA_seed91001,19,820,958,203,212,271,134,False,False
