suite,tag,dataset,distribution,attack,seed,rounds,server_sampling,server_alpha,server_ratio,synthetic_ratio,synthetic_method,ACC,ACC_pct,AEOD,ASPD,fair_avg,score
server_generation_ablation,real10_none,adult,IID,Benign,123,70,stratified_sensitive,,0.1,0.0,none,0.8364433229298094,83.64433229298093,0.005416270861525241,0.0662541628635518,0.03583521686253852,0.8006081060672708
server_generation_ablation,real10_none,adult,IID,F Flip,123,70,stratified_sensitive,,0.1,0.0,none,0.8220997410186599,82.209974101866,0.000530088521355776,0.06254547638670405,0.03153778245402991,0.79056195856463
server_generation_ablation,real10_none,adult,IID,FedSA,123,70,stratified_sensitive,,0.1,0.0,none,0.8323925891493459,83.2392589149346,0.000530088521355776,0.06251753104049892,0.03152380978092735,0.8008687793684185
server_generation_ablation,real10_none,adult,IID,S-DFA,123,70,stratified_sensitive,,0.1,0.0,none,0.8369081612324856,83.69081612324855,0.0022425943263391646,0.06583650732683645,0.03403955082658781,0.8028686104058977
server_generation_ablation,real10_none,adult,IID,Sp-DFA,123,70,stratified_sensitive,,0.1,0.0,none,0.8367089448170529,83.67089448170529,0.007169333008120948,0.061521348659660545,0.03434534083389075,0.8023636039831622
server_generation_ablation,real10_none,adult,non-IID,Benign,123,70,stratified_sensitive,,0.1,0.0,none,0.8217677136596055,82.17677136596055,0.014059912569666932,0.03286655577600214,0.023463234172834538,0.798304479486771
server_generation_ablation,real10_none,adult,non-IID,F Flip,123,70,stratified_sensitive,,0.1,0.0,none,0.8309316687695066,83.09316687695066,0.020718578403119747,0.047384835182039356,0.03405170679257955,0.7968799619769271
server_generation_ablation,real10_none,adult,non-IID,FedSA,123,70,stratified_sensitive,,0.1,0.0,none,0.8261504747991234,82.61504747991233,0.0024242410394761382,0.04839915294907257,0.025411696994274355,0.800738777804849
server_generation_ablation,real10_none,adult,non-IID,S-DFA,123,70,stratified_sensitive,,0.1,0.0,none,0.8289395046151803,82.89395046151803,0.009537594871850519,0.05380829267817083,0.031672943775010676,0.7972665608401697
server_generation_ablation,real10_none,adult,non-IID,Sp-DFA,123,70,stratified_sensitive,,0.1,0.0,none,0.8324589946211568,83.24589946211567,0.01665037748814585,0.061367278122075944,0.0390088278051109,0.7934501668160459
server_generation_ablation,real10_none,compas,IID,Benign,123,70,stratified_sensitive,,0.1,0.0,none,0.6484881209503239,64.8488120950324,0.05829636202307009,0.016205484232801493,0.03725092312793579,0.6112371978223882
server_generation_ablation,real10_none,compas,IID,F Flip,123,70,stratified_sensitive,,0.1,0.0,none,0.6511879049676026,65.11879049676025,0.09281277728482695,0.006005273435448266,0.04940902536013761,0.601778879607465
server_generation_ablation,real10_none,compas,IID,FedSA,123,70,stratified_sensitive,,0.1,0.0,none,0.6511879049676026,65.11879049676025,0.11171251109139313,0.023802826271933253,0.06775766868166319,0.5834302362859394
server_generation_ablation,real10_none,compas,IID,S-DFA,123,70,stratified_sensitive,,0.1,0.0,none,0.6506479481641468,65.06479481641469,0.053268263827270124,0.0034245815859291207,0.028346422706599622,0.6223015254575472
server_generation_ablation,real10_none,compas,IID,Sp-DFA,123,70,stratified_sensitive,,0.1,0.0,none,0.6457883369330454,64.57883369330453,0.07793552203490095,0.0003536633335161632,0.03914459268420856,0.6066437442488368
server_generation_ablation,real10_none,compas,non-IID,Benign,123,70,stratified_sensitive,,0.1,0.0,none,0.6355291576673866,63.55291576673866,0.08766637089618456,0.04599724306008657,0.06683180697813557,0.568697350689251
server_generation_ablation,real10_none,compas,non-IID,F Flip,123,70,stratified_sensitive,,0.1,0.0,none,0.6468682505399568,64.68682505399568,0.10795622596864834,0.02193412991233118,0.06494517794048976,0.5819230725994671
server_generation_ablation,real10_none,compas,non-IID,FedSA,123,70,stratified_sensitive,,0.1,0.0,none,0.6544276457883369,65.44276457883369,0.07876367938479745,0.0012769230589660396,0.04002030122188174,0.6144073445664552
server_generation_ablation,real10_none,compas,non-IID,S-DFA,123,70,stratified_sensitive,,0.1,0.0,none,0.6490280777537797,64.90280777537797,0.10331262939958596,0.006238714579683391,0.05477567198963468,0.594252405764145
server_generation_ablation,real10_none,compas,non-IID,Sp-DFA,123,70,stratified_sensitive,,0.1,0.0,none,0.6452483801295896,64.52483801295897,0.09766341319136351,0.024117971816650652,0.06089069250400708,0.5843576876255825
server_generation_ablation,real1_ctgan_synth9,adult,IID,Benign,123,70,stratified_sensitive,,0.01,0.09,ctgan,0.7622684109170595,76.22684109170595,0.00018107549705794618,0.004319692513724615,0.0022503840053912805,0.7600180269116683
server_generation_ablation,real1_ctgan_synth9,adult,IID,F Flip,123,70,stratified_sensitive,,0.01,0.09,ctgan,0.7954047413506873,79.54047413506873,0.000432410571838706,0.005410283221369391,0.0029213468966040484,0.7924833944540832
server_generation_ablation,real1_ctgan_synth9,adult,IID,FedSA,123,70,stratified_sensitive,,0.01,0.09,ctgan,0.7656550899794143,76.56550899794144,0.0004084194965187256,0.004720356156516247,0.0025643878265174864,0.7630907021528969
server_generation_ablation,real1_ctgan_synth9,adult,IID,S-DFA,123,70,stratified_sensitive,,0.01,0.09,ctgan,0.7603426522345441,76.03426522345441,0.00020506657237793352,0.004746034579447014,0.002475550575912474,0.7578671016586317
server_generation_ablation,real1_ctgan_synth9,adult,IID,Sp-DFA,123,70,stratified_sensitive,,0.01,0.09,ctgan,0.7602098412909224,76.02098412909224,0.00011310078365133966,0.00445035155165281,0.002281726167652075,0.7579281151232703
server_generation_ablation,real1_ctgan_synth9,adult,non-IID,Benign,123,70,stratified_sensitive,,0.01,0.09,ctgan,0.7617371671425726,76.17371671425725,0.0017050799959557918,0.00500961957857776,0.003357349787266776,0.7583798173553058
server_generation_ablation,real1_ctgan_synth9,adult,non-IID,F Flip,123,70,stratified_sensitive,,0.01,0.09,ctgan,0.7616043561989508,76.16043561989508,0.0007505779278679757,0.005114600193575187,0.002932589060721581,0.7586717671382293
server_generation_ablation,real1_ctgan_synth9,adult,non-IID,FedSA,123,70,stratified_sensitive,,0.01,0.09,ctgan,0.7618035726143835,76.18035726143835,0.004023074844729191,0.005928766690623833,0.004975920767676512,0.756827651846707
server_generation_ablation,real1_ctgan_synth9,adult,non-IID,S-DFA,123,70,stratified_sensitive,,0.01,0.09,ctgan,0.7619363835580052,76.19363835580052,0.0009779219273287482,0.0045168145322540855,0.002747368229791417,0.7591890153282138
server_generation_ablation,real1_ctgan_synth9,adult,non-IID,Sp-DFA,123,70,stratified_sensitive,,0.01,0.09,ctgan,0.7613387343117073,76.13387343117073,0.003068572776641375,0.0056330836628296285,0.004350828219735502,0.7569879060919718
server_generation_ablation,real1_ctgan_synth9,compas,IID,Benign,123,70,stratified_sensitive,,0.01,0.09,ctgan,0.6646868250539957,66.46868250539957,0.264773735581189,0.3524611116233847,0.30861742360228683,0.35606940145170884
server_generation_ablation,real1_ctgan_synth9,compas,IID,F Flip,123,70,stratified_sensitive,,0.01,0.09,ctgan,0.6765658747300216,67.65658747300216,0.289145223306714,0.3775408609542841,0.33334304213049903,0.3432228325995226
server_generation_ablation,real1_ctgan_synth9,compas,IID,FedSA,123,70,stratified_sensitive,,0.01,0.09,ctgan,0.658207343412527,65.8207343412527,0.04300502809819584,0.09665864018199077,0.06983183414009331,0.5883755092724336
server_generation_ablation,real1_ctgan_synth9,compas,IID,S-DFA,123,70,stratified_sensitive,,0.01,0.09,ctgan,0.6641468682505399,66.41468682505399,0.027003845016267403,0.05898707553104943,0.042995460273658415,0.6211514079768815
server_generation_ablation,real1_ctgan_synth9,compas,IID,Sp-DFA,123,70,stratified_sensitive,,0.01,0.09,ctgan,0.661987041036717,66.1987041036717,0.1472049689440994,0.21218282643534203,0.17969389768972072,0.4822931433469963
server_generation_ablation,real1_ctgan_synth9,compas,non-IID,Benign,123,70,stratified_sensitive,,0.01,0.09,ctgan,0.6744060475161987,67.44060475161987,0.24865424430641825,0.32780389076355093,0.28822906753498456,0.38617697998121414
server_generation_ablation,real1_ctgan_synth9,compas,non-IID,F Flip,123,70,stratified_sensitive,,0.01,0.09,ctgan,0.6792656587473002,67.92656587473002,0.27406092871931376,0.33043243804763833,0.30224668338347604,0.3770189753638241
server_generation_ablation,real1_ctgan_synth9,compas,non-IID,FedSA,123,70,stratified_sensitive,,0.01,0.09,ctgan,0.6695464362850972,66.95464362850973,0.18778467908902696,0.2771588345217433,0.23247175680538512,0.4370746794797121
server_generation_ablation,real1_ctgan_synth9,compas,non-IID,S-DFA,123,70,stratified_sensitive,,0.01,0.09,ctgan,0.6684665226781857,66.84665226781857,0.32034900916888487,0.39469294902695895,0.3575209790979219,0.31094554358026383
server_generation_ablation,real1_ctgan_synth9,compas,non-IID,Sp-DFA,123,70,stratified_sensitive,,0.01,0.09,ctgan,0.6744060475161987,67.44060475161987,0.24060928719313812,0.32721445187435727,0.2839118695337477,0.390494177982451
server_generation_ablation,real1_forest_diffusion_synth9,adult,IID,Benign,123,70,stratified_sensitive,,0.01,0.09,forest_diffusion,0.8019788830599641,80.19788830599641,0.01654298886528497,0.00848946717232296,0.012516228018803966,0.7894626550411602
server_generation_ablation,real1_forest_diffusion_synth9,adult,IID,F Flip,123,70,stratified_sensitive,,0.01,0.09,forest_diffusion,0.7995218806029617,79.95218806029617,0.003566673197570501,0.00960838439026324,0.00658752879391687,0.7929343518090448
server_generation_ablation,real1_forest_diffusion_synth9,adult,IID,FedSA,123,70,stratified_sensitive,,0.01,0.09,forest_diffusion,0.7768112092436417,77.68112092436417,0.0033170517710268965,0.004398994705791276,0.0038580232384090862,0.7729531860052326
server_generation_ablation,real1_forest_diffusion_synth9,adult,IID,S-DFA,123,70,stratified_sensitive,,0.01,0.09,forest_diffusion,0.7807955375522944,78.07955375522944,0.0010676028517391523,0.004195453081529114,0.0026315279666341332,0.7781640095856602
server_generation_ablation,real1_forest_diffusion_synth9,adult,IID,Sp-DFA,123,70,stratified_sensitive,,0.01,0.09,forest_diffusion,0.7828541071784315,78.28541071784315,0.0010676028517391523,0.004246809927390648,0.0026572063895649,0.7801969007888666
server_generation_ablation,real1_forest_diffusion_synth9,adult,non-IID,Benign,123,70,stratified_sensitive,,0.01,0.09,forest_diffusion,0.8049671292914536,80.49671292914536,0.011519143450065147,0.011375681787205397,0.011447412618635272,0.7935197166728184
server_generation_ablation,real1_forest_diffusion_synth9,adult,non-IID,F Flip,123,70,stratified_sensitive,,0.01,0.09,forest_diffusion,0.8076897536356996,80.76897536356996,0.001770769845046219,0.013786083249687877,0.007778426547367048,0.7999113270883326
server_generation_ablation,real1_forest_diffusion_synth9,adult,non-IID,FedSA,123,70,stratified_sensitive,,0.01,0.09,forest_diffusion,0.8086858357128628,80.86858357128628,0.010814262808520936,0.008622393133525513,0.009718327971023224,0.7989675077418396
server_generation_ablation,real1_forest_diffusion_synth9,adult,non-IID,S-DFA,123,70,stratified_sensitive,,0.01,0.09,forest_diffusion,0.8173185470482768,81.73185470482768,0.003979662422721603,0.013404678424094322,0.008692170423407962,0.8086263766248688
server_generation_ablation,real1_forest_diffusion_synth9,adult,non-IID,Sp-DFA,123,70,stratified_sensitive,,0.01,0.09,forest_diffusion,0.8097483232618368,80.97483232618367,0.011997251308227624,0.009946777857447756,0.01097201458283769,0.7987763086789991
server_generation_ablation,real1_forest_diffusion_synth9,compas,IID,Benign,123,70,stratified_sensitive,,0.01,0.09,forest_diffusion,0.656047516198704,65.6047516198704,0.0714285714285714,0.14748811492774416,0.10945834317815778,0.5465891730205463
server_generation_ablation,real1_forest_diffusion_synth9,compas,IID,F Flip,123,70,stratified_sensitive,,0.01,0.09,forest_diffusion,0.6576673866090713,65.76673866090714,0.05427388346643003,0.12316121328700302,0.08871754837671653,0.5689498382323548
server_generation_ablation,real1_forest_diffusion_synth9,compas,IID,FedSA,123,70,stratified_sensitive,,0.01,0.09,forest_diffusion,0.6587473002159827,65.87473002159827,0.06291038154392192,0.12749971695261264,0.09520504924826728,0.5635422509677155
server_generation_ablation,real1_forest_diffusion_synth9,compas,IID,S-DFA,123,70,stratified_sensitive,,0.01,0.09,forest_diffusion,0.6587473002159827,65.87473002159827,0.05110913930789707,0.12368061983292611,0.08739487957041159,0.5713524206455711
server_generation_ablation,real1_forest_diffusion_synth9,compas,IID,Sp-DFA,123,70,stratified_sensitive,,0.01,0.09,forest_diffusion,0.6533477321814255,65.33477321814254,0.02286305826678503,0.11246377285242903,0.06766341555960703,0.5856843166218184
server_generation_ablation,real1_forest_diffusion_synth9,compas,non-IID,Benign,123,70,stratified_sensitive,,0.01,0.09,forest_diffusion,0.6652267818574514,66.52267818574515,0.0706004140786749,0.13493365019077974,0.10276703213472732,0.5624597497227242
server_generation_ablation,real1_forest_diffusion_synth9,compas,non-IID,F Flip,123,70,stratified_sensitive,,0.01,0.09,forest_diffusion,0.6792656587473002,67.92656587473002,0.07728482697426797,0.1255714931012306,0.1014281600377493,0.5778374987095509
server_generation_ablation,real1_forest_diffusion_synth9,compas,non-IID,FedSA,123,70,stratified_sensitive,,0.01,0.09,forest_diffusion,0.6625269978401728,66.25269978401728,0.045578231292517035,0.10227873572945106,0.07392848351098405,0.5885985143291887
server_generation_ablation,real1_forest_diffusion_synth9,compas,non-IID,S-DFA,123,70,stratified_sensitive,,0.01,0.09,forest_diffusion,0.6484881209503239,64.8488120950324,0.010085773439810652,0.0960306835039983,0.05305822847190447,0.5954298924784195
server_generation_ablation,real1_forest_diffusion_synth9,compas,non-IID,Sp-DFA,123,70,stratified_sensitive,,0.01,0.09,forest_diffusion,0.6722462203023758,67.22462203023758,0.03821354628808049,0.10224488676353699,0.07022921652580874,0.6020170037765671
server_generation_ablation,real1_gaussian_copula_synth9,adult,IID,Benign,123,70,stratified_sensitive,,0.01,0.09,gaussian_copula,0.8070921043894017,80.70921043894018,0.0,0.0,0.0,0.8070921043894017
server_generation_ablation,real1_gaussian_copula_synth9,adult,IID,F Flip,123,70,stratified_sensitive,,0.01,0.09,gaussian_copula,0.8247559598910951,82.47559598910951,0.00020449535629888543,0.00010498061499742674,0.0001547379856481561,0.8246012219054469
server_generation_ablation,real1_gaussian_copula_synth9,adult,IID,FedSA,123,70,stratified_sensitive,,0.01,0.09,gaussian_copula,0.8131350023241916,81.31350023241916,0.0,0.0,0.0,0.8131350023241916
server_generation_ablation,real1_gaussian_copula_synth9,adult,IID,S-DFA,123,70,stratified_sensitive,,0.01,0.09,gaussian_copula,0.7823892688757553,78.23892688757553,0.0,0.0,0.0,0.7823892688757553
server_generation_ablation,real1_gaussian_copula_synth9,adult,IID,Sp-DFA,123,70,stratified_sensitive,,0.01,0.09,gaussian_copula,0.8130021913805697,81.30021913805697,0.001495443694945503,0.000121210180740388,0.0008083269378429455,0.8121938644427268
server_generation_ablation,real1_gaussian_copula_synth9,adult,non-IID,Benign,123,70,stratified_sensitive,,0.01,0.09,gaussian_copula,0.8081545919383757,80.81545919383757,0.0003181673560292714,9.856100926473487e-05,0.00020836418264700313,0.8079462277557287
server_generation_ablation,real1_gaussian_copula_synth9,adult,non-IID,F Flip,123,70,stratified_sensitive,,0.01,0.09,gaussian_copula,0.8202403878079554,82.02403878079554,0.0032724969168612134,0.00030852223925958836,0.0017905095780604008,0.818449878229895
server_generation_ablation,real1_gaussian_copula_synth9,adult,non-IID,FedSA,123,70,stratified_sensitive,,0.01,0.09,gaussian_copula,0.8189122783717379,81.89122783717379,0.0017953321364452424,0.0002035416242621616,0.000999436880353702,0.8179128414913841
server_generation_ablation,real1_gaussian_copula_synth9,adult,non-IID,S-DFA,123,70,stratified_sensitive,,0.01,0.09,gaussian_copula,0.8211700644133076,82.11700644133076,0.014130743363468784,0.005338162963216181,0.009734453163342482,0.8114356112499652
server_generation_ablation,real1_gaussian_copula_synth9,adult,non-IID,Sp-DFA,123,70,stratified_sensitive,,0.01,0.09,gaussian_copula,0.8203067932797663,82.03067932797663,0.014731091462547363,0.0034911822101169852,0.009111136836332174,0.8111956564434342
server_generation_ablation,real1_gaussian_copula_synth9,compas,IID,Benign,123,70,stratified_sensitive,,0.01,0.09,gaussian_copula,0.6506479481641468,65.06479481641469,0.005116829340431839,0.04137277399278899,0.023244801666610415,0.6274031464975365
server_generation_ablation,real1_gaussian_copula_synth9,compas,IID,F Flip,123,70,stratified_sensitive,,0.01,0.09,gaussian_copula,0.6625269978401728,66.25269978401728,0.0032534753031647212,0.05192898253510081,0.027591228919132765,0.63493576892104
server_generation_ablation,real1_gaussian_copula_synth9,compas,IID,FedSA,123,70,stratified_sensitive,,0.01,0.09,gaussian_copula,0.6625269978401728,66.25269978401728,0.0007690032534752866,0.054364940875194195,0.02756697206433474,0.634960025775838
server_generation_ablation,real1_gaussian_copula_synth9,compas,IID,S-DFA,123,70,stratified_sensitive,,0.01,0.09,gaussian_copula,0.6609071274298056,66.09071274298056,0.012747707778763717,0.06149890224301924,0.03712330501089148,0.6237838224189142
server_generation_ablation,real1_gaussian_copula_synth9,compas,IID,Sp-DFA,123,70,stratified_sensitive,,0.01,0.09,gaussian_copula,0.6636069114470843,66.36069114470843,0.02499260573794737,0.06884412784637706,0.046918366792162214,0.6166885446549221
server_generation_ablation,real1_gaussian_copula_synth9,compas,non-IID,Benign,123,70,stratified_sensitive,,0.01,0.09,gaussian_copula,0.6625269978401728,66.25269978401728,0.005974563738538885,0.08189232060339868,0.043933442170968784,0.6185935556692039
server_generation_ablation,real1_gaussian_copula_synth9,compas,non-IID,F Flip,123,70,stratified_sensitive,,0.01,0.09,gaussian_copula,0.6603671706263499,66.03671706263499,0.029991126885536845,0.0985366741873622,0.06426390053644952,0.5961032700899004
server_generation_ablation,real1_gaussian_copula_synth9,compas,non-IID,FedSA,123,70,stratified_sensitive,,0.01,0.09,gaussian_copula,0.6630669546436285,66.30669546436285,0.010233658680863622,0.05199201164404427,0.031112835162453945,0.6319541194811746
server_generation_ablation,real1_gaussian_copula_synth9,compas,non-IID,S-DFA,123,70,stratified_sensitive,,0.01,0.09,gaussian_copula,0.6468682505399568,64.68682505399568,0.0047027506654835904,0.05308218178762225,0.02889246622655292,0.6179757843134038
server_generation_ablation,real1_gaussian_copula_synth9,compas,non-IID,Sp-DFA,123,70,stratified_sensitive,,0.01,0.09,gaussian_copula,0.6544276457883369,65.44276457883369,0.023809523809523836,0.09102453816587627,0.057417030987700055,0.5970106148006369
server_generation_ablation,real1_pca_gaussian_synth9,adult,IID,Benign,123,70,stratified_sensitive,,0.01,0.09,pca_gaussian,0.8273457732917192,82.73457732917193,0.008159250473109718,0.007210059811065386,0.007684655142087552,0.8196611181496316
server_generation_ablation,real1_pca_gaussian_synth9,adult,IID,F Flip,123,70,stratified_sensitive,,0.01,0.09,pca_gaussian,0.8114084600571088,81.14084600571087,0.0025687587074751037,0.006888698360340413,0.004728728533907758,0.806679731523201
server_generation_ablation,real1_pca_gaussian_synth9,adult,IID,FedSA,123,70,stratified_sensitive,,0.01,0.09,pca_gaussian,0.8203731987515771,82.0373198751577,0.005409416268576661,0.0067108351590090196,0.00606012571379284,0.8143130730377842
server_generation_ablation,real1_pca_gaussian_synth9,adult,IID,S-DFA,123,70,stratified_sensitive,,0.01,0.09,pca_gaussian,0.8219005246032273,82.19005246032273,0.0040493507843653576,0.013558769022946837,0.008804059903656097,0.8130964646995712
server_generation_ablation,real1_pca_gaussian_synth9,adult,IID,Sp-DFA,123,70,stratified_sensitive,,0.01,0.09,pca_gaussian,0.8228302012085796,82.28302012085797,0.002250591351445834,0.00679013735107568,0.004520364351260757,0.8183098368573188
server_generation_ablation,real1_pca_gaussian_synth9,adult,non-IID,Benign,123,70,stratified_sensitive,,0.01,0.09,pca_gaussian,0.8185802510126834,81.85802510126834,0.011984113338409541,0.006440028103429002,0.009212070720919271,0.8093681802917642
server_generation_ablation,real1_pca_gaussian_synth9,adult,non-IID,F Flip,123,70,stratified_sensitive,,0.01,0.09,pca_gaussian,0.8216349027159838,82.16349027159838,9.02521404894524e-05,0.005712385854896288,0.00290131899769287,0.818733583718291
server_generation_ablation,real1_pca_gaussian_synth9,adult,non-IID,FedSA,123,70,stratified_sensitive,,0.01,0.09,pca_gaussian,0.816123248555681,81.61232485556809,0.001885584276934693,0.005508844230634126,0.0036972142537844096,0.8124260343018965
server_generation_ablation,real1_pca_gaussian_synth9,adult,non-IID,S-DFA,123,70,stratified_sensitive,,0.01,0.09,pca_gaussian,0.813931867985922,81.3931867985922,0.010971347230258888,0.027525724664153303,0.019248535947206095,0.7946833320387159
server_generation_ablation,real1_pca_gaussian_synth9,adult,non-IID,Sp-DFA,123,70,stratified_sensitive,,0.01,0.09,pca_gaussian,0.8135334351550568,81.35334351550568,0.0007505779278679757,0.005620244451364245,0.0031854111896161105,0.8103480239654407
server_generation_ablation,real1_pca_gaussian_synth9,compas,IID,Benign,123,70,stratified_sensitive,,0.01,0.09,pca_gaussian,0.6603671706263499,66.03671706263499,0.00242531795326828,0.04016821768853579,0.021296767820902035,0.6390704028054478
server_generation_ablation,real1_pca_gaussian_synth9,compas,IID,F Flip,123,70,stratified_sensitive,,0.01,0.09,pca_gaussian,0.6506479481641468,65.06479481641469,0.07512570245489497,0.0006699760839548041,0.03789783926942489,0.6127501088947219
server_generation_ablation,real1_pca_gaussian_synth9,compas,IID,FedSA,123,70,stratified_sensitive,,0.01,0.09,pca_gaussian,0.6646868250539957,66.46868250539957,0.005826678497485971,0.017457895971622894,0.011642287234554433,0.6530445378194413
server_generation_ablation,real1_pca_gaussian_synth9,compas,IID,S-DFA,123,70,stratified_sensitive,,0.01,0.09,pca_gaussian,0.6630669546436285,66.30669546436285,0.007394262052647149,0.01930791703968615,0.01335108954616665,0.6497158650974619
server_generation_ablation,real1_pca_gaussian_synth9,compas,IID,Sp-DFA,123,70,stratified_sensitive,,0.01,0.09,pca_gaussian,0.6555075593952484,65.55075593952483,0.003401360544217691,0.04730568067352442,0.025353520608871055,0.6301540387863773
server_generation_ablation,real1_pca_gaussian_synth9,compas,non-IID,Benign,123,70,stratified_sensitive,,0.01,0.09,pca_gaussian,0.6614470842332614,66.14470842332614,0.013782904466134283,0.017858247533986127,0.015820576000060205,0.6456265082332011
server_generation_ablation,real1_pca_gaussian_synth9,compas,non-IID,F Flip,123,70,stratified_sensitive,,0.01,0.09,pca_gaussian,0.6587473002159827,65.87473002159827,0.0039041703637976988,0.052133243536306495,0.028018706950052097,0.6307285932659306
server_generation_ablation,real1_pca_gaussian_synth9,compas,non-IID,FedSA,123,70,stratified_sensitive,,0.01,0.09,pca_gaussian,0.6636069114470843,66.36069114470843,0.0031647441585329616,0.05259312259044968,0.02787893337449132,0.635727978072593
server_generation_ablation,real1_pca_gaussian_synth9,compas,non-IID,S-DFA,123,70,stratified_sensitive,,0.01,0.09,pca_gaussian,0.6603671706263499,66.03671706263499,0.0009168884945282563,0.0473908866911702,0.024153887592849227,0.6362132830335007
server_generation_ablation,real1_pca_gaussian_synth9,compas,non-IID,Sp-DFA,123,70,stratified_sensitive,,0.01,0.09,pca_gaussian,0.6636069114470843,66.36069114470843,0.0042590949423246816,0.03305643322941315,0.018657764085868916,0.6449491473612153
server_generation_ablation,real1_smote_synth9,adult,IID,Benign,123,70,stratified_sensitive,,0.01,0.09,smote,0.8126037585497045,81.26037585497045,0.23049768343319144,0.20519649831371,0.21784709087345072,0.5947566676762537
server_generation_ablation,real1_smote_synth9,adult,IID,F Flip,123,70,stratified_sensitive,,0.01,0.09,smote,0.8077561591075104,80.77561591075104,0.04871901938193279,0.10612729701016094,0.07742315819604687,0.7303330009114636
server_generation_ablation,real1_smote_synth9,adult,IID,FedSA,123,70,stratified_sensitive,,0.01,0.09,smote,0.784779865860947,78.4779865860947,0.06420468728490136,0.04017152544557179,0.052188106365236575,0.7325917594957103
server_generation_ablation,real1_smote_synth9,adult,IID,S-DFA,123,70,stratified_sensitive,,0.01,0.09,smote,0.8066272660867255,80.66272660867256,0.0028720744454492353,0.0499871427333935,0.026429608589421366,0.7801976574973042
server_generation_ablation,real1_smote_synth9,adult,IID,Sp-DFA,123,70,stratified_sensitive,,0.01,0.09,smote,0.8248223653629059,82.48223653629059,0.04077340372238669,0.11078044791916303,0.07577692582077486,0.749045439542131
server_generation_ablation,real1_smote_synth9,adult,non-IID,Benign,123,70,stratified_sensitive,,0.01,0.09,smote,0.8082209974101866,80.82209974101866,0.25806571384016574,0.24046623349574536,0.24926597366795555,0.558955023742231
server_generation_ablation,real1_smote_synth9,adult,non-IID,F Flip,123,70,stratified_sensitive,,0.01,0.09,smote,0.8084866192974302,80.84866192974302,0.21891227891795684,0.1932884305985853,0.20610035475827107,0.6023862645391591
server_generation_ablation,real1_smote_synth9,adult,non-IID,FedSA,123,70,stratified_sensitive,,0.01,0.09,smote,0.8104123779799456,81.04123779799455,0.27329090721108895,0.22969513813968412,0.25149302267538653,0.558919355304559
server_generation_ablation,real1_smote_synth9,adult,non-IID,S-DFA,123,70,stratified_sensitive,,0.01,0.09,smote,0.8024437213626403,80.24437213626403,0.2584518559096016,0.2652118475910169,0.26183185175030926,0.540611869612331
server_generation_ablation,real1_smote_synth9,adult,non-IID,Sp-DFA,123,70,stratified_sensitive,,0.01,0.09,smote,0.8048343183478318,80.48343183478318,0.09732950770884663,0.13122749401582406,0.11427850086233535,0.6905558174854964
server_generation_ablation,real1_smote_synth9,compas,IID,Benign,123,70,stratified_sensitive,,0.01,0.09,smote,0.646328293736501,64.6328293736501,0.049186631174208795,0.003319533071023284,0.02625308212261604,0.620075211613885
server_generation_ablation,real1_smote_synth9,compas,IID,F Flip,123,70,stratified_sensitive,,0.01,0.09,smote,0.6549676025917927,65.49676025917927,0.012067435669920135,0.017977302517546034,0.015022369093733084,0.6399452334980595
server_generation_ablation,real1_smote_synth9,compas,IID,FedSA,123,70,stratified_sensitive,,0.01,0.09,smote,0.6468682505399568,64.68682505399568,0.061194912747707775,0.004466896294938905,0.03283090452132334,0.6140373460186335
server_generation_ablation,real1_smote_synth9,compas,IID,S-DFA,123,70,stratified_sensitive,,0.01,0.09,smote,0.6452483801295896,64.52483801295897,0.05637385388938182,0.007785262160241002,0.03207955802481141,0.6131688221047782
server_generation_ablation,real1_smote_synth9,compas,IID,Sp-DFA,123,70,stratified_sensitive,,0.01,0.09,smote,0.652267818574514,65.2267818574514,0.038213546288080436,0.004070046349739176,0.021141796318909806,0.6311260222556042
server_generation_ablation,real1_smote_synth9,compas,non-IID,Benign,123,70,stratified_sensitive,,0.01,0.09,smote,0.6490280777537797,64.90280777537797,0.00706891452233066,0.011896160710221315,0.009482537616275988,0.6395455401375036
server_generation_ablation,real1_smote_synth9,compas,non-IID,F Flip,123,70,stratified_sensitive,,0.01,0.09,smote,0.6641468682505399,66.41468682505399,0.052854185152321875,0.012463422690712656,0.032658803921517265,0.6314880643290226
server_generation_ablation,real1_smote_synth9,compas,non-IID,FedSA,123,70,stratified_sensitive,,0.01,0.09,smote,0.6684665226781857,66.84665226781857,0.0007394262052646816,0.03571532786225107,0.018227377033757874,0.6502391456444279
server_generation_ablation,real1_smote_synth9,compas,non-IID,S-DFA,123,70,stratified_sensitive,,0.01,0.09,smote,0.6727861771058316,67.27861771058315,0.0020112392783200317,0.05664566085437128,0.029328450066345657,0.6434577270394859
server_generation_ablation,real1_smote_synth9,compas,non-IID,Sp-DFA,123,70,stratified_sensitive,,0.01,0.09,smote,0.6603671706263499,66.03671706263499,0.02857142857142858,0.003695373313241823,0.016133400942335202,0.6442337696840147
server_generation_ablation,real1_tvae_synth9,adult,IID,Benign,123,70,stratified_sensitive,,0.01,0.09,tvae,0.7633308984660336,76.33308984660336,0.0047959301996800055,0.007375083800931397,0.006085507000305701,0.7572453914657279
server_generation_ablation,real1_tvae_synth9,adult,IID,F Flip,123,70,stratified_sensitive,,0.01,0.09,tvae,0.7635965203532771,76.35965203532771,0.0033187654192640345,0.00727010318593397,0.005294434302599002,0.7583020860506781
server_generation_ablation,real1_tvae_synth9,adult,IID,FedSA,123,70,stratified_sensitive,,0.01,0.09,tvae,0.7617371671425726,76.17371671425725,0.005727583624605931,0.006809396168273755,0.006268489896439843,0.7554686772461328
server_generation_ablation,real1_tvae_synth9,adult,IID,S-DFA,123,70,stratified_sensitive,,0.01,0.09,tvae,0.7617371671425726,76.17371671425725,0.006045750980635204,0.00690795717753849,0.006476854079086847,0.7552603130634857
server_generation_ablation,real1_tvae_synth9,adult,IID,Sp-DFA,123,70,stratified_sensitive,,0.01,0.09,tvae,0.7618035726143835,76.18035726143835,0.004023074844729191,0.005928766690623833,0.004975920767676512,0.756827651846707
server_generation_ablation,real1_tvae_synth9,adult,non-IID,Benign,123,70,stratified_sensitive,,0.01,0.09,tvae,0.7624676273324922,76.24676273324921,0.0008642499275983602,0.005108180587842494,0.002986215257720427,0.7594814120747717
server_generation_ablation,real1_tvae_synth9,adult,non-IID,F Flip,123,70,stratified_sensitive,,0.01,0.09,tvae,0.7621355999734378,76.21355999734378,0.007204748405021905,0.00691437678327118,0.007059562594146543,0.7550760373792913
server_generation_ablation,real1_tvae_synth9,adult,non-IID,FedSA,123,70,stratified_sensitive,,0.01,0.09,tvae,0.7622684109170595,76.22684109170595,0.0006597545712994785,0.006093790680489843,0.003376772625894661,0.7588916382911649
server_generation_ablation,real1_tvae_synth9,adult,non-IID,S-DFA,123,70,stratified_sensitive,,0.01,0.09,tvae,0.7619363835580052,76.19363835580052,0.007204748405021905,0.00691437678327118,0.007059562594146543,0.7548768209638587
server_generation_ablation,real1_tvae_synth9,adult,non-IID,Sp-DFA,123,70,stratified_sensitive,,0.01,0.09,tvae,0.761471545255329,76.1471545255329,0.0059320789809048195,0.006520132746212241,0.00622610586355853,0.7552454393917705
server_generation_ablation,real1_tvae_synth9,compas,IID,Benign,123,70,stratified_sensitive,,0.01,0.09,tvae,0.6641468682505399,66.41468682505399,0.059745637385388906,0.028442469013606114,0.04409405319949751,0.6200528150510424
server_generation_ablation,real1_tvae_synth9,compas,IID,F Flip,123,70,stratified_sensitive,,0.01,0.09,tvae,0.5799136069114471,57.99136069114471,0.0032830523513753262,0.0003594993621220746,0.0018212758567487004,0.5780923310546984
server_generation_ablation,real1_tvae_synth9,compas,IID,FedSA,123,70,stratified_sensitive,,0.01,0.09,tvae,0.6657667386609071,66.5766738660907,0.08864241348713399,0.041138165642832715,0.06489028956498336,0.6008764490959237
server_generation_ablation,real1_tvae_synth9,compas,IID,S-DFA,123,70,stratified_sensitive,,0.01,0.09,tvae,0.5750539956803455,57.505399568034555,0.020970127181307308,0.022873730517877503,0.021921928849592404,0.5531320668307531
server_generation_ablation,real1_tvae_synth9,compas,IID,Sp-DFA,123,70,stratified_sensitive,,0.01,0.09,tvae,0.5755939524838013,57.55939524838013,0.0013309671694764769,0.010133680071246237,0.005732323620361357,0.5698616288634399
server_generation_ablation,real1_tvae_synth9,compas,non-IID,Benign,123,70,stratified_sensitive,,0.01,0.09,tvae,0.5745140388768899,57.45140388768899,0.14770777876367938,0.08065624974467374,0.11418201425417657,0.46033202462271333
server_generation_ablation,real1_tvae_synth9,compas,non-IID,F Flip,123,70,stratified_sensitive,,0.01,0.09,tvae,0.593952483801296,59.395248380129594,0.2308784383318545,0.12185744449644995,0.17636794141415224,0.4175845423871437
server_generation_ablation,real1_tvae_synth9,compas,non-IID,FedSA,123,70,stratified_sensitive,,0.01,0.09,tvae,0.5955723542116631,59.55723542116631,0.24859509020999707,0.13161645153119883,0.19010577087059793,0.40546658334106517
server_generation_ablation,real1_tvae_synth9,compas,non-IID,S-DFA,123,70,stratified_sensitive,,0.01,0.09,tvae,0.5950323974082073,59.50323974082073,0.21487725524992607,0.10907654184957752,0.16197689854975178,0.43305549885845557
server_generation_ablation,real1_tvae_synth9,compas,non-IID,Sp-DFA,123,70,stratified_sensitive,,0.01,0.09,tvae,0.5971922246220303,59.71922246220303,0.25900621118012424,0.1385426502806546,0.19877443073038942,0.39841779389164084
server_generation_ablation,real5_ctgan_synth5,adult,IID,Benign,123,70,stratified_sensitive,,0.05,0.05,ctgan,0.8225645793213361,82.25645793213361,0.010749144175509567,0.00015633746085896177,0.0054527408181842645,0.8171118385031518
server_generation_ablation,real5_ctgan_synth5,adult,IID,F Flip,123,70,stratified_sensitive,,0.05,0.05,ctgan,0.8205724151670097,82.05724151670097,0.04162851419272032,0.014120324034414072,0.027874419113567195,0.7926979960534426
server_generation_ablation,real5_ctgan_synth5,adult,IID,FedSA,123,70,stratified_sensitive,,0.05,0.05,ctgan,0.8273457732917192,82.73457732917193,0.020126798545226865,0.010908936327902869,0.015517867436564867,0.8118279058551543
server_generation_ablation,real5_ctgan_synth5,adult,IID,S-DFA,123,70,stratified_sensitive,,0.05,0.05,ctgan,0.8195763330898466,81.95763330898465,0.026400464741401897,0.02856535975129483,0.027482912246348364,0.7920934208434982
server_generation_ablation,real5_ctgan_synth5,adult,IID,Sp-DFA,123,70,stratified_sensitive,,0.05,0.05,ctgan,0.8273457732917192,82.73457732917193,0.02539912295483221,0.010452763156791365,0.017925943055811785,0.8094198302359075
server_generation_ablation,real5_ctgan_synth5,adult,non-IID,Benign,123,70,stratified_sensitive,,0.05,0.05,ctgan,0.8127365694933263,81.27365694933263,0.007583464665430195,0.00921265581937862,0.008398060242404408,0.8043385092509219
server_generation_ablation,real5_ctgan_synth5,adult,non-IID,F Flip,123,70,stratified_sensitive,,0.05,0.05,ctgan,0.8279434225380171,82.79434225380172,0.027009381081666284,0.012856745013541154,0.01993306304760372,0.8080103594904134
server_generation_ablation,real5_ctgan_synth5,adult,non-IID,FedSA,123,70,stratified_sensitive,,0.05,0.05,ctgan,0.8249551763065277,82.49551763065277,0.04144858112782046,0.007147789635458271,0.024298185381639366,0.8006569909248883
server_generation_ablation,real5_ctgan_synth5,adult,non-IID,S-DFA,123,70,stratified_sensitive,,0.05,0.05,ctgan,0.8224317683777144,82.24317683777144,0.022944607463166566,0.010799803030447103,0.016872205246806833,0.8055595631309075
server_generation_ablation,real5_ctgan_synth5,adult,non-IID,Sp-DFA,123,70,stratified_sensitive,,0.05,0.05,ctgan,0.8228966066803904,82.28966066803905,0.009149739154177494,0.010163499734729856,0.009656619444453675,0.8132399872359367
server_generation_ablation,real5_ctgan_synth5,compas,IID,Benign,123,70,stratified_sensitive,,0.05,0.05,ctgan,0.6555075593952484,65.55075593952483,0.07485950902099969,0.12519215124184854,0.10002583013142412,0.5554817292638243
server_generation_ablation,real5_ctgan_synth5,compas,IID,F Flip,123,70,stratified_sensitive,,0.05,0.05,ctgan,0.6571274298056156,65.71274298056156,0.054037267080745355,0.12063538010637911,0.08733632359356223,0.5697911062120533
server_generation_ablation,real5_ctgan_synth5,compas,IID,FedSA,123,70,stratified_sensitive,,0.05,0.05,ctgan,0.6571274298056156,65.71274298056156,0.06146110618160311,0.12397242126322006,0.09271676372241158,0.564410666083204
server_generation_ablation,real5_ctgan_synth5,compas,IID,S-DFA,123,70,stratified_sensitive,,0.05,0.05,ctgan,0.646328293736501,64.6328293736501,0.07128068618751848,0.11459509049929556,0.09293788834340702,0.553390405393094
server_generation_ablation,real5_ctgan_synth5,compas,IID,Sp-DFA,123,70,stratified_sensitive,,0.05,0.05,ctgan,0.6501079913606912,65.01079913606912,0.029665779355220356,0.10128427645500948,0.06547502790511492,0.5846329634555762
server_generation_ablation,real5_ctgan_synth5,compas,non-IID,Benign,123,70,stratified_sensitive,,0.05,0.05,ctgan,0.6592872570194385,65.92872570194385,0.02478556640047322,0.04077166304638359,0.032778614723428405,0.6265086422960101
server_generation_ablation,real5_ctgan_synth5,compas,non-IID,F Flip,123,70,stratified_sensitive,,0.05,0.05,ctgan,0.6360691144708424,63.60691144708424,0.02055604850635906,0.06895151077272521,0.044753779639542135,0.5913153348313003
server_generation_ablation,real5_ctgan_synth5,compas,non-IID,FedSA,123,70,stratified_sensitive,,0.05,0.05,ctgan,0.6139308855291576,61.39308855291576,0.023602484472049684,0.03965931599410327,0.03163090023307648,0.5822999852960812
server_generation_ablation,real5_ctgan_synth5,compas,non-IID,S-DFA,123,70,stratified_sensitive,,0.05,0.05,ctgan,0.6052915766738661,60.52915766738661,0.006359065365276528,0.01680426076776459,0.011581663066520559,0.5937099136073456
server_generation_ablation,real5_ctgan_synth5,compas,non-IID,Sp-DFA,123,70,stratified_sensitive,,0.05,0.05,ctgan,0.66792656587473,66.792656587473,0.0640638864241348,0.12284139891940093,0.09345264267176787,0.5744739232029621
server_generation_ablation,real5_forest_diffusion_synth5,adult,IID,Benign,123,70,stratified_sensitive,,0.05,0.05,forest_diffusion,0.8314629125439936,83.14629125439936,0.011348921058509043,0.05081218243765189,0.031080551748080467,0.8003823607959132
server_generation_ablation,real5_forest_diffusion_synth5,adult,IID,F Flip,123,70,stratified_sensitive,,0.05,0.05,forest_diffusion,0.8295371538614782,82.95371538614782,0.002243165542418213,0.03529202325068853,0.018767594396553372,0.8107695594649248
server_generation_ablation,real5_forest_diffusion_synth5,adult,IID,FedSA,123,70,stratified_sensitive,,0.05,0.05,forest_diffusion,0.8304004249950195,83.04004249950195,0.014212998478851602,0.0533683490728023,0.03379067377582695,0.7966097512191925
server_generation_ablation,real5_forest_diffusion_synth5,adult,IID,S-DFA,123,70,stratified_sensitive,,0.05,0.05,forest_diffusion,0.8319277508466698,83.19277508466698,0.007973034031340337,0.029924791510264007,0.01894891277080217,0.8129788380758677
server_generation_ablation,real5_forest_diffusion_synth5,adult,IID,Sp-DFA,123,70,stratified_sensitive,,0.05,0.05,forest_diffusion,0.8347831861345375,83.47831861345375,0.009606712017415253,0.036065405190066666,0.02283605860374096,0.8119471275307966
server_generation_ablation,real5_forest_diffusion_synth5,adult,non-IID,Benign,123,70,stratified_sensitive,,0.05,0.05,forest_diffusion,0.8262832857427452,82.62832857427452,0.0005386567625414451,0.05756795483678975,0.0290533057996656,0.7972299799430796
server_generation_ablation,real5_forest_diffusion_synth5,adult,non-IID,F Flip,123,70,stratified_sensitive,,0.05,0.05,forest_diffusion,0.8302676140513978,83.02676140513978,9.76779495170943e-05,0.0599568305587998,0.030027254254158448,0.8002403597972394
server_generation_ablation,real5_forest_diffusion_synth5,adult,non-IID,FedSA,123,70,stratified_sensitive,,0.05,0.05,forest_diffusion,0.8262832857427452,82.62832857427452,0.016060311278490114,0.05627570826406679,0.03616800977127845,0.7901152759714668
server_generation_ablation,real5_forest_diffusion_synth5,adult,non-IID,S-DFA,123,70,stratified_sensitive,,0.05,0.05,forest_diffusion,0.831263696128561,83.1263696128561,0.0010521800176049312,0.06172450911983233,0.031388344568718626,0.7998753515598424
server_generation_ablation,real5_forest_diffusion_synth5,adult,non-IID,Sp-DFA,123,70,stratified_sensitive,,0.05,0.05,forest_diffusion,0.8341855368882396,83.41855368882396,0.005581352308369869,0.06944209894787076,0.037511725628120315,0.7966738112601193
server_generation_ablation,real5_forest_diffusion_synth5,compas,IID,Benign,123,70,stratified_sensitive,,0.05,0.05,forest_diffusion,0.6495680345572354,64.95680345572354,0.07388346643005028,0.009627112788256065,0.04175528960915317,0.6078127449480822
server_generation_ablation,real5_forest_diffusion_synth5,compas,IID,F Flip,123,70,stratified_sensitive,,0.05,0.05,forest_diffusion,0.6565874730021598,65.65874730021598,0.10183377698905649,0.0012990999676684156,0.05156643847836245,0.6050210345237974
server_generation_ablation,real5_forest_diffusion_synth5,compas,IID,FedSA,123,70,stratified_sensitive,,0.05,0.05,forest_diffusion,0.6598272138228942,65.98272138228943,0.030730553090801527,0.0011660385154543818,0.015948295803127954,0.6438789180197663
server_generation_ablation,real5_forest_diffusion_synth5,compas,IID,S-DFA,123,70,stratified_sensitive,,0.05,0.05,forest_diffusion,0.6555075593952484,65.55075593952483,0.0892043774031352,0.000694487404099442,0.04494943240361732,0.6105581269916311
server_generation_ablation,real5_forest_diffusion_synth5,compas,IID,Sp-DFA,123,70,stratified_sensitive,,0.05,0.05,forest_diffusion,0.6447084233261339,64.47084233261339,0.07249334516415257,0.0015862325750775896,0.03703978886961508,0.6076686344565188
server_generation_ablation,real5_forest_diffusion_synth5,compas,non-IID,Benign,123,70,stratified_sensitive,,0.05,0.05,forest_diffusion,0.6376889848812095,63.76889848812095,0.12088139603667558,0.017544269194989914,0.06921283261583275,0.5684761522653767
server_generation_ablation,real5_forest_diffusion_synth5,compas,non-IID,F Flip,123,70,stratified_sensitive,,0.05,0.05,forest_diffusion,0.6441684665226782,64.41684665226782,0.09778172138420588,0.01108145111684078,0.05443158625052333,0.5897368802721549
server_generation_ablation,real5_forest_diffusion_synth5,compas,non-IID,FedSA,123,70,stratified_sensitive,,0.05,0.05,forest_diffusion,0.6474082073434125,64.74082073434126,0.04889086069210291,0.0025725214094709237,0.025731691050786917,0.6216765162926257
server_generation_ablation,real5_forest_diffusion_synth5,compas,non-IID,S-DFA,123,70,stratified_sensitive,,0.05,0.05,forest_diffusion,0.6587473002159827,65.87473002159827,0.04191067731440401,0.002021600309076055,0.021966138811740032,0.6367811614042427
server_generation_ablation,real5_forest_diffusion_synth5,compas,non-IID,Sp-DFA,123,70,stratified_sensitive,,0.05,0.05,forest_diffusion,0.6506479481641468,65.06479481641469,0.1111209701271813,0.016702713870022312,0.06391184199860181,0.5867361061655451
server_generation_ablation,real5_gaussian_copula_synth5,adult,IID,Benign,123,70,stratified_sensitive,,0.05,0.05,gaussian_copula,0.8235606613984993,82.35606613984993,0.008380882311780025,0.043916683307488394,0.02614878280963421,0.7974118785888651
server_generation_ablation,real5_gaussian_copula_synth5,adult,IID,F Flip,123,70,stratified_sensitive,,0.05,0.05,gaussian_copula,0.8217677136596055,82.17677136596055,0.0365149878530901,0.04197567539167319,0.03924533162238164,0.7825223820372239
server_generation_ablation,real5_gaussian_copula_synth5,adult,IID,FedSA,123,70,stratified_sensitive,,0.05,0.05,gaussian_copula,0.8215684972441729,82.15684972441728,0.008605941446924614,0.03294357098352653,0.020774756215225572,0.8007937410289473
server_generation_ablation,real5_gaussian_copula_synth5,adult,IID,S-DFA,123,70,stratified_sensitive,,0.05,0.05,gaussian_copula,0.8187130619563052,81.87130619563052,0.005198066319329231,0.04128424373172644,0.023241155025527836,0.7954719069307774
server_generation_ablation,real5_gaussian_copula_synth5,adult,IID,Sp-DFA,123,70,stratified_sensitive,,0.05,0.05,gaussian_copula,0.8250879872501494,82.50879872501494,0.01278838557770795,0.04503636285360943,0.02891237421565869,0.7961756130344907
server_generation_ablation,real5_gaussian_copula_synth5,adult,non-IID,Benign,123,70,stratified_sensitive,,0.05,0.05,gaussian_copula,0.8343183478318613,83.43183478318613,0.014576291905125605,0.040434949954559214,0.02750562092984241,0.8068127269020189
server_generation_ablation,real5_gaussian_copula_synth5,adult,non-IID,F Flip,123,70,stratified_sensitive,,0.05,0.05,gaussian_copula,0.8327246165084002,83.27246165084003,0.0037865913880036906,0.04357417728038137,0.02368038433419253,0.8090442321742077
server_generation_ablation,real5_gaussian_copula_synth5,adult,non-IID,FedSA,123,70,stratified_sensitive,,0.05,0.05,gaussian_copula,0.8192443057307922,81.92443057307922,0.008834999094622514,0.04879752960732195,0.02881626435097223,0.7904280413798199
server_generation_ablation,real5_gaussian_copula_synth5,adult,non-IID,S-DFA,123,70,stratified_sensitive,,0.05,0.05,gaussian_copula,0.8284746663125041,82.84746663125041,0.006186841352159855,0.050911124611007004,0.02854898298158343,0.7999256833309206
server_generation_ablation,real5_gaussian_copula_synth5,adult,non-IID,Sp-DFA,123,70,stratified_sensitive,,0.05,0.05,gaussian_copula,0.8309980742413174,83.09980742413174,0.011651094364325043,0.058481063507193516,0.035066078935759276,0.7959319953055581
server_generation_ablation,real5_gaussian_copula_synth5,compas,IID,Benign,123,70,stratified_sensitive,,0.05,0.05,gaussian_copula,0.6517278617710583,65.17278617710583,0.09772256728778472,0.019104823244201596,0.05841369526599316,0.5933141665050652
server_generation_ablation,real5_gaussian_copula_synth5,compas,IID,F Flip,123,70,stratified_sensitive,,0.05,0.05,gaussian_copula,0.6398488120950324,63.98488120950324,0.12274475007394259,0.01877100240794538,0.07075787624094398,0.5690909358540884
server_generation_ablation,real5_gaussian_copula_synth5,compas,IID,FedSA,123,70,stratified_sensitive,,0.05,0.05,gaussian_copula,0.6555075593952484,65.55075593952483,0.07018633540372665,0.0015815637521928716,0.03588394957795976,0.6196236098172887
server_generation_ablation,real5_gaussian_copula_synth5,compas,IID,S-DFA,123,70,stratified_sensitive,,0.05,0.05,gaussian_copula,0.6490280777537797,64.90280777537797,0.07675244010647742,0.002423119077160474,0.039587779591818945,0.6094402981619608
server_generation_ablation,real5_gaussian_copula_synth5,compas,IID,Sp-DFA,123,70,stratified_sensitive,,0.05,0.05,gaussian_copula,0.6474082073434125,64.74082073434126,0.09650990831115058,0.0021079735324430193,0.0493089409217968,0.5980992664216157
server_generation_ablation,real5_gaussian_copula_synth5,compas,non-IID,Benign,123,70,stratified_sensitive,,0.05,0.05,gaussian_copula,0.6506479481641468,65.06479481641469,0.05578231292517,0.0008100407704958457,0.02829617684783292,0.6223517713163139
server_generation_ablation,real5_gaussian_copula_synth5,compas,non-IID,F Flip,123,70,stratified_sensitive,,0.05,0.05,gaussian_copula,0.6538876889848813,65.38876889848812,0.1045844424726412,0.010647250588563473,0.05761584653060234,0.5962718424542789
server_generation_ablation,real5_gaussian_copula_synth5,compas,non-IID,FedSA,123,70,stratified_sensitive,,0.05,0.05,gaussian_copula,0.6544276457883369,65.44276457883369,0.06258503401360538,0.0002649556987068258,0.0314249948561561,0.6230026509321808
server_generation_ablation,real5_gaussian_copula_synth5,compas,non-IID,S-DFA,123,70,stratified_sensitive,,0.05,0.05,gaussian_copula,0.6517278617710583,65.17278617710583,0.09458740017746226,0.018203740427454096,0.056395570302458176,0.5953322914686001
server_generation_ablation,real5_gaussian_copula_synth5,compas,non-IID,Sp-DFA,123,70,stratified_sensitive,,0.05,0.05,gaussian_copula,0.656047516198704,65.6047516198704,0.03635019225081337,0.000683982552608875,0.018517087401711124,0.637530428796993
server_generation_ablation,real5_pca_gaussian_synth5,adult,IID,Benign,123,70,stratified_sensitive,,0.05,0.05,pca_gaussian,0.8083538083538083,80.83538083538083,0.003949959186611146,0.009972416157842699,0.006961187672226922,0.8013926206815813
server_generation_ablation,real5_pca_gaussian_synth5,adult,IID,F Flip,123,70,stratified_sensitive,,0.05,0.05,pca_gaussian,0.8084202138256192,80.84202138256192,0.013338466661830362,0.01115968211556823,0.012249074388699295,0.79617113943692
server_generation_ablation,real5_pca_gaussian_synth5,adult,IID,FedSA,123,70,stratified_sensitive,,0.05,0.05,pca_gaussian,0.8132678132678133,81.32678132678133,0.004793645335363819,0.009665779677767088,0.007229712506565454,0.8060381007612478
server_generation_ablation,real5_pca_gaussian_synth5,adult,IID,S-DFA,123,70,stratified_sensitive,,0.05,0.05,pca_gaussian,0.7999867189056378,79.99867189056377,0.0023139963362200644,0.0004414482004621396,0.001377722268341102,0.7986089966372967
server_generation_ablation,real5_pca_gaussian_synth5,adult,IID,Sp-DFA,123,70,stratified_sensitive,,0.05,0.05,pca_gaussian,0.8060960223122385,80.60960223122386,0.007496068605335943,0.028525678563359646,0.018010873584347796,0.7880851487278907
server_generation_ablation,real5_pca_gaussian_synth5,adult,non-IID,Benign,123,70,stratified_sensitive,,0.05,0.05,pca_gaussian,0.797728932864068,79.7728932864068,0.013726322379503397,0.0014312109755678232,0.00757876667753561,0.7901501661865323
server_generation_ablation,real5_pca_gaussian_synth5,adult,non-IID,F Flip,123,70,stratified_sensitive,,0.05,0.05,pca_gaussian,0.8052327511786971,80.5232751178697,0.005111241475314041,0.013505506356633412,0.009308373915973726,0.7959243772627234
server_generation_ablation,real5_pca_gaussian_synth5,adult,non-IID,FedSA,123,70,stratified_sensitive,,0.05,0.05,pca_gaussian,0.8002523407928813,80.02523407928813,0.0030954199323565967,0.018575169310079756,0.010835294621218176,0.7894170461716632
server_generation_ablation,real5_pca_gaussian_synth5,adult,non-IID,S-DFA,123,70,stratified_sensitive,,0.05,0.05,pca_gaussian,0.7835845673683511,78.35845673683511,0.011656806525115512,0.009430140024841466,0.010543473274978489,0.7730410940933726
server_generation_ablation,real5_pca_gaussian_synth5,adult,non-IID,Sp-DFA,123,70,stratified_sensitive,,0.05,0.05,pca_gaussian,0.8029749651371273,80.29749651371273,0.0002913202003140547,0.00722969979235384,0.003760509996333947,0.7992144551407934
server_generation_ablation,real5_pca_gaussian_synth5,compas,IID,Benign,123,70,stratified_sensitive,,0.05,0.05,pca_gaussian,0.646328293736501,64.6328293736501,0.10665483584738245,0.012983996442356954,0.0598194161448697,0.5865088775916313
server_generation_ablation,real5_pca_gaussian_synth5,compas,IID,F Flip,123,70,stratified_sensitive,,0.05,0.05,pca_gaussian,0.6501079913606912,65.01079913606912,0.08624667258207636,0.0016305863924822583,0.04393862948727931,0.6061693618734119
server_generation_ablation,real5_pca_gaussian_synth5,compas,IID,FedSA,123,70,stratified_sensitive,,0.05,0.05,pca_gaussian,0.6474082073434125,64.74082073434126,0.09402543626146109,0.018356644376928077,0.056191040319194585,0.5912171670242179
server_generation_ablation,real5_pca_gaussian_synth5,compas,IID,S-DFA,123,70,stratified_sensitive,,0.05,0.05,pca_gaussian,0.6452483801295896,64.52483801295897,0.10461401952085186,0.01082233144673983,0.05771817548379585,0.5875302046457938
server_generation_ablation,real5_pca_gaussian_synth5,compas,IID,Sp-DFA,123,70,stratified_sensitive,,0.05,0.05,pca_gaussian,0.6430885529157667,64.30885529157668,0.05805974563738539,0.006495499838341995,0.03227762273786369,0.610810930177903
server_generation_ablation,real5_pca_gaussian_synth5,compas,non-IID,Benign,123,70,stratified_sensitive,,0.05,0.05,pca_gaussian,0.6436285097192225,64.36285097192224,0.0779946761313221,0.0035121220150172716,0.04075339907316969,0.6028751106460528
server_generation_ablation,real5_pca_gaussian_synth5,compas,non-IID,F Flip,123,70,stratified_sensitive,,0.05,0.05,pca_gaussian,0.6403887688984882,64.03887688984882,0.044720496894409933,0.0008520601764581692,0.02278627853543405,0.6176024903630541
server_generation_ablation,real5_pca_gaussian_synth5,compas,non-IID,FedSA,123,70,stratified_sensitive,,0.05,0.05,pca_gaussian,0.6490280777537797,64.90280777537797,0.07024548950014792,0.005399493666158162,0.03782249158315304,0.6112055861706267
server_generation_ablation,real5_pca_gaussian_synth5,compas,non-IID,S-DFA,123,70,stratified_sensitive,,0.05,0.05,pca_gaussian,0.6447084233261339,64.47084233261339,0.0700384501626738,0.0031969764702998726,0.03661771331648683,0.6080907100096471
server_generation_ablation,real5_pca_gaussian_synth5,compas,non-IID,Sp-DFA,123,70,stratified_sensitive,,0.05,0.05,pca_gaussian,0.6333693304535637,63.33693304535637,0.10440698018337774,0.02037007424595591,0.062388527214666825,0.5709808032388969
server_generation_ablation,real5_smote_synth5,adult,IID,Benign,123,70,stratified_sensitive,,0.05,0.05,smote,0.8091506740155389,80.91506740155388,0.0168086043420419,0.1416930161390092,0.07925081024052555,0.7298998637750134
server_generation_ablation,real5_smote_synth5,adult,IID,F Flip,123,70,stratified_sensitive,,0.05,0.05,smote,0.8368417557606747,83.68417557606746,0.13030295587184426,0.19094782228717794,0.1606253890795111,0.6762163666811636
server_generation_ablation,real5_smote_synth5,adult,IID,FedSA,123,70,stratified_sensitive,,0.05,0.05,smote,0.8267481240454213,82.67481240454214,0.07621393413078903,0.17749407400176434,0.12685400406627667,0.6998941199791446
server_generation_ablation,real5_smote_synth5,adult,IID,S-DFA,123,70,stratified_sensitive,,0.05,0.05,smote,0.7851118932200013,78.51118932200013,0.001197268901682924,0.016138387280289518,0.008667828090986221,0.7764440651290151
server_generation_ablation,real5_smote_synth5,adult,IID,Sp-DFA,123,70,stratified_sensitive,,0.05,0.05,smote,0.8387011089713793,83.87011089713793,0.09550789963276518,0.1566500956581438,0.1260789976454545,0.7126221113259248
server_generation_ablation,real5_smote_synth5,adult,non-IID,Benign,123,70,stratified_sensitive,,0.05,0.05,smote,0.8270801514044758,82.70801514044757,0.08975860979715544,0.17784185614233294,0.1338002329697442,0.6932799184347316
server_generation_ablation,real5_smote_synth5,adult,non-IID,F Flip,123,70,stratified_sensitive,,0.05,0.05,smote,0.8392987582176772,83.92987582176772,0.10346379718173415,0.20375963006059025,0.15361171362116222,0.685687044596515
server_generation_ablation,real5_smote_synth5,adult,non-IID,FedSA,123,70,stratified_sensitive,,0.05,0.05,smote,0.8325254000929677,83.25254000929677,0.07696279841041997,0.16729847623837102,0.1221306373243955,0.7103947627685723
server_generation_ablation,real5_smote_synth5,adult,non-IID,S-DFA,123,70,stratified_sensitive,,0.05,0.05,smote,0.8336542931137526,83.36542931137527,0.08734922037573456,0.1745632832495755,0.13095625181265502,0.7026980413010976
server_generation_ablation,real5_smote_synth5,adult,non-IID,Sp-DFA,123,70,stratified_sensitive,,0.05,0.05,smote,0.8412245169001926,84.12245169001926,0.1027337830327118,0.18224235544321782,0.1424880692379648,0.6987364476622278
server_generation_ablation,real5_smote_synth5,compas,IID,Benign,123,70,stratified_sensitive,,0.05,0.05,smote,0.6409287257019438,64.09287257019439,0.012126589766341317,0.014850358390516682,0.013488474078429,0.6274402516235148
server_generation_ablation,real5_smote_synth5,compas,IID,F Flip,123,70,stratified_sensitive,,0.05,0.05,smote,0.6398488120950324,63.98488120950324,0.023868677905944935,0.009580424559409023,0.01672455123267698,0.6231242608623554
server_generation_ablation,real5_smote_synth5,compas,IID,FedSA,123,70,stratified_sensitive,,0.05,0.05,smote,0.6187904967602592,61.87904967602592,0.03099674652469686,0.002929686360150674,0.016963216442423767,0.6018272803178355
server_generation_ablation,real5_smote_synth5,compas,IID,S-DFA,123,70,stratified_sensitive,,0.05,0.05,smote,0.6447084233261339,64.47084233261339,0.022626441881100273,0.007104781224795659,0.014865611552947966,0.6298428117731859
server_generation_ablation,real5_smote_synth5,compas,IID,Sp-DFA,123,70,stratified_sensitive,,0.05,0.05,smote,0.6366090712742981,63.66090712742981,0.04161490683229818,0.0008077063590534728,0.021211306595675827,0.6153977646786223
server_generation_ablation,real5_smote_synth5,compas,non-IID,Benign,123,70,stratified_sensitive,,0.05,0.05,smote,0.6414686825053996,64.14686825053995,0.06015971606033721,0.0034771058433820112,0.03181841095185961,0.6096502715535399
server_generation_ablation,real5_smote_synth5,compas,non-IID,F Flip,123,70,stratified_sensitive,,0.05,0.05,smote,0.6393088552915767,63.93088552915766,0.10452528837622005,0.015508662417259733,0.06001697539673989,0.5792918798948368
server_generation_ablation,real5_smote_synth5,compas,non-IID,FedSA,123,70,stratified_sensitive,,0.05,0.05,smote,0.6268898488120951,62.68898488120951,0.03490091688849453,0.001623583158155209,0.01826225002332487,0.6086275987887703
server_generation_ablation,real5_smote_synth5,compas,non-IID,S-DFA,123,70,stratified_sensitive,,0.05,0.05,smote,0.6479481641468683,64.79481641468684,0.022892635314995524,0.0007633525416488179,0.011827993928322171,0.6361201702185462
server_generation_ablation,real5_smote_synth5,compas,non-IID,Sp-DFA,123,70,stratified_sensitive,,0.05,0.05,smote,0.6333693304535637,63.33693304535637,0.08024253179532687,0.00440036556883186,0.04232144868207936,0.5910478817714844
server_generation_ablation,real5_tvae_synth5,adult,IID,Benign,123,70,stratified_sensitive,,0.05,0.05,tvae,0.8329902383956438,83.29902383956438,0.01080797943165146,0.09122749241092266,0.05101773592128706,0.7819725024743567
server_generation_ablation,real5_tvae_synth5,adult,IID,F Flip,123,70,stratified_sensitive,,0.05,0.05,tvae,0.8360448900989441,83.60448900989441,0.007964465790154585,0.12052994326793802,0.06424720452904631,0.7717976855698978
server_generation_ablation,real5_tvae_synth5,adult,IID,FedSA,123,70,stratified_sensitive,,0.05,0.05,tvae,0.8330566438674547,83.30566438674548,0.0037334682926522533,0.05643054112983215,0.030082004711242203,0.8029746391562125
server_generation_ablation,real5_tvae_synth5,adult,IID,S-DFA,123,70,stratified_sensitive,,0.05,0.05,tvae,0.834517564247294,83.4517564247294,0.0016702358151338137,0.10046428193560261,0.05106725887536821,0.7834503053719257
server_generation_ablation,real5_tvae_synth5,adult,IID,Sp-DFA,123,70,stratified_sensitive,,0.05,0.05,tvae,0.8418885716183013,84.18885716183013,0.0029440476714091,0.10888690496323393,0.055915476317321515,0.7859730953009798
server_generation_ablation,real5_tvae_synth5,adult,non-IID,Benign,123,70,stratified_sensitive,,0.05,0.05,tvae,0.8357128627398898,83.57128627398897,0.00535286587675099,0.112267810383624,0.058810338130187496,0.7769025246097022
server_generation_ablation,real5_tvae_synth5,adult,non-IID,F Flip,123,70,stratified_sensitive,,0.05,0.05,tvae,0.8387675144431901,83.87675144431901,0.01452888097056465,0.0729967148871339,0.043762797928849274,0.7950047165143408
server_generation_ablation,real5_tvae_synth5,adult,non-IID,FedSA,123,70,stratified_sensitive,,0.05,0.05,tvae,0.8350488080217809,83.50488080217809,0.018304048036987375,0.10556566175362204,0.06193485489530471,0.7731139531264762
server_generation_ablation,real5_tvae_synth5,adult,non-IID,S-DFA,123,70,stratified_sensitive,,0.05,0.05,tvae,0.8378378378378378,83.78378378378379,0.0021694786682211475,0.09494524658086784,0.04855736262454449,0.7892804752132934
server_generation_ablation,real5_tvae_synth5,adult,non-IID,Sp-DFA,123,70,stratified_sensitive,,0.05,0.05,tvae,0.8365097284016203,83.65097284016203,0.019306532255715214,0.1356924902930546,0.07749951127438491,0.7590102171272354
server_generation_ablation,real5_tvae_synth5,compas,IID,Benign,123,70,stratified_sensitive,,0.05,0.05,tvae,0.6231101511879049,62.31101511879049,0.04004732327713695,3.384896591410169e-05,0.020040586121525525,0.6030695650663794
server_generation_ablation,real5_tvae_synth5,compas,IID,F Flip,123,70,stratified_sensitive,,0.05,0.05,tvae,0.6047516198704104,60.475161987041034,0.06980183377698906,0.01767849785292508,0.04374016581495707,0.5610114540554533
server_generation_ablation,real5_tvae_synth5,compas,IID,FedSA,123,70,stratified_sensitive,,0.05,0.05,tvae,0.5815334773218143,58.15334773218142,0.025613723750369716,0.007600843656295264,0.01660728370333249,0.5649261936184817
server_generation_ablation,real5_tvae_synth5,compas,IID,S-DFA,123,70,stratified_sensitive,,0.05,0.05,tvae,0.6133909287257019,61.33909287257019,0.05927240461401953,0.012747053680958326,0.03600972914748893,0.577381199578213
server_generation_ablation,real5_tvae_synth5,compas,IID,Sp-DFA,123,70,stratified_sensitive,,0.05,0.05,tvae,0.6096112311015118,60.961123110151185,0.11091393078970718,0.04233922032992238,0.07662657555981478,0.532984655541697
server_generation_ablation,real5_tvae_synth5,compas,non-IID,Benign,123,70,stratified_sensitive,,0.05,0.05,tvae,0.6112311015118791,61.12311015118791,0.028719313812481523,0.004768035371002177,0.01674367459174185,0.5944874269201372
server_generation_ablation,real5_tvae_synth5,compas,non-IID,F Flip,123,70,stratified_sensitive,,0.05,0.05,tvae,0.6047516198704104,60.475161987041034,0.0302868973676427,0.001979580903113759,0.01613323913537823,0.5886183807350321
server_generation_ablation,real5_tvae_synth5,compas,non-IID,FedSA,123,70,stratified_sensitive,,0.05,0.05,tvae,0.6042116630669546,60.42116630669546,0.019698314108251985,0.008108578145006637,0.013903446126629311,0.5903082169403253
server_generation_ablation,real5_tvae_synth5,compas,non-IID,S-DFA,123,70,stratified_sensitive,,0.05,0.05,tvae,0.5842332613390929,58.42332613390929,0.0011239278320023666,0.0015909013979622938,0.0013574146149823302,0.5828758467241106
server_generation_ablation,real5_tvae_synth5,compas,non-IID,Sp-DFA,123,70,stratified_sensitive,,0.05,0.05,tvae,0.6295896328293736,62.95896328293736,0.01955042886719907,0.0011461960181944064,0.010348312442696739,0.6192413203866769
