id,algorithm,method,distribution,attack,seed,candidate,reused,accuracy,aeod,aspd,checkpoint_sha256,output
FedAA-DDPG_policy0.001_keep16_local0.001_IID_Benign_seed91002,FedAA,FedAA-DDPG-adapted-v1,IID,Benign,91002,policy0.001_keep16_local0.001,False,0.8987768661599638,0.05371784696192261,0.12376091639102688,fec5f5ee06603f0061d1e5f78c47b02857c073ff71e21c95906e11a9d477540f,/workspace/GuardFed-celeba-expanded/results/revision_20261003/celeba_baseline_fullcoverage_v1/runs/FedAA-DDPG_policy0.001_keep16_local0.001_IID_Benign_seed91002
LASA_s0.3_l2_lr0.001_IID_Benign_seed91002_fullcoverage,LASA,LASA-official,IID,Benign,91002,LASA_s0.3_l2_lr0.001,False,0.9041626818341975,0.03989870285818142,0.1160284531004912,2f8b603e7b545c837a0a7724c243dc0f736d71ca925dc289f5aa2e6016a5f437,/workspace/GuardFed-celeba-expanded/results/revision_20261003/celeba_baseline_fullcoverage_v1/runs/LASA_s0.3_l2_lr0.001_IID_Benign_seed91002_fullcoverage
FedAA-DDPG_policy0.001_keep16_local0.001_IID_Benign_seed91003,FedAA,FedAA-DDPG-adapted-v1,IID,Benign,91003,policy0.001_keep16_local0.001,False,0.8917300045301253,0.046440208826938445,0.10791792750476537,039be6f0b385854658c382cd34138bbd0747b471d73f7b324b96bd121afb8794,/workspace/GuardFed-celeba-expanded/results/revision_20261003/celeba_baseline_fullcoverage_v1/runs/FedAA-DDPG_policy0.001_keep16_local0.001_IID_Benign_seed91003
LASA_s0.3_l2_lr0.001_IID_Benign_seed91003_fullcoverage,LASA,LASA-official,IID,Benign,91003,LASA_s0.3_l2_lr0.001,False,0.9030049831378668,0.03752817247198548,0.11353260145395533,7edd8ffbecd947a4f6000de859882875b43b01e302664752cfbe9b654a7666ee,/workspace/GuardFed-celeba-expanded/results/revision_20261003/celeba_baseline_fullcoverage_v1/runs/LASA_s0.3_l2_lr0.001_IID_Benign_seed91003_fullcoverage
FedAA-DDPG_policy0.001_keep16_local0.001_IID_Benign_seed91004,FedAA,FedAA-DDPG-adapted-v1,IID,Benign,91004,policy0.001_keep16_local0.001,False,0.8905723058337948,0.047110525666916425,0.11964400421392007,14cb762f130669436d65a90062762d4b3cff58fa07f51efc5c38528e6bfed3ee,/workspace/GuardFed-celeba-expanded/results/revision_20261003/celeba_baseline_fullcoverage_v1/runs/FedAA-DDPG_policy0.001_keep16_local0.001_IID_Benign_seed91004
LASA_s0.3_l2_lr0.001_IID_Benign_seed91004_fullcoverage,LASA,LASA-official,IID,Benign,91004,LASA_s0.3_l2_lr0.001,False,0.9006895857452056,0.03360593733447459,0.11311529453636032,5637a043529482b907419523f519dfe7408f0e027e4dc69529e7ab7d236fede7,/workspace/GuardFed-celeba-expanded/results/revision_20261003/celeba_baseline_fullcoverage_v1/runs/LASA_s0.3_l2_lr0.001_IID_Benign_seed91004_fullcoverage
FedAA-DDPG_policy0.001_keep16_local0.001_IID_Benign_seed91005,FedAA,FedAA-DDPG-adapted-v1,IID,Benign,91005,policy0.001_keep16_local0.001,False,0.8890119293300448,0.050632022786435193,0.11892211889569332,c4dbf6306d32edbbc0480186ee6f31fd5526fecea99246aa68cc454ac6679d4a,/workspace/GuardFed-celeba-expanded/results/revision_20261003/celeba_baseline_fullcoverage_v1/runs/FedAA-DDPG_policy0.001_keep16_local0.001_IID_Benign_seed91005
LASA_s0.3_l2_lr0.001_IID_Benign_seed91005_fullcoverage,LASA,LASA-official,IID,Benign,91005,LASA_s0.3_l2_lr0.001,False,0.8900186238485931,0.042120724449474345,0.10562940803683651,c69962a32fa423c6fd17aa65373fa9fc3cf426ff731a80e523782132ee11c576,/workspace/GuardFed-celeba-expanded/results/revision_20261003/celeba_baseline_fullcoverage_v1/runs/LASA_s0.3_l2_lr0.001_IID_Benign_seed91005_fullcoverage
FedAA-DDPG_policy0.001_keep16_local0.001_IID_Benign_seed91006,FedAA,FedAA-DDPG-adapted-v1,IID,Benign,91006,policy0.001_keep16_local0.001,False,0.8865958624855288,0.03149805535983563,0.09973543099983645,69f677396d214702b9d1098aeba9cccac3b55900f161d6fae7648132a57b2816,/workspace/GuardFed-celeba-expanded/results/revision_20261003/celeba_baseline_fullcoverage_v1/runs/FedAA-DDPG_policy0.001_keep16_local0.001_IID_Benign_seed91006
LASA_s0.3_l2_lr0.001_IID_Benign_seed91006_fullcoverage,LASA,LASA-official,IID,Benign,91006,LASA_s0.3_l2_lr0.001,False,0.893139376856093,0.032203024251957646,0.10435873028683634,3de17e3e8df058e93abe6d67ac1047abfb02d43a5996dd68ca6a0a99906de791,/workspace/GuardFed-celeba-expanded/results/revision_20261003/celeba_baseline_fullcoverage_v1/runs/LASA_s0.3_l2_lr0.001_IID_Benign_seed91006_fullcoverage
FedAA-DDPG_policy0.001_keep16_local0.001_IID_Benign_seed91007,FedAA,FedAA-DDPG-adapted-v1,IID,Benign,91007,policy0.001_keep16_local0.001,False,0.8793476619519807,0.04941896523314815,0.1050170490741702,75996651586a6c18b5c212427ed4e7b21c8b95f3ff02a21b341da17e02ffdaf6,/workspace/GuardFed-celeba-expanded/results/revision_20261003/celeba_baseline_fullcoverage_v1/runs/FedAA-DDPG_policy0.001_keep16_local0.001_IID_Benign_seed91007
LASA_s0.3_l2_lr0.001_IID_Benign_seed91007_fullcoverage,LASA,LASA-official,IID,Benign,91007,LASA_s0.3_l2_lr0.001,False,0.8970151507525042,0.03645683474012018,0.11331322749039602,7ddc4f538637a2b6a0c4e8dcca0ec97e467cf2bc17cce7e5ce4f5426020333d6,/workspace/GuardFed-celeba-expanded/results/revision_20261003/celeba_baseline_fullcoverage_v1/runs/LASA_s0.3_l2_lr0.001_IID_Benign_seed91007_fullcoverage
FedAA-DDPG_policy0.001_keep16_local0.001_IID_Benign_seed91008,FedAA,FedAA-DDPG-adapted-v1,IID,Benign,91008,policy0.001_keep16_local0.001,False,0.8998338954044395,0.025167149005945855,0.09902216768253941,09e8892d1c4215b34fc06f0708796a486c8562dc512b7f3573566c346d8b96ec,/workspace/GuardFed-celeba-expanded/results/revision_20261003/celeba_baseline_fullcoverage_v1/runs/FedAA-DDPG_policy0.001_keep16_local0.001_IID_Benign_seed91008
LASA_s0.3_l2_lr0.001_IID_Benign_seed91008_fullcoverage,LASA,LASA-official,IID,Benign,91008,LASA_s0.3_l2_lr0.001,False,0.907736447375044,0.031086851007726457,0.10856255679302684,391e208242f07719ef48442dbca0fa1483f27dbbe557fa43adbd437f16f5dc23,/workspace/GuardFed-celeba-expanded/results/revision_20261003/celeba_baseline_fullcoverage_v1/runs/LASA_s0.3_l2_lr0.001_IID_Benign_seed91008_fullcoverage
FedAA-DDPG_policy0.001_keep16_local0.001_IID_Benign_seed91009,FedAA,FedAA-DDPG-adapted-v1,IID,Benign,91009,policy0.001_keep16_local0.001,False,0.870941762722102,0.03454903890058236,0.09617231657475428,50d9cad19d927e8440a51235514a4eb4bc37e7498f7a57a5208a337c346f89bb,/workspace/GuardFed-celeba-expanded/results/revision_20261003/celeba_baseline_fullcoverage_v1/runs/FedAA-DDPG_policy0.001_keep16_local0.001_IID_Benign_seed91009
LASA_s0.3_l2_lr0.001_IID_Benign_seed91009_fullcoverage,LASA,LASA-official,IID,Benign,91009,LASA_s0.3_l2_lr0.001,False,0.9015956108118991,0.03563098440351209,0.1093663303941223,86e8a672f40d8bb3bd22ddeaf21dc1e59d80b49883cb48ff5a957d486b0edc8c,/workspace/GuardFed-celeba-expanded/results/revision_20261003/celeba_baseline_fullcoverage_v1/runs/LASA_s0.3_l2_lr0.001_IID_Benign_seed91009_fullcoverage
FedAA-DDPG_policy0.001_keep16_local0.001_IID_Benign_seed91010,FedAA,FedAA-DDPG-adapted-v1,IID,Benign,91010,policy0.001_keep16_local0.001,False,0.865153269240449,0.06306517909571341,0.11318317206771811,583c1d089e5a231d506fedff216ab56efe2dba232c0e06693ac62f09acd1b478,/workspace/GuardFed-celeba-expanded/results/revision_20261003/celeba_baseline_fullcoverage_v1/runs/FedAA-DDPG_policy0.001_keep16_local0.001_IID_Benign_seed91010
LASA_s0.3_l2_lr0.001_IID_Benign_seed91010_fullcoverage,LASA,LASA-official,IID,Benign,91010,LASA_s0.3_l2_lr0.001,False,0.8818140635224241,0.04674783418780892,0.10536645773444364,b9197638118db346a0d0d7b825569970134ccb916ea4bc8dc9a4315a5c94ffe1,/workspace/GuardFed-celeba-expanded/results/revision_20261003/celeba_baseline_fullcoverage_v1/runs/LASA_s0.3_l2_lr0.001_IID_Benign_seed91010_fullcoverage
FedAA-DDPG_policy0.001_keep16_local0.001_IID_F Flip_seed91001,FedAA,FedAA-DDPG-adapted-v1,IID,F Flip,91001,policy0.001_keep16_local0.001,False,0.874314189359239,0.032790459040685116,0.08502780004609861,a3a9c67e67a2006696448ec3c5c1b3c4d3e5566c4b6fce07f49500db6c8f09d3,/workspace/GuardFed-celeba-expanded/results/revision_20261003/celeba_baseline_fullcoverage_v1/runs/FedAA-DDPG_policy0.001_keep16_local0.001_IID_F Flip_seed91001
LASA_s0.3_l2_lr0.001_IID_F Flip_seed91001_fullcoverage,LASA,LASA-official,IID,F Flip,91001,LASA_s0.3_l2_lr0.001,False,0.8835254442039563,0.05253609411968818,0.11051132589980062,12085d9606e5cdd495e274caa5e582df232238d5d4d2cb31634f70a829dfc866,/workspace/GuardFed-celeba-expanded/results/revision_20261003/celeba_baseline_fullcoverage_v1/runs/LASA_s0.3_l2_lr0.001_IID_F Flip_seed91001_fullcoverage
FedAA-DDPG_policy0.001_keep16_local0.001_IID_F Flip_seed91002,FedAA,FedAA-DDPG-adapted-v1,IID,F Flip,91002,policy0.001_keep16_local0.001,False,0.895555443700609,0.037193014051996376,0.10898805046631244,491dbe19e7c87141ace4730f3c90a130bfcfbc4943a840bef2aa0508c390dac8,/workspace/GuardFed-celeba-expanded/results/revision_20261003/celeba_baseline_fullcoverage_v1/runs/FedAA-DDPG_policy0.001_keep16_local0.001_IID_F Flip_seed91002
LASA_s0.3_l2_lr0.001_IID_F Flip_seed91002_fullcoverage,LASA,LASA-official,IID,F Flip,91002,LASA_s0.3_l2_lr0.001,False,0.9031559873156491,0.04741475654104632,0.12253743166053871,ae3b37448bf3dd1f3e87a354aa9e06aab73192b8e764d6830c082108f4fae199,/workspace/GuardFed-celeba-expanded/results/revision_20261003/celeba_baseline_fullcoverage_v1/runs/LASA_s0.3_l2_lr0.001_IID_F Flip_seed91002_fullcoverage
FedAA-DDPG_policy0.001_keep16_local0.001_IID_F Flip_seed91003,FedAA,FedAA-DDPG-adapted-v1,IID,F Flip,91003,policy0.001_keep16_local0.001,False,0.898927870337746,0.04393837780778864,0.1170005526163721,c35b5041426ff6e7f47a2f7e08228cb9e0e9d0c9cc19e723d14ecfb57d99c5dd,/workspace/GuardFed-celeba-expanded/results/revision_20261003/celeba_baseline_fullcoverage_v1/runs/FedAA-DDPG_policy0.001_keep16_local0.001_IID_F Flip_seed91003
LASA_s0.3_l2_lr0.001_IID_F Flip_seed91003_fullcoverage,LASA,LASA-official,IID,F Flip,91003,LASA_s0.3_l2_lr0.001,False,0.9017969497156088,0.05233911959743265,0.12184586842731243,cf8e71cb1db800336488c05c70212e3df8aa19ab95672d6988133208edcdc979,/workspace/GuardFed-celeba-expanded/results/revision_20261003/celeba_baseline_fullcoverage_v1/runs/LASA_s0.3_l2_lr0.001_IID_F Flip_seed91003_fullcoverage
FedAA-DDPG_policy0.001_keep16_local0.001_IID_F Flip_seed91004,FedAA,FedAA-DDPG-adapted-v1,IID,F Flip,91004,policy0.001_keep16_local0.001,False,0.8967131423969397,0.06955166609188268,0.1363182286032767,e67a4a08d4d7b144127e22caae0fb23eeee016a556b3444eddfa85560d2690b1,/workspace/GuardFed-celeba-expanded/results/revision_20261003/celeba_baseline_fullcoverage_v1/runs/FedAA-DDPG_policy0.001_keep16_local0.001_IID_F Flip_seed91004
LASA_s0.3_l2_lr0.001_IID_F Flip_seed91004_fullcoverage,LASA,LASA-official,IID,F Flip,91004,LASA_s0.3_l2_lr0.001,False,0.9014446066341169,0.0532858985241762,0.12690620574941963,7f54e3b186c6a08a19b7b17f34ac7f442a9259e407c689394a0a85da0495d1e6,/workspace/GuardFed-celeba-expanded/results/revision_20261003/celeba_baseline_fullcoverage_v1/runs/LASA_s0.3_l2_lr0.001_IID_F Flip_seed91004_fullcoverage
FedAA-DDPG_policy0.001_keep16_local0.001_IID_F Flip_seed91005,FedAA,FedAA-DDPG-adapted-v1,IID,F Flip,91005,policy0.001_keep16_local0.001,False,0.8889615946041174,0.04660262558834827,0.11064928827765808,7f885cb6f592fab068ddccfa6a67fd42fb26a7cc6fae9fb964a105edecbedf3b,/workspace/GuardFed-celeba-expanded/results/revision_20261003/celeba_baseline_fullcoverage_v1/runs/FedAA-DDPG_policy0.001_keep16_local0.001_IID_F Flip_seed91005
LASA_s0.3_l2_lr0.001_IID_F Flip_seed91005_fullcoverage,LASA,LASA-official,IID,F Flip,91005,LASA_s0.3_l2_lr0.001,False,0.8905723058337948,0.05514508719941402,0.12109361957215764,83ee553af06dc4bd348aa84db1487e4b98005fc51d890cabf5bd12834a0c8c8d,/workspace/GuardFed-celeba-expanded/results/revision_20261003/celeba_baseline_fullcoverage_v1/runs/LASA_s0.3_l2_lr0.001_IID_F Flip_seed91005_fullcoverage
FedAA-DDPG_policy0.001_keep16_local0.001_IID_F Flip_seed91006,FedAA,FedAA-DDPG-adapted-v1,IID,F Flip,91006,policy0.001_keep16_local0.001,False,0.8927366990486737,0.04871762655601264,0.1150874321672885,52b5eb1c177b6d89a57d88632c81d30f2bc57a730a739cdf811e4cfcff1f51c6,/workspace/GuardFed-celeba-expanded/results/revision_20261003/celeba_baseline_fullcoverage_v1/runs/FedAA-DDPG_policy0.001_keep16_local0.001_IID_F Flip_seed91006
LASA_s0.3_l2_lr0.001_IID_F Flip_seed91006_fullcoverage,LASA,LASA-official,IID,F Flip,91006,LASA_s0.3_l2_lr0.001,False,0.892535360144964,0.03397230617421776,0.1071230764310745,b7872eb38e902fc93a007ad76142272342cb87fa1519a3600239ae8e2a749a4b,/workspace/GuardFed-celeba-expanded/results/revision_20261003/celeba_baseline_fullcoverage_v1/runs/LASA_s0.3_l2_lr0.001_IID_F Flip_seed91006_fullcoverage
FedAA-DDPG_policy0.001_keep16_local0.001_IID_F Flip_seed91007,FedAA,FedAA-DDPG-adapted-v1,IID,F Flip,91007,policy0.001_keep16_local0.001,False,0.8876025570040771,0.036719577442975604,0.1022813773008126,cbe410f8a8ee4e55a4676738cfef6fc6892e10a4964663c4d00fae2e858b4d0b,/workspace/GuardFed-celeba-expanded/results/revision_20261003/celeba_baseline_fullcoverage_v1/runs/FedAA-DDPG_policy0.001_keep16_local0.001_IID_F Flip_seed91007
LASA_s0.3_l2_lr0.001_IID_F Flip_seed91007_fullcoverage,LASA,LASA-official,IID,F Flip,91007,LASA_s0.3_l2_lr0.001,False,0.897115820204359,0.04174403071256161,0.11647248614837202,38cb4d8544ab40224a4580c9abcb277684778067ba0cfef1fc4c71ac56b76547,/workspace/GuardFed-celeba-expanded/results/revision_20261003/celeba_baseline_fullcoverage_v1/runs/LASA_s0.3_l2_lr0.001_IID_F Flip_seed91007_fullcoverage
FedAA-DDPG_policy0.001_keep16_local0.001_IID_F Flip_seed91008,FedAA,FedAA-DDPG-adapted-v1,IID,F Flip,91008,policy0.001_keep16_local0.001,False,0.8978708410932702,0.03863053204100819,0.11102711223426498,7e8c1e201145afdf91baf5a41a39b13ea9d1b7243c4dfad4e18c233010c73960,/workspace/GuardFed-celeba-expanded/results/revision_20261003/celeba_baseline_fullcoverage_v1/runs/FedAA-DDPG_policy0.001_keep16_local0.001_IID_F Flip_seed91008
LASA_s0.3_l2_lr0.001_IID_F Flip_seed91008_fullcoverage,LASA,LASA-official,IID,F Flip,91008,LASA_s0.3_l2_lr0.001,False,0.9001862384859315,0.050175935776310965,0.11897076273266938,4bad1afd30f443f2cda228a29b8991d35a88c3fe9b67ce20c39132ba22be794b,/workspace/GuardFed-celeba-expanded/results/revision_20261003/celeba_baseline_fullcoverage_v1/runs/LASA_s0.3_l2_lr0.001_IID_F Flip_seed91008_fullcoverage
FedAA-DDPG_policy0.001_keep16_local0.001_IID_F Flip_seed91009,FedAA,FedAA-DDPG-adapted-v1,IID,F Flip,91009,policy0.001_keep16_local0.001,False,0.8981728494488348,0.024804363235539917,0.09192757701607512,caf7c1b57e7bcf8a6b8494cc8867a814bb3ce001b3b23e6f4258e4615f01f32d,/workspace/GuardFed-celeba-expanded/results/revision_20261003/celeba_baseline_fullcoverage_v1/runs/FedAA-DDPG_policy0.001_keep16_local0.001_IID_F Flip_seed91009
LASA_s0.3_l2_lr0.001_IID_F Flip_seed91009_fullcoverage,LASA,LASA-official,IID,F Flip,91009,LASA_s0.3_l2_lr0.001,False,0.8955051089746816,0.05328594566982536,0.11677227685137209,d1cff012b7ad706ce8d9f511b93958cc6d8b39a91f60d57bf039ad592554ea78,/workspace/GuardFed-celeba-expanded/results/revision_20261003/celeba_baseline_fullcoverage_v1/runs/LASA_s0.3_l2_lr0.001_IID_F Flip_seed91009_fullcoverage
FedAA-DDPG_policy0.001_keep16_local0.001_IID_F Flip_seed91010,FedAA,FedAA-DDPG-adapted-v1,IID,F Flip,91010,policy0.001_keep16_local0.001,False,0.874918206070368,0.06340740936307876,0.11838006240214621,ffe9761b41928453fd57425b8263bd55e5eefd04400bc61eaec4750a80e265a1,/workspace/GuardFed-celeba-expanded/results/revision_20261003/celeba_baseline_fullcoverage_v1/runs/FedAA-DDPG_policy0.001_keep16_local0.001_IID_F Flip_seed91010
LASA_s0.3_l2_lr0.001_IID_F Flip_seed91010_fullcoverage,LASA,LASA-official,IID,F Flip,91010,LASA_s0.3_l2_lr0.001,False,0.8803543564705291,0.052771020889529896,0.11422392633859824,7b41267876e09a707d7c6ce751776d563c19fcc3e44f6302b12fcc4d5d9e9c13,/workspace/GuardFed-celeba-expanded/results/revision_20261003/celeba_baseline_fullcoverage_v1/runs/LASA_s0.3_l2_lr0.001_IID_F Flip_seed91010_fullcoverage
FedAA-DDPG_policy0.001_keep16_local0.001_IID_FedSA_seed91001,FedAA,FedAA-DDPG-adapted-v1,IID,FedSA,91001,policy0.001_keep16_local0.001,False,0.8829214274928273,0.03776305209617803,0.1031431732374915,0065bead382a201bdd812b62fa4b427ddfc54aed8d632dfa494f87f02d85a5f2,/workspace/GuardFed-celeba-expanded/results/revision_20261003/celeba_baseline_fullcoverage_v1/runs/FedAA-DDPG_policy0.001_keep16_local0.001_IID_FedSA_seed91001
LASA_s0.3_l2_lr0.001_IID_FedSA_seed91001_fullcoverage,LASA,LASA-official,IID,FedSA,91001,LASA_s0.3_l2_lr0.001,False,0.8212613882317411,0.04670611028828853,0.08164169571462304,95c6cb203935e3ac811261825cb96d665e0b6de437ffe3aefc253fd68430b75f,/workspace/GuardFed-celeba-expanded/results/revision_20261003/celeba_baseline_fullcoverage_v1/runs/LASA_s0.3_l2_lr0.001_IID_FedSA_seed91001_fullcoverage
FedAA-DDPG_policy0.001_keep16_local0.001_IID_FedSA_seed91002,FedAA,FedAA-DDPG-adapted-v1,IID,FedSA,91002,policy0.001_keep16_local0.001,False,0.8985755272562541,0.047995213773695644,0.12046945717312235,869ebc6157b4e2cdbb41aba8f357f596bff45f2f6bd534a058ae49544cc46e98,/workspace/GuardFed-celeba-expanded/results/revision_20261003/celeba_baseline_fullcoverage_v1/runs/FedAA-DDPG_policy0.001_keep16_local0.001_IID_FedSA_seed91002
LASA_s0.3_l2_lr0.001_IID_FedSA_seed91002_fullcoverage,LASA,LASA-official,IID,FedSA,91002,LASA_s0.3_l2_lr0.001,False,0.8760255700407711,0.042500671236180176,0.09559995872217059,2a1c1b6b2c721046dc9b5ef251d1a0f21867ee3a7061c5c6653d4f68f3d2c93f,/workspace/GuardFed-celeba-expanded/results/revision_20261003/celeba_baseline_fullcoverage_v1/runs/LASA_s0.3_l2_lr0.001_IID_FedSA_seed91002_fullcoverage
FedAA-DDPG_policy0.001_keep16_local0.001_IID_FedSA_seed91003,FedAA,FedAA-DDPG-adapted-v1,IID,FedSA,91003,policy0.001_keep16_local0.001,False,0.8969144813006493,0.041751008268639644,0.11243144136165772,de939a9e85500dcd8f7b8f299cf169543646a0f66f3838004ee4f24d8cdbf615,/workspace/GuardFed-celeba-expanded/results/revision_20261003/celeba_baseline_fullcoverage_v1/runs/FedAA-DDPG_policy0.001_keep16_local0.001_IID_FedSA_seed91003
LASA_s0.3_l2_lr0.001_IID_FedSA_seed91003_fullcoverage,LASA,LASA-official,IID,FedSA,91003,LASA_s0.3_l2_lr0.001,False,0.8735088337444002,0.03987446999450517,0.09607747456452731,b9290fdcefd050058b3d4f986db6805bc6fd4ec1a11b0b040e896db9198476cc,/workspace/GuardFed-celeba-expanded/results/revision_20261003/celeba_baseline_fullcoverage_v1/runs/LASA_s0.3_l2_lr0.001_IID_FedSA_seed91003_fullcoverage
FedAA-DDPG_policy0.001_keep16_local0.001_IID_FedSA_seed91004,FedAA,FedAA-DDPG-adapted-v1,IID,FedSA,91004,policy0.001_keep16_local0.001,False,0.8999848995822217,0.056879764215179374,0.1261604544839079,80cd1d96f1701da462a0ad72b74dd9e7e5ebede7d79a088211a973429307c7c3,/workspace/GuardFed-celeba-expanded/results/revision_20261003/celeba_baseline_fullcoverage_v1/runs/FedAA-DDPG_policy0.001_keep16_local0.001_IID_FedSA_seed91004
LASA_s0.3_l2_lr0.001_IID_FedSA_seed91004_fullcoverage,LASA,LASA-official,IID,FedSA,91004,LASA_s0.3_l2_lr0.001,False,0.8668143151960538,0.04649532209082463,0.098028627157135,9d50ae99be0517b2ac36a0f788b8de7ed65f2f57368043129d8144f5a042997f,/workspace/GuardFed-celeba-expanded/results/revision_20261003/celeba_baseline_fullcoverage_v1/runs/LASA_s0.3_l2_lr0.001_IID_FedSA_seed91004_fullcoverage
FedAA-DDPG_policy0.001_keep16_local0.001_IID_FedSA_seed91005,FedAA,FedAA-DDPG-adapted-v1,IID,FedSA,91005,policy0.001_keep16_local0.001,False,0.88735088337444,0.030022490831939197,0.09422551643453903,07d0d6fbc22ac6b8af573e26215caf2926995d05bf680bf9babe07b8076412f8,/workspace/GuardFed-celeba-expanded/results/revision_20261003/celeba_baseline_fullcoverage_v1/runs/FedAA-DDPG_policy0.001_keep16_local0.001_IID_FedSA_seed91005
LASA_s0.3_l2_lr0.001_IID_FedSA_seed91005_fullcoverage,LASA,LASA-official,IID,FedSA,91005,LASA_s0.3_l2_lr0.001,False,0.8566970352846429,0.02789014026537817,0.07429498406183749,6f135a7222ac661340556c7824ac770ff729a5f49f95dbea0e0b73d2d00fc7e2,/workspace/GuardFed-celeba-expanded/results/revision_20261003/celeba_baseline_fullcoverage_v1/runs/LASA_s0.3_l2_lr0.001_IID_FedSA_seed91005_fullcoverage
FedAA-DDPG_policy0.001_keep16_local0.001_IID_FedSA_seed91006,FedAA,FedAA-DDPG-adapted-v1,IID,FedSA,91006,policy0.001_keep16_local0.001,False,0.8857401721447626,0.03408290986718365,0.09894224836622928,9125df425a1615353c3feabd575a30f17f241e2c01940ff0f31a0f73b79f7d25,/workspace/GuardFed-celeba-expanded/results/revision_20261003/celeba_baseline_fullcoverage_v1/runs/FedAA-DDPG_policy0.001_keep16_local0.001_IID_FedSA_seed91006
LASA_s0.3_l2_lr0.001_IID_FedSA_seed91006_fullcoverage,LASA,LASA-official,IID,FedSA,91006,LASA_s0.3_l2_lr0.001,False,0.8614788342477475,0.02461083034567424,0.07313989501180146,46084c0f06ca7140fb2a1af7ddee3ff436d0d1629c56dc2f8b1d0858ce6a5685,/workspace/GuardFed-celeba-expanded/results/revision_20261003/celeba_baseline_fullcoverage_v1/runs/LASA_s0.3_l2_lr0.001_IID_FedSA_seed91006_fullcoverage
FedAA-DDPG_policy0.001_keep16_local0.001_IID_FedSA_seed91007,FedAA,FedAA-DDPG-adapted-v1,IID,FedSA,91007,policy0.001_keep16_local0.001,False,0.8816630593446418,0.06158622008107639,0.11868682739195602,5341b4d8b026e3f22f4db3222661e73113abbd2a79655d52272585353c82c640,/workspace/GuardFed-celeba-expanded/results/revision_20261003/celeba_baseline_fullcoverage_v1/runs/FedAA-DDPG_policy0.001_keep16_local0.001_IID_FedSA_seed91007
LASA_s0.3_l2_lr0.001_IID_FedSA_seed91007_fullcoverage,LASA,LASA-official,IID,FedSA,91007,LASA_s0.3_l2_lr0.001,False,0.8537272864549252,0.02552974619375492,0.07849831314489741,1151017e4c13ac746213a2326bbfed992e4138a59946ed169758f9f955c299c9,/workspace/GuardFed-celeba-expanded/results/revision_20261003/celeba_baseline_fullcoverage_v1/runs/LASA_s0.3_l2_lr0.001_IID_FedSA_seed91007_fullcoverage
FedAA-DDPG_policy0.001_keep16_local0.001_IID_FedSA_seed91008,FedAA,FedAA-DDPG-adapted-v1,IID,FedSA,91008,policy0.001_keep16_local0.001,False,0.8961091256858107,0.02493241081870079,0.0952048493117767,db7a3e2c379aa5a1e7831573253c04db2f0ca510db87be47ef0bd6d479146aab,/workspace/GuardFed-celeba-expanded/results/revision_20261003/celeba_baseline_fullcoverage_v1/runs/FedAA-DDPG_policy0.001_keep16_local0.001_IID_FedSA_seed91008
LASA_s0.3_l2_lr0.001_IID_FedSA_seed91008_fullcoverage,LASA,LASA-official,IID,FedSA,91008,LASA_s0.3_l2_lr0.001,False,0.8723008003221423,0.030841410758118526,0.08508341816988457,14944c4844caa5da96ab862c80a04ddb10df6b2e41f40ad8a030e741151f33ad,/workspace/GuardFed-celeba-expanded/results/revision_20261003/celeba_baseline_fullcoverage_v1/runs/LASA_s0.3_l2_lr0.001_IID_FedSA_seed91008_fullcoverage
FedAA-DDPG_policy0.001_keep16_local0.001_IID_FedSA_seed91009,FedAA,FedAA-DDPG-adapted-v1,IID,FedSA,91009,policy0.001_keep16_local0.001,False,0.8858408415966175,0.03922838601820333,0.1038407780891577,9f00cf879abcafc683e84948fd2190f8116265cd858b4019e8c9fd55c8cc21bd,/workspace/GuardFed-celeba-expanded/results/revision_20261003/celeba_baseline_fullcoverage_v1/runs/FedAA-DDPG_policy0.001_keep16_local0.001_IID_FedSA_seed91009
LASA_s0.3_l2_lr0.001_IID_FedSA_seed91009_fullcoverage,LASA,LASA-official,IID,FedSA,91009,LASA_s0.3_l2_lr0.001,False,0.8547339809734736,0.032493017140036384,0.07630370301882572,3a0bdfb405626be087f93ad56f9af3f5340bee3d9cc16cfd009045e80f675f67,/workspace/GuardFed-celeba-expanded/results/revision_20261003/celeba_baseline_fullcoverage_v1/runs/LASA_s0.3_l2_lr0.001_IID_FedSA_seed91009_fullcoverage
FedAA-DDPG_policy0.001_keep16_local0.001_IID_FedSA_seed91010,FedAA,FedAA-DDPG-adapted-v1,IID,FedSA,91010,policy0.001_keep16_local0.001,False,0.8647002567071023,0.04899738883822047,0.09835661553384872,c358a82c96617145f1bc55f6e8acbddda7422cfc5ed703247a8a8e92d8d78593,/workspace/GuardFed-celeba-expanded/results/revision_20261003/celeba_baseline_fullcoverage_v1/runs/FedAA-DDPG_policy0.001_keep16_local0.001_IID_FedSA_seed91010
LASA_s0.3_l2_lr0.001_IID_FedSA_seed91010_fullcoverage,LASA,LASA-official,IID,FedSA,91010,LASA_s0.3_l2_lr0.001,False,0.838022851965571,0.01305840190864449,0.05214263873561181,dd68290ba61c94ce29aeee242f430c26b0e800dcae56cdac102295b80cf8f788,/workspace/GuardFed-celeba-expanded/results/revision_20261003/celeba_baseline_fullcoverage_v1/runs/LASA_s0.3_l2_lr0.001_IID_FedSA_seed91010_fullcoverage
FedAA-DDPG_policy0.001_keep16_local0.001_IID_S-DFA_seed91002,FedAA,FedAA-DDPG-adapted-v1,IID,S-DFA,91002,policy0.001_keep16_local0.001,False,0.8960587909598833,0.040043817166343754,0.10930564477219379,3d47d258ab85b690e39436bf065a946a09c8dd6ac66e85e71b657acd7ec9fafe,/workspace/GuardFed-celeba-expanded/results/revision_20261003/celeba_baseline_fullcoverage_v1/runs/FedAA-DDPG_policy0.001_keep16_local0.001_IID_S-DFA_seed91002
LASA_s0.3_l2_lr0.001_IID_S-DFA_seed91002_fullcoverage,LASA,LASA-official,IID,S-DFA,91002,LASA_s0.3_l2_lr0.001,False,0.8790959883223436,0.038879178194760056,0.0973647641744918,c187dfe2c7fab963b7b3c205de8bf1b026f7c4c65ef7b32691fc6caca9c11deb,/workspace/GuardFed-celeba-expanded/results/revision_20261003/celeba_baseline_fullcoverage_v1/runs/LASA_s0.3_l2_lr0.001_IID_S-DFA_seed91002_fullcoverage
FedAA-DDPG_policy0.001_keep16_local0.001_IID_S-DFA_seed91003,FedAA,FedAA-DDPG-adapted-v1,IID,S-DFA,91003,policy0.001_keep16_local0.001,False,0.8926863643227463,0.04513743310327045,0.11045159367220575,475f5dc48cd7a3f88e363fdc02ebf0239eee9e3600e9ed28c9541b1c756ba998,/workspace/GuardFed-celeba-expanded/results/revision_20261003/celeba_baseline_fullcoverage_v1/runs/FedAA-DDPG_policy0.001_keep16_local0.001_IID_S-DFA_seed91003
LASA_s0.3_l2_lr0.001_IID_S-DFA_seed91003_fullcoverage,LASA,LASA-official,IID,S-DFA,91003,LASA_s0.3_l2_lr0.001,False,0.8738108420999647,0.03732068446996384,0.0906742261717895,c491998211f7941b956ff94588279a6eb08ef928573b5674daf3397e9bb30b86,/workspace/GuardFed-celeba-expanded/results/revision_20261003/celeba_baseline_fullcoverage_v1/runs/LASA_s0.3_l2_lr0.001_IID_S-DFA_seed91003_fullcoverage
FedAA-DDPG_policy0.001_keep16_local0.001_IID_S-DFA_seed91004,FedAA,FedAA-DDPG-adapted-v1,IID,S-DFA,91004,policy0.001_keep16_local0.001,False,0.9005889162933508,0.03864425142491834,0.11671785047050326,20698367514d3e834f0a8d0473388eddb2fdc0459b66d2c572db013932f2fc89,/workspace/GuardFed-celeba-expanded/results/revision_20261003/celeba_baseline_fullcoverage_v1/runs/FedAA-DDPG_policy0.001_keep16_local0.001_IID_S-DFA_seed91004
LASA_s0.3_l2_lr0.001_IID_S-DFA_seed91004_fullcoverage,LASA,LASA-official,IID,S-DFA,91004,LASA_s0.3_l2_lr0.001,False,0.8617305078773846,0.05336515036044032,0.10018760935148024,b8ee0ef748c22fda1c7219622fe15529d3c47956a89875b00314c23e9b97db11,/workspace/GuardFed-celeba-expanded/results/revision_20261003/celeba_baseline_fullcoverage_v1/runs/LASA_s0.3_l2_lr0.001_IID_S-DFA_seed91004_fullcoverage
FedAA-DDPG_policy0.001_keep16_local0.001_IID_S-DFA_seed91005,FedAA,FedAA-DDPG-adapted-v1,IID,S-DFA,91005,policy0.001_keep16_local0.001,False,0.8882569084411336,0.0457629615765317,0.11205290235930071,32a8157899a540bc4c54adfbd87a2b14cf830fc9e8a4634c10f601c342c05e62,/workspace/GuardFed-celeba-expanded/results/revision_20261003/celeba_baseline_fullcoverage_v1/runs/FedAA-DDPG_policy0.001_keep16_local0.001_IID_S-DFA_seed91005
LASA_s0.3_l2_lr0.001_IID_S-DFA_seed91005_fullcoverage,LASA,LASA-official,IID,S-DFA,91005,LASA_s0.3_l2_lr0.001,False,0.8586097548698848,0.03236181079838096,0.08087669002876574,6869fb713fe0f4ba4645a1e897d7289f2085728705e25b3b6d20e8d049eef482,/workspace/GuardFed-celeba-expanded/results/revision_20261003/celeba_baseline_fullcoverage_v1/runs/LASA_s0.3_l2_lr0.001_IID_S-DFA_seed91005_fullcoverage
FedAA-DDPG_policy0.001_keep16_local0.001_IID_S-DFA_seed91006,FedAA,FedAA-DDPG-adapted-v1,IID,S-DFA,91006,policy0.001_keep16_local0.001,False,0.8892132682337545,0.037555846968051476,0.101924756005146,352a744d899c19e536ab56a3f053b5e85ea1611abc387156508611655c2038c3,/workspace/GuardFed-celeba-expanded/results/revision_20261003/celeba_baseline_fullcoverage_v1/runs/FedAA-DDPG_policy0.001_keep16_local0.001_IID_S-DFA_seed91006
LASA_s0.3_l2_lr0.001_IID_S-DFA_seed91006_fullcoverage,LASA,LASA-official,IID,S-DFA,91006,LASA_s0.3_l2_lr0.001,False,0.8650022650626668,0.03801188683252665,0.08411324616863458,1c7f1482cb57a83cf7bfb72fc2bca3a8792d74025d1780c281fd551c965f41b9,/workspace/GuardFed-celeba-expanded/results/revision_20261003/celeba_baseline_fullcoverage_v1/runs/LASA_s0.3_l2_lr0.001_IID_S-DFA_seed91006_fullcoverage
FedAA-DDPG_policy0.001_keep16_local0.001_IID_S-DFA_seed91007,FedAA,FedAA-DDPG-adapted-v1,IID,S-DFA,91007,policy0.001_keep16_local0.001,False,0.8712437710776665,0.009734020748328742,0.07288558743630213,34f7623e1f6e284d28a45026c64bb8aa5e986ab7e77cb08f2bb1a4359c9f74bd,/workspace/GuardFed-celeba-expanded/results/revision_20261003/celeba_baseline_fullcoverage_v1/runs/FedAA-DDPG_policy0.001_keep16_local0.001_IID_S-DFA_seed91007
LASA_s0.3_l2_lr0.001_IID_S-DFA_seed91007_fullcoverage,LASA,LASA-official,IID,S-DFA,91007,LASA_s0.3_l2_lr0.001,False,0.8592641063069412,0.04194076950657133,0.09276481268568265,c82c8e8304dc8a7aaac3b7cfa32b81a3055707b4e1ca8ec67f5e9e529c5bf210,/workspace/GuardFed-celeba-expanded/results/revision_20261003/celeba_baseline_fullcoverage_v1/runs/LASA_s0.3_l2_lr0.001_IID_S-DFA_seed91007_fullcoverage
FedAA-DDPG_policy0.001_keep16_local0.001_IID_S-DFA_seed91008,FedAA,FedAA-DDPG-adapted-v1,IID,S-DFA,91008,policy0.001_keep16_local0.001,False,0.9091961544269391,0.04740792042191577,0.1237455169999433,5f6b36a9271920a71654b8c70846d7f97ae33b0f1c0bdab4f127fa77fc660e45,/workspace/GuardFed-celeba-expanded/results/revision_20261003/celeba_baseline_fullcoverage_v1/runs/FedAA-DDPG_policy0.001_keep16_local0.001_IID_S-DFA_seed91008
LASA_s0.3_l2_lr0.001_IID_S-DFA_seed91008_fullcoverage,LASA,LASA-official,IID,S-DFA,91008,LASA_s0.3_l2_lr0.001,False,0.8811597120853677,0.04072460034043868,0.09843174715252717,476defbf86a1465e39e49511f610386051704a34b62ce828af3f2c95819141f6,/workspace/GuardFed-celeba-expanded/results/revision_20261003/celeba_baseline_fullcoverage_v1/runs/LASA_s0.3_l2_lr0.001_IID_S-DFA_seed91008_fullcoverage
FedAA-DDPG_policy0.001_keep16_local0.001_IID_S-DFA_seed91009,FedAA,FedAA-DDPG-adapted-v1,IID,S-DFA,91009,policy0.001_keep16_local0.001,False,0.8826194191372628,0.030516482944000667,0.09371789612980141,bcec3c491c0c9e7365d48ba6497eb7b9a33d95140b2db67ab528a2343284b977,/workspace/GuardFed-celeba-expanded/results/revision_20261003/celeba_baseline_fullcoverage_v1/runs/FedAA-DDPG_policy0.001_keep16_local0.001_IID_S-DFA_seed91009
LASA_s0.3_l2_lr0.001_IID_S-DFA_seed91009_fullcoverage,LASA,LASA-official,IID,S-DFA,91009,LASA_s0.3_l2_lr0.001,False,0.8395328937433936,0.04343703097445584,0.07476307995365922,f9dfef79702a84556a5d1b62203d50af204a15ede20070fef8e92d12f3244c76,/workspace/GuardFed-celeba-expanded/results/revision_20261003/celeba_baseline_fullcoverage_v1/runs/LASA_s0.3_l2_lr0.001_IID_S-DFA_seed91009_fullcoverage
FedAA-DDPG_policy0.001_keep16_local0.001_IID_S-DFA_seed91010,FedAA,FedAA-DDPG-adapted-v1,IID,S-DFA,91010,policy0.001_keep16_local0.001,False,0.8714954447073036,0.031473633913562726,0.0882838282289326,5d4775ccb7c10b7b76698feecd6149a9cae8d38cb2f25eddb086324635350a7d,/workspace/GuardFed-celeba-expanded/results/revision_20261003/celeba_baseline_fullcoverage_v1/runs/FedAA-DDPG_policy0.001_keep16_local0.001_IID_S-DFA_seed91010
LASA_s0.3_l2_lr0.001_IID_S-DFA_seed91010_fullcoverage,LASA,LASA-official,IID,S-DFA,91010,LASA_s0.3_l2_lr0.001,False,0.8348517642321438,0.0150176807970821,0.05561708748767141,8b03eba68289647fc42945b2bf2b4ace65a910fe8e236cd2a37ac566d4777c19,/workspace/GuardFed-celeba-expanded/results/revision_20261003/celeba_baseline_fullcoverage_v1/runs/LASA_s0.3_l2_lr0.001_IID_S-DFA_seed91010_fullcoverage
FedAA-DDPG_policy0.001_keep16_local0.001_IID_Sp-DFA_seed91001,FedAA,FedAA-DDPG-adapted-v1,IID,Sp-DFA,91001,policy0.001_keep16_local0.001,False,0.8627875371218604,0.06339694302896182,0.11335606805751564,1134c143ebc7bc6a18cc2788c7da0f5490ae36e5ff4759db5c3b44e440cec20d,/workspace/GuardFed-celeba-expanded/results/revision_20261003/celeba_baseline_fullcoverage_v1/runs/FedAA-DDPG_policy0.001_keep16_local0.001_IID_Sp-DFA_seed91001
LASA_s0.3_l2_lr0.001_IID_Sp-DFA_seed91001_fullcoverage,LASA,LASA-official,IID,Sp-DFA,91001,LASA_s0.3_l2_lr0.001,False,0.8655559470478683,0.04871399634102613,0.09675073677174167,fb65bdbd8cf10f13fb07fbeff6645ae2ffd95271e0349edbeccee22fa013b2ef,/workspace/GuardFed-celeba-expanded/results/revision_20261003/celeba_baseline_fullcoverage_v1/runs/LASA_s0.3_l2_lr0.001_IID_Sp-DFA_seed91001_fullcoverage
FedAA-DDPG_policy0.001_keep16_local0.001_IID_Sp-DFA_seed91002,FedAA,FedAA-DDPG-adapted-v1,IID,Sp-DFA,91002,policy0.001_keep16_local0.001,False,0.8974681632858509,0.05282278681232466,0.12179432295540804,bf23d95d093f6572bb0e0a066f84056848a8352fdcbb04903c96a5c899cca79a,/workspace/GuardFed-celeba-expanded/results/revision_20261003/celeba_baseline_fullcoverage_v1/runs/FedAA-DDPG_policy0.001_keep16_local0.001_IID_Sp-DFA_seed91002
LASA_s0.3_l2_lr0.001_IID_Sp-DFA_seed91002_fullcoverage,LASA,LASA-official,IID,Sp-DFA,91002,LASA_s0.3_l2_lr0.001,False,0.8968138118487945,0.03885503962238224,0.11178681207339619,f37a4681048172c8e964ca0ff612032db84c115a0dcbda5cd0e1d4ab3ae1631d,/workspace/GuardFed-celeba-expanded/results/revision_20261003/celeba_baseline_fullcoverage_v1/runs/LASA_s0.3_l2_lr0.001_IID_Sp-DFA_seed91002_fullcoverage
FedAA-DDPG_policy0.001_keep16_local0.001_IID_Sp-DFA_seed91003,FedAA,FedAA-DDPG-adapted-v1,IID,Sp-DFA,91003,policy0.001_keep16_local0.001,False,0.8964111340413752,0.03690264399872423,0.10745030831011043,36aa818081fa366c27549d8691c9ec1a25580fb50c06aa781dea8db012da4142,/workspace/GuardFed-celeba-expanded/results/revision_20261003/celeba_baseline_fullcoverage_v1/runs/FedAA-DDPG_policy0.001_keep16_local0.001_IID_Sp-DFA_seed91003
LASA_s0.3_l2_lr0.001_IID_Sp-DFA_seed91003_fullcoverage,LASA,LASA-official,IID,Sp-DFA,91003,LASA_s0.3_l2_lr0.001,False,0.8940454019227865,0.04510985289850267,0.11181451232397932,88bf114709fb697c576aa73950b3b52d556ea8cda4d02ea91589e6c0bc26ddc4,/workspace/GuardFed-celeba-expanded/results/revision_20261003/celeba_baseline_fullcoverage_v1/runs/LASA_s0.3_l2_lr0.001_IID_Sp-DFA_seed91003_fullcoverage
FedAA-DDPG_policy0.001_keep16_local0.001_IID_Sp-DFA_seed91004,FedAA,FedAA-DDPG-adapted-v1,IID,Sp-DFA,91004,policy0.001_keep16_local0.001,False,0.8989782050636734,0.05118499410561517,0.12800498235588342,b054a9134d98bebb05bf511f664ddbb3ee5d3a90ea4ddd5866e782638df96946,/workspace/GuardFed-celeba-expanded/results/revision_20261003/celeba_baseline_fullcoverage_v1/runs/FedAA-DDPG_policy0.001_keep16_local0.001_IID_Sp-DFA_seed91004
LASA_s0.3_l2_lr0.001_IID_Sp-DFA_seed91004_fullcoverage,LASA,LASA-official,IID,Sp-DFA,91004,LASA_s0.3_l2_lr0.001,False,0.8915286656264156,0.048523952229199474,0.11631860623033663,8c2ed9d716bcb99caf7c7bb2d1b91d6ec68dc333ecff886947da78914907a338,/workspace/GuardFed-celeba-expanded/results/revision_20261003/celeba_baseline_fullcoverage_v1/runs/LASA_s0.3_l2_lr0.001_IID_Sp-DFA_seed91004_fullcoverage
FedAA-DDPG_policy0.001_keep16_local0.001_IID_Sp-DFA_seed91005,FedAA,FedAA-DDPG-adapted-v1,IID,Sp-DFA,91005,policy0.001_keep16_local0.001,False,0.8900186238485931,0.0520626575106673,0.11653124425566963,8a04042c292fc3a8d5464176569ed47b3c7ecb0309cb8927a589de8b1cc3d4e7,/workspace/GuardFed-celeba-expanded/results/revision_20261003/celeba_baseline_fullcoverage_v1/runs/FedAA-DDPG_policy0.001_keep16_local0.001_IID_Sp-DFA_seed91005
LASA_s0.3_l2_lr0.001_IID_Sp-DFA_seed91005_fullcoverage,LASA,LASA-official,IID,Sp-DFA,91005,LASA_s0.3_l2_lr0.001,False,0.8827200885891177,0.04910799253118625,0.10749340795177709,9ea5bb6098d1cac1e50af4d073a721a6022547af3108e46e69bdbc9b84216153,/workspace/GuardFed-celeba-expanded/results/revision_20261003/celeba_baseline_fullcoverage_v1/runs/LASA_s0.3_l2_lr0.001_IID_Sp-DFA_seed91005_fullcoverage
FedAA-DDPG_policy0.001_keep16_local0.001_IID_Sp-DFA_seed91006,FedAA,FedAA-DDPG-adapted-v1,IID,Sp-DFA,91006,policy0.001_keep16_local0.001,False,0.8878542306337142,0.05318580831097641,0.11860957136199068,b43ca86d188507e001b1f39e1633ce3b7b74130c7efd76313258ad4e7f803e24,/workspace/GuardFed-celeba-expanded/results/revision_20261003/celeba_baseline_fullcoverage_v1/runs/FedAA-DDPG_policy0.001_keep16_local0.001_IID_Sp-DFA_seed91006
LASA_s0.3_l2_lr0.001_IID_Sp-DFA_seed91006_fullcoverage,LASA,LASA-official,IID,Sp-DFA,91006,LASA_s0.3_l2_lr0.001,False,0.875169879700005,0.029203476614461432,0.08324012349275356,47ac03e2a413238c9668926bc7622e7f7960a5994c719c63ab8fd75e2b94e3e5,/workspace/GuardFed-celeba-expanded/results/revision_20261003/celeba_baseline_fullcoverage_v1/runs/LASA_s0.3_l2_lr0.001_IID_Sp-DFA_seed91006_fullcoverage
FedAA-DDPG_policy0.001_keep16_local0.001_IID_Sp-DFA_seed91007,FedAA,FedAA-DDPG-adapted-v1,IID,Sp-DFA,91007,policy0.001_keep16_local0.001,False,0.8879045653596416,0.058483093452341595,0.12158289739895578,97ae7f349407011e9a016deed1c9cda25492252cf2f9ce005dfc1238217cc85e,/workspace/GuardFed-celeba-expanded/results/revision_20261003/celeba_baseline_fullcoverage_v1/runs/FedAA-DDPG_policy0.001_keep16_local0.001_IID_Sp-DFA_seed91007
LASA_s0.3_l2_lr0.001_IID_Sp-DFA_seed91007_fullcoverage,LASA,LASA-official,IID,Sp-DFA,91007,LASA_s0.3_l2_lr0.001,False,0.8913776614486334,0.044149118859603265,0.11359062378953899,6d30ece7cf5fc877e6e79704d22d996dddbae0532190e3b5d0a1dda08780d9a6,/workspace/GuardFed-celeba-expanded/results/revision_20261003/celeba_baseline_fullcoverage_v1/runs/LASA_s0.3_l2_lr0.001_IID_Sp-DFA_seed91007_fullcoverage
FedAA-DDPG_policy0.001_keep16_local0.001_IID_Sp-DFA_seed91008,FedAA,FedAA-DDPG-adapted-v1,IID,Sp-DFA,91008,policy0.001_keep16_local0.001,False,0.8820657371520612,0.03557242950723605,0.10589961242655005,d3852d2f497a0c34d6e5191c201cdfd1da91c4142353396dbb70af084b17fd20,/workspace/GuardFed-celeba-expanded/results/revision_20261003/celeba_baseline_fullcoverage_v1/runs/FedAA-DDPG_policy0.001_keep16_local0.001_IID_Sp-DFA_seed91008
LASA_s0.3_l2_lr0.001_IID_Sp-DFA_seed91008_fullcoverage,LASA,LASA-official,IID,Sp-DFA,91008,LASA_s0.3_l2_lr0.001,False,0.8875522222781497,0.049049343343611884,0.10688083136649124,776d7c160d3d971b78c0551e422eac664314e4e81692a1a60eeadc11127ed15b,/workspace/GuardFed-celeba-expanded/results/revision_20261003/celeba_baseline_fullcoverage_v1/runs/LASA_s0.3_l2_lr0.001_IID_Sp-DFA_seed91008_fullcoverage
FedAA-DDPG_policy0.001_keep16_local0.001_IID_Sp-DFA_seed91009,FedAA,FedAA-DDPG-adapted-v1,IID,Sp-DFA,91009,policy0.001_keep16_local0.001,False,0.8808577037298032,0.04288438967482,0.09676230185952722,4ce87315372aa4188e6f84a835a0f1f40fb5eeab247eed643d791646bc709bb7,/workspace/GuardFed-celeba-expanded/results/revision_20261003/celeba_baseline_fullcoverage_v1/runs/FedAA-DDPG_policy0.001_keep16_local0.001_IID_Sp-DFA_seed91009
LASA_s0.3_l2_lr0.001_IID_Sp-DFA_seed91009_fullcoverage,LASA,LASA-official,IID,Sp-DFA,91009,LASA_s0.3_l2_lr0.001,False,0.8826194191372628,0.05616093450219972,0.1129472069701582,33bbee6921e265e626f36cd128c0dacc565532a7e7326dfb5929e30fdbeca936,/workspace/GuardFed-celeba-expanded/results/revision_20261003/celeba_baseline_fullcoverage_v1/runs/LASA_s0.3_l2_lr0.001_IID_Sp-DFA_seed91009_fullcoverage
FedAA-DDPG_policy0.001_keep16_local0.001_IID_Sp-DFA_seed91010,FedAA,FedAA-DDPG-adapted-v1,IID,Sp-DFA,91010,policy0.001_keep16_local0.001,False,0.8754215533296421,0.04697587769287115,0.10550924926186034,f8b21e075498caebea3edff0dc021175ccd69883f47d978edae9cbc314dd0898,/workspace/GuardFed-celeba-expanded/results/revision_20261003/celeba_baseline_fullcoverage_v1/runs/FedAA-DDPG_policy0.001_keep16_local0.001_IID_Sp-DFA_seed91010
LASA_s0.3_l2_lr0.001_IID_Sp-DFA_seed91010_fullcoverage,LASA,LASA-official,IID,Sp-DFA,91010,LASA_s0.3_l2_lr0.001,False,0.8526702572104495,0.04149156576122659,0.08928650890436113,67228fd4f9bae9b46197215c3d113b1a45ca15e47cb383500175e7fc55817bba,/workspace/GuardFed-celeba-expanded/results/revision_20261003/celeba_baseline_fullcoverage_v1/runs/LASA_s0.3_l2_lr0.001_IID_Sp-DFA_seed91010_fullcoverage
FedAA-DDPG_policy0.001_keep16_local0.001_non-IID_Benign_seed91002,FedAA,FedAA-DDPG-adapted-v1,non-IID,Benign,91002,policy0.001_keep16_local0.001,False,0.8918810087079075,0.038191558901534584,0.10696967321020578,e4e55ddca9105c76adcb5a586bb7ab353bc4889bd01ffcace1af27d4d26d461b,/workspace/GuardFed-celeba-expanded/results/revision_20261003/celeba_baseline_fullcoverage_v1/runs/FedAA-DDPG_policy0.001_keep16_local0.001_non-IID_Benign_seed91002
LASA_s0.3_l2_lr0.001_non-IID_Benign_seed91002_fullcoverage,LASA,LASA-official,non-IID,Benign,91002,LASA_s0.3_l2_lr0.001,False,0.8999848995822217,0.033782167771092775,0.10972342838695559,86f389326563b015319293210db4f077de8db84bae4c05abd537949829996588,/workspace/GuardFed-celeba-expanded/results/revision_20261003/celeba_baseline_fullcoverage_v1/runs/LASA_s0.3_l2_lr0.001_non-IID_Benign_seed91002_fullcoverage
FedAA-DDPG_policy0.001_keep16_local0.001_non-IID_Benign_seed91003,FedAA,FedAA-DDPG-adapted-v1,non-IID,Benign,91003,policy0.001_keep16_local0.001,False,0.8854884985151256,0.05096713406077491,0.10849247194652717,e77ce264e1f5ef042a7d729135f0b461c175f1aa05896381b863cc7dec7037bf,/workspace/GuardFed-celeba-expanded/results/revision_20261003/celeba_baseline_fullcoverage_v1/runs/FedAA-DDPG_policy0.001_keep16_local0.001_non-IID_Benign_seed91003
LASA_s0.3_l2_lr0.001_non-IID_Benign_seed91003_fullcoverage,LASA,LASA-official,non-IID,Benign,91003,LASA_s0.3_l2_lr0.001,False,0.9008909246489153,0.03907280537592406,0.11205530657109847,9c058b8f7000f66e6de84b40a334a183cb870717c05f0dba8905bfbafe14d1d4,/workspace/GuardFed-celeba-expanded/results/revision_20261003/celeba_baseline_fullcoverage_v1/runs/LASA_s0.3_l2_lr0.001_non-IID_Benign_seed91003_fullcoverage
FedAA-DDPG_policy0.001_keep16_local0.001_non-IID_Benign_seed91004,FedAA,FedAA-DDPG-adapted-v1,non-IID,Benign,91004,policy0.001_keep16_local0.001,False,0.8921326823375447,0.05759510515012001,0.11960018952650314,288b03da1b6ab77176c19de8a4ca359b45b4b22c93c0f47345686c1ac380bea5,/workspace/GuardFed-celeba-expanded/results/revision_20261003/celeba_baseline_fullcoverage_v1/runs/FedAA-DDPG_policy0.001_keep16_local0.001_non-IID_Benign_seed91004
LASA_s0.3_l2_lr0.001_non-IID_Benign_seed91004_fullcoverage,LASA,LASA-official,non-IID,Benign,91004,LASA_s0.3_l2_lr0.001,False,0.8956561131524639,0.047107178325825005,0.11929221206781265,386cb2abf29e480cdd0e9f1cab00cb7e041a843f6c7ad67cde2c4a6ca19baf3d,/workspace/GuardFed-celeba-expanded/results/revision_20261003/celeba_baseline_fullcoverage_v1/runs/LASA_s0.3_l2_lr0.001_non-IID_Benign_seed91004_fullcoverage
FedAA-DDPG_policy0.001_keep16_local0.001_non-IID_Benign_seed91005,FedAA,FedAA-DDPG-adapted-v1,non-IID,Benign,91005,policy0.001_keep16_local0.001,False,0.8799516786631096,0.03025402311504033,0.08774904654867,7a95c0383217b709e32ef910d0a3866d1103731b3ffdce0217bc5c413abba6b8,/workspace/GuardFed-celeba-expanded/results/revision_20261003/celeba_baseline_fullcoverage_v1/runs/FedAA-DDPG_policy0.001_keep16_local0.001_non-IID_Benign_seed91005
LASA_s0.3_l2_lr0.001_non-IID_Benign_seed91005_fullcoverage,LASA,LASA-official,non-IID,Benign,91005,LASA_s0.3_l2_lr0.001,False,0.8910253183671415,0.04344075548074067,0.10760514162247936,e97d8e0b4cd752e9ac2249852ce9d5e6c03a856b10568b2bb0fbbf7b6abb51ef,/workspace/GuardFed-celeba-expanded/results/revision_20261003/celeba_baseline_fullcoverage_v1/runs/LASA_s0.3_l2_lr0.001_non-IID_Benign_seed91005_fullcoverage
FedAA-DDPG_policy0.001_keep16_local0.001_non-IID_Benign_seed91006,FedAA,FedAA-DDPG-adapted-v1,non-IID,Benign,91006,policy0.001_keep16_local0.001,False,0.886746866663311,0.061890403809557015,0.12032281061644384,87214d3d5ca83f453ba69287566703b583d236bbf79c79f0e1fc27c6f234587e,/workspace/GuardFed-celeba-expanded/results/revision_20261003/celeba_baseline_fullcoverage_v1/runs/FedAA-DDPG_policy0.001_keep16_local0.001_non-IID_Benign_seed91006
LASA_s0.3_l2_lr0.001_non-IID_Benign_seed91006_fullcoverage,LASA,LASA-official,non-IID,Benign,91006,LASA_s0.3_l2_lr0.001,False,0.895303770070972,0.034950201229417055,0.10772939377530077,ea30174ea7a2c69e9b89ad4949620ef1b2d907ee9adf353c96fb5c21b2d44406,/workspace/GuardFed-celeba-expanded/results/revision_20261003/celeba_baseline_fullcoverage_v1/runs/LASA_s0.3_l2_lr0.001_non-IID_Benign_seed91006_fullcoverage
FedAA-DDPG_policy0.001_keep16_local0.001_non-IID_Benign_seed91007,FedAA,FedAA-DDPG-adapted-v1,non-IID,Benign,91007,policy0.001_keep16_local0.001,False,0.8900186238485931,0.03256581002236347,0.09960370713707473,ee19b219604faf8bd08c976429146fcfa205454625823b7f9a9dd46b0ea4e894,/workspace/GuardFed-celeba-expanded/results/revision_20261003/celeba_baseline_fullcoverage_v1/runs/FedAA-DDPG_policy0.001_keep16_local0.001_non-IID_Benign_seed91007
LASA_s0.3_l2_lr0.001_non-IID_Benign_seed91007_fullcoverage,LASA,LASA-official,non-IID,Benign,91007,LASA_s0.3_l2_lr0.001,False,0.894699753359843,0.03947019605282476,0.1141078609414673,31460be24f44ea4535d0413f1aa50df824c2d1fdcbc50f175fffa611aed686e7,/workspace/GuardFed-celeba-expanded/results/revision_20261003/celeba_baseline_fullcoverage_v1/runs/LASA_s0.3_l2_lr0.001_non-IID_Benign_seed91007_fullcoverage
FedAA-DDPG_policy0.001_keep16_local0.001_non-IID_Benign_seed91008,FedAA,FedAA-DDPG-adapted-v1,non-IID,Benign,91008,policy0.001_keep16_local0.001,False,0.9049680374490361,0.06500064943131745,0.13191839665768135,811f5f64056671702f1aa992a10126dbd039023a4bd2855fd7f0ca01f3ff69e7,/workspace/GuardFed-celeba-expanded/results/revision_20261003/celeba_baseline_fullcoverage_v1/runs/FedAA-DDPG_policy0.001_keep16_local0.001_non-IID_Benign_seed91008
LASA_s0.3_l2_lr0.001_non-IID_Benign_seed91008_fullcoverage,LASA,LASA-official,non-IID,Benign,91008,LASA_s0.3_l2_lr0.001,False,0.9026526400563749,0.03680594827226513,0.11099460356008639,6a3767eee971cd5ce7c71bbd63f55c1c99aaad6f4e184e86912d254f0e0a3a3f,/workspace/GuardFed-celeba-expanded/results/revision_20261003/celeba_baseline_fullcoverage_v1/runs/LASA_s0.3_l2_lr0.001_non-IID_Benign_seed91008_fullcoverage
FedAA-DDPG_policy0.001_keep16_local0.001_non-IID_Benign_seed91009,FedAA,FedAA-DDPG-adapted-v1,non-IID,Benign,91009,policy0.001_keep16_local0.001,False,0.8887099209744803,0.04470543751987488,0.1087905734834797,114b11cfea5c5a8ce97bdff2bf9acba96f450ff4d2ad97b0016ffb3a347557e9,/workspace/GuardFed-celeba-expanded/results/revision_20261003/celeba_baseline_fullcoverage_v1/runs/FedAA-DDPG_policy0.001_keep16_local0.001_non-IID_Benign_seed91009
LASA_s0.3_l2_lr0.001_non-IID_Benign_seed91009_fullcoverage,LASA,LASA-official,non-IID,Benign,91009,LASA_s0.3_l2_lr0.001,False,0.8853374943373433,0.027589586751884054,0.09215994615892037,1b6648a829efce0cf3214b20675318a8d192ac822e8177cb43160d68194b523a,/workspace/GuardFed-celeba-expanded/results/revision_20261003/celeba_baseline_fullcoverage_v1/runs/LASA_s0.3_l2_lr0.001_non-IID_Benign_seed91009_fullcoverage
FedAA-DDPG_policy0.001_keep16_local0.001_non-IID_Benign_seed91010,FedAA,FedAA-DDPG-adapted-v1,non-IID,Benign,91010,policy0.001_keep16_local0.001,False,0.860572809181054,0.03681264295444808,0.08162170552256359,9af348bd814621f07ca9f11d075a5be35f909e0e8966d7d9d08864d11b6c56d0,/workspace/GuardFed-celeba-expanded/results/revision_20261003/celeba_baseline_fullcoverage_v1/runs/FedAA-DDPG_policy0.001_keep16_local0.001_non-IID_Benign_seed91010
LASA_s0.3_l2_lr0.001_non-IID_Benign_seed91010_fullcoverage,LASA,LASA-official,non-IID,Benign,91010,LASA_s0.3_l2_lr0.001,False,0.8856898374188352,0.039207594786917044,0.0962014883687653,bebb77347c838cf8bc963c8bdb4a8aa01d43a6caec150ece377f6e696b0c26d7,/workspace/GuardFed-celeba-expanded/results/revision_20261003/celeba_baseline_fullcoverage_v1/runs/LASA_s0.3_l2_lr0.001_non-IID_Benign_seed91010_fullcoverage
FedAA-DDPG_policy0.001_keep16_local0.001_non-IID_F Flip_seed91001,FedAA,FedAA-DDPG-adapted-v1,non-IID,F Flip,91001,policy0.001_keep16_local0.001,False,0.8704887501887553,0.04929798949736375,0.10485595652074159,10e2b9484408392f33da59f771874fb1b46b95d4cdfc3301b89a09b522db059b,/workspace/GuardFed-celeba-expanded/results/revision_20261003/celeba_baseline_fullcoverage_v1/runs/FedAA-DDPG_policy0.001_keep16_local0.001_non-IID_F Flip_seed91001
LASA_s0.3_l2_lr0.001_non-IID_F Flip_seed91001_fullcoverage,LASA,LASA-official,non-IID,F Flip,91001,LASA_s0.3_l2_lr0.001,False,0.8794483314038355,0.06294099745578507,0.11983232032076496,4d78839accf7fde7ea55ca8abee722959c892ec35f13bdc0f10022d2df68ca8f,/workspace/GuardFed-celeba-expanded/results/revision_20261003/celeba_baseline_fullcoverage_v1/runs/LASA_s0.3_l2_lr0.001_non-IID_F Flip_seed91001_fullcoverage
FedAA-DDPG_policy0.001_keep16_local0.001_non-IID_F Flip_seed91002,FedAA,FedAA-DDPG-adapted-v1,non-IID,F Flip,91002,policy0.001_keep16_local0.001,False,0.8934917199375849,0.03714794281138456,0.11256121698382465,0eae5dd08e9f10188a870b2a2165abd3eb7355d1178cc49dd5527c78cff9b88c,/workspace/GuardFed-celeba-expanded/results/revision_20261003/celeba_baseline_fullcoverage_v1/runs/FedAA-DDPG_policy0.001_keep16_local0.001_non-IID_F Flip_seed91002
LASA_s0.3_l2_lr0.001_non-IID_F Flip_seed91002_fullcoverage,LASA,LASA-official,non-IID,F Flip,91002,LASA_s0.3_l2_lr0.001,False,0.9011425982785524,0.03641539371449487,0.11289111214920561,75c76eeff56ab3099200c200f4cbf62920cbd619b49fd65a2bc922f23c1c19d2,/workspace/GuardFed-celeba-expanded/results/revision_20261003/celeba_baseline_fullcoverage_v1/runs/LASA_s0.3_l2_lr0.001_non-IID_F Flip_seed91002_fullcoverage
FedAA-DDPG_policy0.001_keep16_local0.001_non-IID_F Flip_seed91003,FedAA,FedAA-DDPG-adapted-v1,non-IID,F Flip,91003,policy0.001_keep16_local0.001,False,0.884330799818795,0.05178619542390184,0.1094638564166579,c17934441b81a099ee307ed7da2b5c4f853b38f9b78ce10e25a1535b1fbb614b,/workspace/GuardFed-celeba-expanded/results/revision_20261003/celeba_baseline_fullcoverage_v1/runs/FedAA-DDPG_policy0.001_keep16_local0.001_non-IID_F Flip_seed91003
LASA_s0.3_l2_lr0.001_non-IID_F Flip_seed91003_fullcoverage,LASA,LASA-official,non-IID,F Flip,91003,LASA_s0.3_l2_lr0.001,False,0.8948507575376252,0.06217733223043942,0.12709547525059822,a0f6edcf8d582faa7e4f3a7c0c46ca23206627f63f60c1ed3dce4687f7947d25,/workspace/GuardFed-celeba-expanded/results/revision_20261003/celeba_baseline_fullcoverage_v1/runs/LASA_s0.3_l2_lr0.001_non-IID_F Flip_seed91003_fullcoverage
FedAA-DDPG_policy0.001_keep16_local0.001_non-IID_F Flip_seed91004,FedAA,FedAA-DDPG-adapted-v1,non-IID,F Flip,91004,policy0.001_keep16_local0.001,False,0.8966628076710123,0.04780521680751815,0.11850143364600313,af59d7ab65e3cdadb652d85eefd63385dc02f1fcd30526123ea18102aeafa708,/workspace/GuardFed-celeba-expanded/results/revision_20261003/celeba_baseline_fullcoverage_v1/runs/FedAA-DDPG_policy0.001_keep16_local0.001_non-IID_F Flip_seed91004
LASA_s0.3_l2_lr0.001_non-IID_F Flip_seed91004_fullcoverage,LASA,LASA-official,non-IID,F Flip,91004,LASA_s0.3_l2_lr0.001,False,0.8986761967081089,0.05278832334277739,0.12597601413228854,21b39b9476c1f6969df2c6c1a551c6d8b03d757e1e1a799074aa1b3c40a13bf5,/workspace/GuardFed-celeba-expanded/results/revision_20261003/celeba_baseline_fullcoverage_v1/runs/LASA_s0.3_l2_lr0.001_non-IID_F Flip_seed91004_fullcoverage
FedAA-DDPG_policy0.001_keep16_local0.001_non-IID_F Flip_seed91005,FedAA,FedAA-DDPG-adapted-v1,non-IID,F Flip,91005,policy0.001_keep16_local0.001,False,0.8825690844113354,0.050006352876226456,0.11224238948309878,b9576f795e5c8a95b67bc9bedb08caaaef8d478425a24e60a651823b052dc604,/workspace/GuardFed-celeba-expanded/results/revision_20261003/celeba_baseline_fullcoverage_v1/runs/FedAA-DDPG_policy0.001_keep16_local0.001_non-IID_F Flip_seed91005
LASA_s0.3_l2_lr0.001_non-IID_F Flip_seed91005_fullcoverage,LASA,LASA-official,non-IID,F Flip,91005,LASA_s0.3_l2_lr0.001,False,0.8912769919967786,0.0494363148320448,0.11565931332270546,b16ca43ee212503686bfac5e2118a34368c3daa237154d3be0b680d37ce2d2de,/workspace/GuardFed-celeba-expanded/results/revision_20261003/celeba_baseline_fullcoverage_v1/runs/LASA_s0.3_l2_lr0.001_non-IID_F Flip_seed91005_fullcoverage
FedAA-DDPG_policy0.001_keep16_local0.001_non-IID_F Flip_seed91006,FedAA,FedAA-DDPG-adapted-v1,non-IID,F Flip,91006,policy0.001_keep16_local0.001,False,0.8841294609150853,0.032845808032817114,0.0918052731038484,69f58b1aed30eaf622a0edeca4c8e691b10555079f8f8d8dc28c0ce434cd0a28,/workspace/GuardFed-celeba-expanded/results/revision_20261003/celeba_baseline_fullcoverage_v1/runs/FedAA-DDPG_policy0.001_keep16_local0.001_non-IID_F Flip_seed91006
LASA_s0.3_l2_lr0.001_non-IID_F Flip_seed91006_fullcoverage,LASA,LASA-official,non-IID,F Flip,91006,LASA_s0.3_l2_lr0.001,False,0.8967634771228671,0.048002285621072005,0.11575034175559817,df07b05006eb3be81b68d5dbfde6fce0d55034e595ca5b89c694a0f914b2995f,/workspace/GuardFed-celeba-expanded/results/revision_20261003/celeba_baseline_fullcoverage_v1/runs/LASA_s0.3_l2_lr0.001_non-IID_F Flip_seed91006_fullcoverage
FedAA-DDPG_policy0.001_keep16_local0.001_non-IID_F Flip_seed91007,FedAA,FedAA-DDPG-adapted-v1,non-IID,F Flip,91007,policy0.001_keep16_local0.001,False,0.8944984144561333,0.048022888269761754,0.12118029555265791,c4f2a2225389b48fce9f0b2d7932191a5dca11290cfc589af13f9dd4c03248c5,/workspace/GuardFed-celeba-expanded/results/revision_20261003/celeba_baseline_fullcoverage_v1/runs/FedAA-DDPG_policy0.001_keep16_local0.001_non-IID_F Flip_seed91007
LASA_s0.3_l2_lr0.001_non-IID_F Flip_seed91007_fullcoverage,LASA,LASA-official,non-IID,F Flip,91007,LASA_s0.3_l2_lr0.001,False,0.9009412593748427,0.04361354428496911,0.12137920262699103,d491cd0f862e2c42de56ee2b5b73ec2e100b0983ea66e4620ae17e555f0d95e5,/workspace/GuardFed-celeba-expanded/results/revision_20261003/celeba_baseline_fullcoverage_v1/runs/LASA_s0.3_l2_lr0.001_non-IID_F Flip_seed91007_fullcoverage
FedAA-DDPG_policy0.001_keep16_local0.001_non-IID_F Flip_seed91008,FedAA,FedAA-DDPG-adapted-v1,non-IID,F Flip,91008,policy0.001_keep16_local0.001,False,0.9038606734786329,0.04742871165320228,0.12487992153813343,6e61f414fc50189a139c2486b06e897137af8b48d393737eec5d53511c84bd49,/workspace/GuardFed-celeba-expanded/results/revision_20261003/celeba_baseline_fullcoverage_v1/runs/FedAA-DDPG_policy0.001_keep16_local0.001_non-IID_F Flip_seed91008
LASA_s0.3_l2_lr0.001_non-IID_F Flip_seed91008_fullcoverage,LASA,LASA-official,non-IID,F Flip,91008,LASA_s0.3_l2_lr0.001,False,0.907736447375044,0.03492262102464938,0.11225035861616967,fc4d1b7de4eba6ae70705965e314bc288ae0fb89d589a7797e2fab957c2b9c90,/workspace/GuardFed-celeba-expanded/results/revision_20261003/celeba_baseline_fullcoverage_v1/runs/LASA_s0.3_l2_lr0.001_non-IID_F Flip_seed91008_fullcoverage
FedAA-DDPG_policy0.001_keep16_local0.001_non-IID_F Flip_seed91009,FedAA,FedAA-DDPG-adapted-v1,non-IID,F Flip,91009,policy0.001_keep16_local0.001,False,0.8810087079075855,0.04368256551536209,0.09865302790475367,e21bf3fc427d50b8782ca9fb76f7695b3848ef804a79d545abe6df5b6d04595b,/workspace/GuardFed-celeba-expanded/results/revision_20261003/celeba_baseline_fullcoverage_v1/runs/FedAA-DDPG_policy0.001_keep16_local0.001_non-IID_F Flip_seed91009
LASA_s0.3_l2_lr0.001_non-IID_F Flip_seed91009_fullcoverage,LASA,LASA-official,non-IID,F Flip,91009,LASA_s0.3_l2_lr0.001,False,0.8981728494488348,0.053175436268157905,0.12042228487957418,11b6e52b3d2760d936c31cd8d457aa14b847d5059df7b1793e9181d95504d1ee,/workspace/GuardFed-celeba-expanded/results/revision_20261003/celeba_baseline_fullcoverage_v1/runs/LASA_s0.3_l2_lr0.001_non-IID_F Flip_seed91009_fullcoverage
FedAA-DDPG_policy0.001_keep16_local0.001_non-IID_F Flip_seed91010,FedAA,FedAA-DDPG-adapted-v1,non-IID,F Flip,91010,policy0.001_keep16_local0.001,False,0.8653042734182312,0.08261402823505781,0.11630632609680092,c197ad49f19c8495f42a9ea9a28ed130202c47a49d1ad5fe4a5461ed176e9a29,/workspace/GuardFed-celeba-expanded/results/revision_20261003/celeba_baseline_fullcoverage_v1/runs/FedAA-DDPG_policy0.001_keep16_local0.001_non-IID_F Flip_seed91010
LASA_s0.3_l2_lr0.001_non-IID_F Flip_seed91010_fullcoverage,LASA,LASA-official,non-IID,F Flip,91010,LASA_s0.3_l2_lr0.001,False,0.8818643982483515,0.05635112005097387,0.10930083634859833,a5a153f87f07a865fdc17693159cd86ef05d663202ddfc188e16a8966defdfaf,/workspace/GuardFed-celeba-expanded/results/revision_20261003/celeba_baseline_fullcoverage_v1/runs/LASA_s0.3_l2_lr0.001_non-IID_F Flip_seed91010_fullcoverage
FedAA-DDPG_policy0.001_keep16_local0.001_non-IID_FedSA_seed91001,FedAA,FedAA-DDPG-adapted-v1,non-IID,FedSA,91001,policy0.001_keep16_local0.001,False,0.8666633110182715,0.01479326750700638,0.062261168242575715,451ce168cd95d9a2ef0944c06cbe3708b4e7d3d0cdac2f3c133aa8e16b84dee3,/workspace/GuardFed-celeba-expanded/results/revision_20261003/celeba_baseline_fullcoverage_v1/runs/FedAA-DDPG_policy0.001_keep16_local0.001_non-IID_FedSA_seed91001
LASA_s0.3_l2_lr0.001_non-IID_FedSA_seed91001_fullcoverage,LASA,LASA-official,non-IID,FedSA,91001,LASA_s0.3_l2_lr0.001,False,0.8211607187798863,0.030039416119993168,0.06304519000019498,7069833954b287900f46c8fe7f688d8f7c15726f56c88c7d71f90d723a093eda,/workspace/GuardFed-celeba-expanded/results/revision_20261003/celeba_baseline_fullcoverage_v1/runs/LASA_s0.3_l2_lr0.001_non-IID_FedSA_seed91001_fullcoverage
FedAA-DDPG_policy0.001_keep16_local0.001_non-IID_FedSA_seed91002,FedAA,FedAA-DDPG-adapted-v1,non-IID,FedSA,91002,policy0.001_keep16_local0.001,False,0.8948004228116978,0.02633862409665988,0.10027551852682504,1ab7f69b3a9727de15a9451c19366a91cfb3f734373a71ce1b9bd77426a67b1c,/workspace/GuardFed-celeba-expanded/results/revision_20261003/celeba_baseline_fullcoverage_v1/runs/FedAA-DDPG_policy0.001_keep16_local0.001_non-IID_FedSA_seed91002
LASA_s0.3_l2_lr0.001_non-IID_FedSA_seed91002_fullcoverage,LASA,LASA-official,non-IID,FedSA,91002,LASA_s0.3_l2_lr0.001,False,0.8732571601147632,0.04086268994687392,0.09502084420539675,bc1cac62b792522605928012d55c603c71532d0020fd657deaf55b1c4365b721,/workspace/GuardFed-celeba-expanded/results/revision_20261003/celeba_baseline_fullcoverage_v1/runs/LASA_s0.3_l2_lr0.001_non-IID_FedSA_seed91002_fullcoverage
FedAA-DDPG_policy0.001_keep16_local0.001_non-IID_FedSA_seed91003,FedAA,FedAA-DDPG-adapted-v1,non-IID,FedSA,91003,policy0.001_keep16_local0.001,False,0.8815120551668596,0.0620391011870568,0.10889580956453893,5c3fbf8ecd3a20f6338de160cb3eef54b855cda26f0911c423d7f7bec43574c7,/workspace/GuardFed-celeba-expanded/results/revision_20261003/celeba_baseline_fullcoverage_v1/runs/FedAA-DDPG_policy0.001_keep16_local0.001_non-IID_FedSA_seed91003
LASA_s0.3_l2_lr0.001_non-IID_FedSA_seed91003_fullcoverage,LASA,LASA-official,non-IID,FedSA,91003,LASA_s0.3_l2_lr0.001,False,0.8715961141591584,0.028132091736947085,0.07952557481336114,f01720b05b808759061b5ebc345be706ef247781a4be6f0867c104e7082e2e38,/workspace/GuardFed-celeba-expanded/results/revision_20261003/celeba_baseline_fullcoverage_v1/runs/LASA_s0.3_l2_lr0.001_non-IID_FedSA_seed91003_fullcoverage
FedAA-DDPG_policy0.001_keep16_local0.001_non-IID_FedSA_seed91004,FedAA,FedAA-DDPG-adapted-v1,non-IID,FedSA,91004,policy0.001_keep16_local0.001,False,0.8777369507223033,0.09731083574385113,0.1410818944799318,b66af5a91ac027267f416e42f76fd7bcc13312ec3910dc267f0ac821686f2325,/workspace/GuardFed-celeba-expanded/results/revision_20261003/celeba_baseline_fullcoverage_v1/runs/FedAA-DDPG_policy0.001_keep16_local0.001_non-IID_FedSA_seed91004
LASA_s0.3_l2_lr0.001_non-IID_FedSA_seed91004_fullcoverage,LASA,LASA-official,non-IID,FedSA,91004,LASA_s0.3_l2_lr0.001,False,0.8608748175366185,0.03308049907441313,0.07928597230915901,38a37cb6992d2a38b6ab0dd8df5b20625b50b35cce2e3c89f8e594c9e8adea8d,/workspace/GuardFed-celeba-expanded/results/revision_20261003/celeba_baseline_fullcoverage_v1/runs/LASA_s0.3_l2_lr0.001_non-IID_FedSA_seed91004_fullcoverage
FedAA-DDPG_policy0.001_keep16_local0.001_non-IID_FedSA_seed91005,FedAA,FedAA-DDPG-adapted-v1,non-IID,FedSA,91005,policy0.001_keep16_local0.001,False,0.8937937282931494,0.03878243532265191,0.10542519511577741,6e3bf9baa17520be5905d5e3ba838ec9d00dbc1ceded6c0cae6ebb5e96d24894,/workspace/GuardFed-celeba-expanded/results/revision_20261003/celeba_baseline_fullcoverage_v1/runs/FedAA-DDPG_policy0.001_keep16_local0.001_non-IID_FedSA_seed91005
LASA_s0.3_l2_lr0.001_non-IID_FedSA_seed91005_fullcoverage,LASA,LASA-official,non-IID,FedSA,91005,LASA_s0.3_l2_lr0.001,False,0.8600191271958524,0.021141240585897836,0.07215044786424224,52ad1913435caeb36030dabdf63c23c2639d384834bebad13ee9778a6f3543dc,/workspace/GuardFed-celeba-expanded/results/revision_20261003/celeba_baseline_fullcoverage_v1/runs/LASA_s0.3_l2_lr0.001_non-IID_FedSA_seed91005_fullcoverage
FedAA-DDPG_policy0.001_keep16_local0.001_non-IID_FedSA_seed91006,FedAA,FedAA-DDPG-adapted-v1,non-IID,FedSA,91006,policy0.001_keep16_local0.001,False,0.8951527658931897,0.04197565728696118,0.10837040638288387,d24d2d12b9f7392f5b3a99ae10fcc09374a17ca6a8905aaf9284130e87c1b108,/workspace/GuardFed-celeba-expanded/results/revision_20261003/celeba_baseline_fullcoverage_v1/runs/FedAA-DDPG_policy0.001_keep16_local0.001_non-IID_FedSA_seed91006
LASA_s0.3_l2_lr0.001_non-IID_FedSA_seed91006_fullcoverage,LASA,LASA-official,non-IID,FedSA,91006,LASA_s0.3_l2_lr0.001,False,0.8647505914330297,0.028353204831580436,0.07610745923083756,858a2deb7f3419667880658728bc79e0a077a044390877b4050ee14da879a166,/workspace/GuardFed-celeba-expanded/results/revision_20261003/celeba_baseline_fullcoverage_v1/runs/LASA_s0.3_l2_lr0.001_non-IID_FedSA_seed91006_fullcoverage
FedAA-DDPG_policy0.001_keep16_local0.001_non-IID_FedSA_seed91007,FedAA,FedAA-DDPG-adapted-v1,non-IID,FedSA,91007,policy0.001_keep16_local0.001,False,0.893743393567222,0.04411107232071865,0.11484685554278906,57efb68ca932bc931e425529c1db35fa8533b4ebb2d3d908351f31f011bb1051,/workspace/GuardFed-celeba-expanded/results/revision_20261003/celeba_baseline_fullcoverage_v1/runs/FedAA-DDPG_policy0.001_keep16_local0.001_non-IID_FedSA_seed91007
LASA_s0.3_l2_lr0.001_non-IID_FedSA_seed91007_fullcoverage,LASA,LASA-official,non-IID,FedSA,91007,LASA_s0.3_l2_lr0.001,False,0.8643982483515378,0.03185028050482619,0.08577039060213504,193de875212454ecf59d8ecf9732a9aa8ef2ef6df9e39f3d116f4920bcc93d7d,/workspace/GuardFed-celeba-expanded/results/revision_20261003/celeba_baseline_fullcoverage_v1/runs/LASA_s0.3_l2_lr0.001_non-IID_FedSA_seed91007_fullcoverage
FedAA-DDPG_policy0.001_keep16_local0.001_non-IID_FedSA_seed91008,FedAA,FedAA-DDPG-adapted-v1,non-IID,FedSA,91008,policy0.001_keep16_local0.001,False,0.9038103387527054,0.0334504981291428,0.11402575503597911,0935b92881dd14eb0aa8fa2958193e9b24f36632455abf3f9d57b409e2934693,/workspace/GuardFed-celeba-expanded/results/revision_20261003/celeba_baseline_fullcoverage_v1/runs/FedAA-DDPG_policy0.001_keep16_local0.001_non-IID_FedSA_seed91008
LASA_s0.3_l2_lr0.001_non-IID_FedSA_seed91008_fullcoverage,LASA,LASA-official,non-IID,FedSA,91008,LASA_s0.3_l2_lr0.001,False,0.8798510092112548,0.040579438886627184,0.09487493342043213,a9b013ce92ecdfe5c5d956dc0fc50edac648b0a7a4321616e6a445b7bd61d134,/workspace/GuardFed-celeba-expanded/results/revision_20261003/celeba_baseline_fullcoverage_v1/runs/LASA_s0.3_l2_lr0.001_non-IID_FedSA_seed91008_fullcoverage
FedAA-DDPG_policy0.001_keep16_local0.001_non-IID_FedSA_seed91009,FedAA,FedAA-DDPG-adapted-v1,non-IID,FedSA,91009,policy0.001_keep16_local0.001,False,0.8819147329742789,0.034659831176144906,0.09702620555625369,db8592bb472c8ac587b09724530009626f66fcac99e00fc9a295774477c3c1e8,/workspace/GuardFed-celeba-expanded/results/revision_20261003/celeba_baseline_fullcoverage_v1/runs/FedAA-DDPG_policy0.001_keep16_local0.001_non-IID_FedSA_seed91009
LASA_s0.3_l2_lr0.001_non-IID_FedSA_seed91009_fullcoverage,LASA,LASA-official,non-IID,FedSA,91009,LASA_s0.3_l2_lr0.001,False,0.8481904666029093,0.02584430196505416,0.06299461864858796,90c34974e75a9c24e1e134c4c5b6509f8c466ea84dbd9f4722568769ee92a7b8,/workspace/GuardFed-celeba-expanded/results/revision_20261003/celeba_baseline_fullcoverage_v1/runs/LASA_s0.3_l2_lr0.001_non-IID_FedSA_seed91009_fullcoverage
FedAA-DDPG_policy0.001_keep16_local0.001_non-IID_FedSA_seed91010,FedAA,FedAA-DDPG-adapted-v1,non-IID,FedSA,91010,policy0.001_keep16_local0.001,False,0.8640962399959732,0.02736159039247099,0.07910179103208692,c8cff76bb335d8eed9f4e9189bbdb87c737fc6d8ef53d468ede2dfe833320c53,/workspace/GuardFed-celeba-expanded/results/revision_20261003/celeba_baseline_fullcoverage_v1/runs/FedAA-DDPG_policy0.001_keep16_local0.001_non-IID_FedSA_seed91010
LASA_s0.3_l2_lr0.001_non-IID_FedSA_seed91010_fullcoverage,LASA,LASA-official,non-IID,FedSA,91010,LASA_s0.3_l2_lr0.001,False,0.8466804248250869,0.020636640702771936,0.05849533316582606,8c5de26061e82d77e2c3663778059b2affea81506c8883a72185867d9aa1b112,/workspace/GuardFed-celeba-expanded/results/revision_20261003/celeba_baseline_fullcoverage_v1/runs/LASA_s0.3_l2_lr0.001_non-IID_FedSA_seed91010_fullcoverage
FedAA-DDPG_policy0.001_keep16_local0.001_non-IID_S-DFA_seed91002,FedAA,FedAA-DDPG-adapted-v1,non-IID,S-DFA,91002,policy0.001_keep16_local0.001,False,0.8974681632858509,0.026490715960900246,0.10293319849850341,cedae3dbc05cae3397ed0cdc0b84398b79ff3ea00c5534798aa149ecf0a57c30,/workspace/GuardFed-celeba-expanded/results/revision_20261003/celeba_baseline_fullcoverage_v1/runs/FedAA-DDPG_policy0.001_keep16_local0.001_non-IID_S-DFA_seed91002
LASA_s0.3_l2_lr0.001_non-IID_S-DFA_seed91002_fullcoverage,LASA,LASA-official,non-IID,S-DFA,91002,LASA_s0.3_l2_lr0.001,False,0.8732068253888358,0.02568542112733263,0.07893729942059946,49eb41fbb2124af56ab5ff5227e75f30554869298fd2cae2b30cccf98f5741f9,/workspace/GuardFed-celeba-expanded/results/revision_20261003/celeba_baseline_fullcoverage_v1/runs/LASA_s0.3_l2_lr0.001_non-IID_S-DFA_seed91002_fullcoverage
FedAA-DDPG_policy0.001_keep16_local0.001_non-IID_S-DFA_seed91003,FedAA,FedAA-DDPG-adapted-v1,non-IID,S-DFA,91003,policy0.001_keep16_local0.001,False,0.8783913021593598,0.05847969896560079,0.1111265450454677,d2a131bbc5e93b25f240aea7bb16f4c9f79e568f7eb18013ba72c4f668ce5205,/workspace/GuardFed-celeba-expanded/results/revision_20261003/celeba_baseline_fullcoverage_v1/runs/FedAA-DDPG_policy0.001_keep16_local0.001_non-IID_S-DFA_seed91003
LASA_s0.3_l2_lr0.001_non-IID_S-DFA_seed91003_fullcoverage,LASA,LASA-official,non-IID,S-DFA,91003,LASA_s0.3_l2_lr0.001,False,0.872502139225852,0.04081436565646901,0.08939198333400378,48ffc7118e84d612ffff76d4fa10522335232732c69698f8077af69e845dc9ac,/workspace/GuardFed-celeba-expanded/results/revision_20261003/celeba_baseline_fullcoverage_v1/runs/LASA_s0.3_l2_lr0.001_non-IID_S-DFA_seed91003_fullcoverage
FedAA-DDPG_policy0.001_keep16_local0.001_non-IID_S-DFA_seed91004,FedAA,FedAA-DDPG-adapted-v1,non-IID,S-DFA,91004,policy0.001_keep16_local0.001,False,0.898323853626617,0.04447748830611109,0.11561404781782447,53850238f360437bb7ca4c1a930566cacdf1502b55a5f0a76d2792fbd6aba6c3,/workspace/GuardFed-celeba-expanded/results/revision_20261003/celeba_baseline_fullcoverage_v1/runs/FedAA-DDPG_policy0.001_keep16_local0.001_non-IID_S-DFA_seed91004
LASA_s0.3_l2_lr0.001_non-IID_S-DFA_seed91004_fullcoverage,LASA,LASA-official,non-IID,S-DFA,91004,LASA_s0.3_l2_lr0.001,False,0.860572809181054,0.06446828076082711,0.10109783150251572,e514acdde1cdfe37277aa6cee783700fa474bb69d54282c1dfcf6852e722d270,/workspace/GuardFed-celeba-expanded/results/revision_20261003/celeba_baseline_fullcoverage_v1/runs/LASA_s0.3_l2_lr0.001_non-IID_S-DFA_seed91004_fullcoverage
FedAA-DDPG_policy0.001_keep16_local0.001_non-IID_S-DFA_seed91005,FedAA,FedAA-DDPG-adapted-v1,non-IID,S-DFA,91005,policy0.001_keep16_local0.001,False,0.8931897115820204,0.04936710501905506,0.11620085166715816,b38b41e7f06e2d1d942ca97a9d46cd8d03d3fb8850c17c92e1833cef306f718f,/workspace/GuardFed-celeba-expanded/results/revision_20261003/celeba_baseline_fullcoverage_v1/runs/FedAA-DDPG_policy0.001_keep16_local0.001_non-IID_S-DFA_seed91005
LASA_s0.3_l2_lr0.001_non-IID_S-DFA_seed91005_fullcoverage,LASA,LASA-official,non-IID,S-DFA,91005,LASA_s0.3_l2_lr0.001,False,0.8640962399959732,0.02848106383214455,0.0816315814443016,bce31f37519ef0d658c1399f94520a06a2e0cdf057df86fa601f389eba78aea3,/workspace/GuardFed-celeba-expanded/results/revision_20261003/celeba_baseline_fullcoverage_v1/runs/LASA_s0.3_l2_lr0.001_non-IID_S-DFA_seed91005_fullcoverage
FedAA-DDPG_policy0.001_keep16_local0.001_non-IID_S-DFA_seed91006,FedAA,FedAA-DDPG-adapted-v1,non-IID,S-DFA,91006,policy0.001_keep16_local0.001,False,0.8964111340413752,0.049536499336542805,0.11213957833980098,2aef9bcbbb021da36a6776f5b14fd20982366c1b022dc963ac5de0c6a23c9d77,/workspace/GuardFed-celeba-expanded/results/revision_20261003/celeba_baseline_fullcoverage_v1/runs/FedAA-DDPG_policy0.001_keep16_local0.001_non-IID_S-DFA_seed91006
LASA_s0.3_l2_lr0.001_non-IID_S-DFA_seed91006_fullcoverage,LASA,LASA-official,non-IID,S-DFA,91006,LASA_s0.3_l2_lr0.001,False,0.8658076206775054,0.03213376729331885,0.08221383594458714,fdaaa961c6a5c670018612e0dbb35e79d008c3800b548b7a8111913ee9953145,/workspace/GuardFed-celeba-expanded/results/revision_20261003/celeba_baseline_fullcoverage_v1/runs/LASA_s0.3_l2_lr0.001_non-IID_S-DFA_seed91006_fullcoverage
FedAA-DDPG_policy0.001_keep16_local0.001_non-IID_S-DFA_seed91007,FedAA,FedAA-DDPG-adapted-v1,non-IID,S-DFA,91007,policy0.001_keep16_local0.001,False,0.8863945235818191,0.01973139709295213,0.08767341750686097,0c0da1c6c17b6360ad7c54d38e3911e111a5ca0bd8aceef7e01268577ae1257c,/workspace/GuardFed-celeba-expanded/results/revision_20261003/celeba_baseline_fullcoverage_v1/runs/FedAA-DDPG_policy0.001_keep16_local0.001_non-IID_S-DFA_seed91007
LASA_s0.3_l2_lr0.001_non-IID_S-DFA_seed91007_fullcoverage,LASA,LASA-official,non-IID,S-DFA,91007,LASA_s0.3_l2_lr0.001,False,0.8662102984849247,0.028328971967904182,0.08258826084313514,cf92b57e2e3ee64762d882452b728d952dabf58fa6e94beb21f8a28d3302e214,/workspace/GuardFed-celeba-expanded/results/revision_20261003/celeba_baseline_fullcoverage_v1/runs/LASA_s0.3_l2_lr0.001_non-IID_S-DFA_seed91007_fullcoverage
FedAA-DDPG_policy0.001_keep16_local0.001_non-IID_S-DFA_seed91008,FedAA,FedAA-DDPG-adapted-v1,non-IID,S-DFA,91008,policy0.001_keep16_local0.001,False,0.902904313686012,0.0363462310471544,0.11030711297874152,0b2a66dfee872a94c6c45f52de4bcbd1ab339e1fe00a2b9b8dadb17ee6b9ef18,/workspace/GuardFed-celeba-expanded/results/revision_20261003/celeba_baseline_fullcoverage_v1/runs/FedAA-DDPG_policy0.001_keep16_local0.001_non-IID_S-DFA_seed91008
LASA_s0.3_l2_lr0.001_non-IID_S-DFA_seed91008_fullcoverage,LASA,LASA-official,non-IID,S-DFA,91008,LASA_s0.3_l2_lr0.001,False,0.8762772436704083,0.03246557837221631,0.08217675719539663,2c954afe8c0f4003ce97147a546ce5a54eb972e5bd0fe735b3482413e557a6c9,/workspace/GuardFed-celeba-expanded/results/revision_20261003/celeba_baseline_fullcoverage_v1/runs/LASA_s0.3_l2_lr0.001_non-IID_S-DFA_seed91008_fullcoverage
FedAA-DDPG_policy0.001_keep16_local0.001_non-IID_S-DFA_seed91009,FedAA,FedAA-DDPG-adapted-v1,non-IID,S-DFA,91009,policy0.001_keep16_local0.001,False,0.8792973272260532,0.046547418033163646,0.1010610118278723,ff65cab44710e4e63a4824c311b828d5879653e229efd2e06fbf1178c3a2bf21,/workspace/GuardFed-celeba-expanded/results/revision_20261003/celeba_baseline_fullcoverage_v1/runs/FedAA-DDPG_policy0.001_keep16_local0.001_non-IID_S-DFA_seed91009
LASA_s0.3_l2_lr0.001_non-IID_S-DFA_seed91009_fullcoverage,LASA,LASA-official,non-IID,S-DFA,91009,LASA_s0.3_l2_lr0.001,False,0.8405899229878693,0.029977278154379894,0.06391567011569504,cdaca7533a24fbc08544201a111d75fead1861a4df05c74d90381416aa2eebbc,/workspace/GuardFed-celeba-expanded/results/revision_20261003/celeba_baseline_fullcoverage_v1/runs/LASA_s0.3_l2_lr0.001_non-IID_S-DFA_seed91009_fullcoverage
FedAA-DDPG_policy0.001_keep16_local0.001_non-IID_S-DFA_seed91010,FedAA,FedAA-DDPG-adapted-v1,non-IID,S-DFA,91010,policy0.001_keep16_local0.001,False,0.867569336084965,0.04792968132134168,0.09340825023102717,b65cc1dc620cc4a85e2200d747759eb4a3d68992572a512a9d9d2541a9f6e8b5,/workspace/GuardFed-celeba-expanded/results/revision_20261003/celeba_baseline_fullcoverage_v1/runs/FedAA-DDPG_policy0.001_keep16_local0.001_non-IID_S-DFA_seed91010
LASA_s0.3_l2_lr0.001_non-IID_S-DFA_seed91010_fullcoverage,LASA,LASA-official,non-IID,S-DFA,91010,LASA_s0.3_l2_lr0.001,False,0.8497005083807319,0.03284557230457119,0.07461259909368256,13575aee677a63dbc9bf5849f4f6f318513f67d97b578ab8743521b9f091cef5,/workspace/GuardFed-celeba-expanded/results/revision_20261003/celeba_baseline_fullcoverage_v1/runs/LASA_s0.3_l2_lr0.001_non-IID_S-DFA_seed91010_fullcoverage
FedAA-DDPG_policy0.001_keep16_local0.001_non-IID_Sp-DFA_seed91001,FedAA,FedAA-DDPG-adapted-v1,non-IID,Sp-DFA,91001,policy0.001_keep16_local0.001,False,0.8776362812704485,0.05157536008078878,0.10986767073183645,f77cb412d17cdc4038a5668ae9227335087be198d79cf1f1b2933dd9b6c09049,/workspace/GuardFed-celeba-expanded/results/revision_20261003/celeba_baseline_fullcoverage_v1/runs/FedAA-DDPG_policy0.001_keep16_local0.001_non-IID_Sp-DFA_seed91001
LASA_s0.3_l2_lr0.001_non-IID_Sp-DFA_seed91001_fullcoverage,LASA,LASA-official,non-IID,Sp-DFA,91001,LASA_s0.3_l2_lr0.001,False,0.86454925252932,0.048973155974544214,0.09590698278652748,c8f21140283d2ff6d9d1f8efaa314cd65f24a5b75b79aa5be2dea99e4ba786e8,/workspace/GuardFed-celeba-expanded/results/revision_20261003/celeba_baseline_fullcoverage_v1/runs/LASA_s0.3_l2_lr0.001_non-IID_Sp-DFA_seed91001_fullcoverage
FedAA-DDPG_policy0.001_keep16_local0.001_non-IID_Sp-DFA_seed91002,FedAA,FedAA-DDPG-adapted-v1,non-IID,Sp-DFA,91002,policy0.001_keep16_local0.001,False,0.8886595862485529,0.0440004214821037,0.11230764518003927,af46ac93226e8a115237703ea42db4d309bef411bdce1bef59de9dd2ce133207,/workspace/GuardFed-celeba-expanded/results/revision_20261003/celeba_baseline_fullcoverage_v1/runs/FedAA-DDPG_policy0.001_keep16_local0.001_non-IID_Sp-DFA_seed91002
LASA_s0.3_l2_lr0.001_non-IID_Sp-DFA_seed91002_fullcoverage,LASA,LASA-official,non-IID,Sp-DFA,91002,LASA_s0.3_l2_lr0.001,False,0.8925856948708915,0.041536637001838406,0.10894709596189622,f7e0a29963cacefaa75bfb9a8cdba011612adcfbccbd7c4a3effbb2b119506dd,/workspace/GuardFed-celeba-expanded/results/revision_20261003/celeba_baseline_fullcoverage_v1/runs/LASA_s0.3_l2_lr0.001_non-IID_Sp-DFA_seed91002_fullcoverage
FedAA-DDPG_policy0.001_keep16_local0.001_non-IID_Sp-DFA_seed91003,FedAA,FedAA-DDPG-adapted-v1,non-IID,Sp-DFA,91003,policy0.001_keep16_local0.001,False,0.8797503397594,0.09054128627003188,0.14064847312550294,a4db961f31e8c93ed6b5fe8d7a3057b0bec9e2f535120fdb8aef4effcaf6c7e0,/workspace/GuardFed-celeba-expanded/results/revision_20261003/celeba_baseline_fullcoverage_v1/runs/FedAA-DDPG_policy0.001_keep16_local0.001_non-IID_Sp-DFA_seed91003
LASA_s0.3_l2_lr0.001_non-IID_Sp-DFA_seed91003_fullcoverage,LASA,LASA-official,non-IID,Sp-DFA,91003,LASA_s0.3_l2_lr0.001,False,0.886746866663311,0.03939066134266567,0.10333917867689629,6ce76788824dfa5c0d343d5454417b09abd19b2a0462806590b3bd34a4d7b05d,/workspace/GuardFed-celeba-expanded/results/revision_20261003/celeba_baseline_fullcoverage_v1/runs/LASA_s0.3_l2_lr0.001_non-IID_Sp-DFA_seed91003_fullcoverage
FedAA-DDPG_policy0.001_keep16_local0.001_non-IID_Sp-DFA_seed91004,FedAA,FedAA-DDPG-adapted-v1,non-IID,Sp-DFA,91004,policy0.001_keep16_local0.001,False,0.8959077867821009,0.07218149754854408,0.13605841828439552,70b97211405f67c3873ac06a0a3c7b77faa1a7601ebf45cc9b10e771e4bf7af4,/workspace/GuardFed-celeba-expanded/results/revision_20261003/celeba_baseline_fullcoverage_v1/runs/FedAA-DDPG_policy0.001_keep16_local0.001_non-IID_Sp-DFA_seed91004
LASA_s0.3_l2_lr0.001_non-IID_Sp-DFA_seed91004_fullcoverage,LASA,LASA-official,non-IID,Sp-DFA,91004,LASA_s0.3_l2_lr0.001,False,0.8840287914632304,0.04477455304156619,0.11078798642722953,ed9a3725265f4981c81150f59dbaa2c09b07e78b256db1b6ad5703b63c109b00,/workspace/GuardFed-celeba-expanded/results/revision_20261003/celeba_baseline_fullcoverage_v1/runs/LASA_s0.3_l2_lr0.001_non-IID_Sp-DFA_seed91004_fullcoverage
FedAA-DDPG_policy0.001_keep16_local0.001_non-IID_Sp-DFA_seed91005,FedAA,FedAA-DDPG-adapted-v1,non-IID,Sp-DFA,91005,policy0.001_keep16_local0.001,False,0.886495193033674,0.038886202896487254,0.10305288057631279,12665d4d95fc9f987388007bd7b22deebc3d116226c48d320dc2f4e489edf512,/workspace/GuardFed-celeba-expanded/results/revision_20261003/celeba_baseline_fullcoverage_v1/runs/FedAA-DDPG_policy0.001_keep16_local0.001_non-IID_Sp-DFA_seed91005
LASA_s0.3_l2_lr0.001_non-IID_Sp-DFA_seed91005_fullcoverage,LASA,LASA-official,non-IID,Sp-DFA,91005,LASA_s0.3_l2_lr0.001,False,0.8760255700407711,0.04274950597252869,0.10116044463907509,fd5a6bbc8e3f8c761794581e38d856f9271b294cf2957086ce117542ec03c4de,/workspace/GuardFed-celeba-expanded/results/revision_20261003/celeba_baseline_fullcoverage_v1/runs/LASA_s0.3_l2_lr0.001_non-IID_Sp-DFA_seed91005_fullcoverage
FedAA-DDPG_policy0.001_keep16_local0.001_non-IID_Sp-DFA_seed91006,FedAA,FedAA-DDPG-adapted-v1,non-IID,Sp-DFA,91006,policy0.001_keep16_local0.001,False,0.8920823476116173,0.06115441308027747,0.123286063835015,73854ff2dfa53dafb45d6835d8b71076d768a03ec5d4194c8a45b1e712d58818,/workspace/GuardFed-celeba-expanded/results/revision_20261003/celeba_baseline_fullcoverage_v1/runs/FedAA-DDPG_policy0.001_keep16_local0.001_non-IID_Sp-DFA_seed91006
LASA_s0.3_l2_lr0.001_non-IID_Sp-DFA_seed91006_fullcoverage,LASA,LASA-official,non-IID,Sp-DFA,91006,LASA_s0.3_l2_lr0.001,False,0.886495193033674,0.038450765680701826,0.09986304075878916,cdeb35803f9f8c1f9be1ca358920338e6b7d5898555d1fca816b2962c2d6ae73,/workspace/GuardFed-celeba-expanded/results/revision_20261003/celeba_baseline_fullcoverage_v1/runs/LASA_s0.3_l2_lr0.001_non-IID_Sp-DFA_seed91006_fullcoverage
FedAA-DDPG_policy0.001_keep16_local0.001_non-IID_Sp-DFA_seed91007,FedAA,FedAA-DDPG-adapted-v1,non-IID,Sp-DFA,91007,policy0.001_keep16_local0.001,False,0.882166406603916,0.0673537359273183,0.1288503840552176,072e6b3a35b21ef1ee912ee41247f25cd9d057e1a2d80d70ce1ea0c6f067e51a,/workspace/GuardFed-celeba-expanded/results/revision_20261003/celeba_baseline_fullcoverage_v1/runs/FedAA-DDPG_policy0.001_keep16_local0.001_non-IID_Sp-DFA_seed91007
LASA_s0.3_l2_lr0.001_non-IID_Sp-DFA_seed91007_fullcoverage,LASA,LASA-official,non-IID,Sp-DFA,91007,LASA_s0.3_l2_lr0.001,False,0.8894649418633915,0.0371064546401102,0.10872700695258675,b212eda2f02d37e515b5bc5947e1e0a98a4a8c3c45938b93aeec6d719d7b912e,/workspace/GuardFed-celeba-expanded/results/revision_20261003/celeba_baseline_fullcoverage_v1/runs/LASA_s0.3_l2_lr0.001_non-IID_Sp-DFA_seed91007_fullcoverage
FedAA-DDPG_policy0.001_keep16_local0.001_non-IID_Sp-DFA_seed91008,FedAA,FedAA-DDPG-adapted-v1,non-IID,Sp-DFA,91008,policy0.001_keep16_local0.001,False,0.8974178285599235,0.08596608389143956,0.14608037516315736,55e014bf55eaf14a175373230d2f572db5b3fa8cb9854172bbe3fee938153527,/workspace/GuardFed-celeba-expanded/results/revision_20261003/celeba_baseline_fullcoverage_v1/runs/FedAA-DDPG_policy0.001_keep16_local0.001_non-IID_Sp-DFA_seed91008
LASA_s0.3_l2_lr0.001_non-IID_Sp-DFA_seed91008_fullcoverage,LASA,LASA-official,non-IID,Sp-DFA,91008,LASA_s0.3_l2_lr0.001,False,0.8989782050636734,0.039985120833120225,0.10944170036138412,8a732199cb913f4b17185207ef79bc230d4cd069f5468e1207ee0da3dfb1f93d,/workspace/GuardFed-celeba-expanded/results/revision_20261003/celeba_baseline_fullcoverage_v1/runs/LASA_s0.3_l2_lr0.001_non-IID_Sp-DFA_seed91008_fullcoverage
FedAA-DDPG_policy0.001_keep16_local0.001_non-IID_Sp-DFA_seed91009,FedAA,FedAA-DDPG-adapted-v1,non-IID,Sp-DFA,91009,policy0.001_keep16_local0.001,False,0.8810590426335129,0.03860281039929292,0.09613863688362251,fc9b7ee78d45b38b2a1fa03158816b0a95ef41741881262059b0b63844e02c47,/workspace/GuardFed-celeba-expanded/results/revision_20261003/celeba_baseline_fullcoverage_v1/runs/FedAA-DDPG_policy0.001_keep16_local0.001_non-IID_Sp-DFA_seed91009
LASA_s0.3_l2_lr0.001_non-IID_Sp-DFA_seed91009_fullcoverage,LASA,LASA-official,non-IID,Sp-DFA,91009,LASA_s0.3_l2_lr0.001,False,0.874918206070368,0.04501296858944692,0.10061817052290839,d094769f7c90572af815a623cd595b981401372373952fe8f1416b2c16eef9f1,/workspace/GuardFed-celeba-expanded/results/revision_20261003/celeba_baseline_fullcoverage_v1/runs/LASA_s0.3_l2_lr0.001_non-IID_Sp-DFA_seed91009_fullcoverage
FedAA-DDPG_policy0.001_keep16_local0.001_non-IID_Sp-DFA_seed91010,FedAA,FedAA-DDPG-adapted-v1,non-IID,Sp-DFA,91010,policy0.001_keep16_local0.001,False,0.8579050687069009,0.0464645831275623,0.09163094702255059,6442ff8ad5eea7764f97395fef0f79b8b07e5459451aec3482b7e827136ff90e,/workspace/GuardFed-celeba-expanded/results/revision_20261003/celeba_baseline_fullcoverage_v1/runs/FedAA-DDPG_policy0.001_keep16_local0.001_non-IID_Sp-DFA_seed91010
LASA_s0.3_l2_lr0.001_non-IID_Sp-DFA_seed91010_fullcoverage,LASA,LASA-official,non-IID,Sp-DFA,91010,LASA_s0.3_l2_lr0.001,False,0.860925152262546,0.03884122594717376,0.08684075191226548,43f3bac01670deade439a8c8a4a260b608467f0846eb8a2b8c6f4243af1d86c4,/workspace/GuardFed-celeba-expanded/results/revision_20261003/celeba_baseline_fullcoverage_v1/runs/LASA_s0.3_l2_lr0.001_non-IID_Sp-DFA_seed91010_fullcoverage
FedAA-DDPG_policy0.001_keep16_local0.001_IID_Benign_seed91001,FedAA,FedAA-DDPG-adapted-v1,IID,Benign,91001,policy0.001_keep16_local0.001,True,0.862737202395933,0.05336878057542671,0.09966149112407496,e1646daeb4dfb3d184398e038bf90281bc8654584ed0d33029913485aaa93cd0,/workspace/GuardFed-celeba-expanded/results/revision_20260928/celeba_baseline_screen_v1/runs/FedAA-DDPG_policy0.001_keep16_local0.001_IID_Benign_seed91001
LASA_s0.3_l2_lr0.001_IID_Benign_seed91001_screen,LASA,LASA-official,IID,Benign,91001,LASA_s0.3_l2_lr0.001,True,0.859968792469925,0.04133961533393382,0.08504969702682524,9e636a0e315852cfcbb07031df9f0d76551a5ee3eef2a04511d2045320d04fb3,/workspace/GuardFed-celeba-expanded/results/revision_20260928/celeba_baseline_screen_v1/runs/LASA_s0.3_l2_lr0.001_IID_Benign_seed91001_screen
FedAA-DDPG_policy0.001_keep16_local0.001_IID_S-DFA_seed91001,FedAA,FedAA-DDPG-adapted-v1,IID,S-DFA,91001,policy0.001_keep16_local0.001,True,0.8809080384557306,0.05886667045403382,0.11253808680825361,05ea3a994ef4590f35643d2d2671764a621f884bd56b53bdb6a4f91e3a9bb33d,/workspace/GuardFed-celeba-expanded/results/revision_20260928/celeba_baseline_screen_v1/runs/FedAA-DDPG_policy0.001_keep16_local0.001_IID_S-DFA_seed91001
LASA_s0.3_l2_lr0.001_IID_S-DFA_seed91001_screen,LASA,LASA-official,IID,S-DFA,91001,LASA_s0.3_l2_lr0.001,True,0.8430563245583128,0.025080636739708617,0.06381333566956399,7e4fca495d8a51439cb6f7d0fad5b0efc26f109f0064004358bacd9ae0fafb88,/workspace/GuardFed-celeba-expanded/results/revision_20260928/celeba_baseline_screen_v1/runs/LASA_s0.3_l2_lr0.001_IID_S-DFA_seed91001_screen
FedAA-DDPG_policy0.001_keep16_local0.001_non-IID_Benign_seed91001,FedAA,FedAA-DDPG-adapted-v1,non-IID,Benign,91001,policy0.001_keep16_local0.001,True,0.8796496703075452,0.037704261471656175,0.10436665796797967,5a468e372673a325c4cf20d8c03d56d62b42aedab112509a650439072b420d38,/workspace/GuardFed-celeba-expanded/results/revision_20260928/celeba_baseline_screen_v1/runs/FedAA-DDPG_policy0.001_keep16_local0.001_non-IID_Benign_seed91001
LASA_s0.3_l2_lr0.001_non-IID_Benign_seed91001_screen,LASA,LASA-official,non-IID,Benign,91001,LASA_s0.3_l2_lr0.001,True,0.8753208838777873,0.04448088279285167,0.10013393946828913,1828a9f0d4ec022d1457bb0a41fbee246cd51d8b303ee79aa5de6eb5472a9b74,/workspace/GuardFed-celeba-expanded/results/revision_20260928/celeba_baseline_screen_v1/runs/LASA_s0.3_l2_lr0.001_non-IID_Benign_seed91001_screen
FedAA-DDPG_policy0.001_keep16_local0.001_non-IID_S-DFA_seed91001,FedAA,FedAA-DDPG-adapted-v1,non-IID,S-DFA,91001,policy0.001_keep16_local0.001,True,0.8524185835808124,0.03030918352457579,0.06914675829034928,0016889b010e5099040f15699d1142457c905ff4da8c03b3e247e4cce7234f27,/workspace/GuardFed-celeba-expanded/results/revision_20260928/celeba_baseline_screen_v1/runs/FedAA-DDPG_policy0.001_keep16_local0.001_non-IID_S-DFA_seed91001
LASA_s0.3_l2_lr0.001_non-IID_S-DFA_seed91001_screen,LASA,LASA-official,non-IID,S-DFA,91001,LASA_s0.3_l2_lr0.001,True,0.8243821412392409,0.029341377638300026,0.05462042770471909,f64acbde62f3a3607b4ef5ed80736daa60503b48ce7a269f530343fbc73f0d95,/workspace/GuardFed-celeba-expanded/results/revision_20260928/celeba_baseline_screen_v1/runs/LASA_s0.3_l2_lr0.001_non-IID_S-DFA_seed91001_screen
