view,panel,n,distribution,attack,metric,mean,sample_sd,display
raw,ten,10,IID,Benign,accuracy,0.8933306488146172,0.009866428038993302,89.33 ± 0.99
raw,ten,10,IID,Benign,aeod,0.04037627885519991,0.00653271608919519,0.0404 ± 0.0065
raw,ten,10,IID,Benign,aspd,0.10740576199617229,0.007307059069591229,0.1074 ± 0.0073
raw,ten,10,IID,F Flip,accuracy,0.8972215231288065,0.008311293153378356,89.72 ± 0.83
raw,ten,10,IID,F Flip,aeod,0.045846965694232654,0.007833700969104965,0.0458 ± 0.0078
raw,ten,10,IID,F Flip,aspd,0.11710210051217795,0.004885327953262382,0.1171 ± 0.0049
raw,ten,10,IID,FedSA,accuracy,0.8933507827049881,0.010149707614505274,89.34 ± 1.01
raw,ten,10,IID,FedSA,aeod,0.04240267900436875,0.007012121561934235,0.0424 ± 0.0070
raw,ten,10,IID,FedSA,aspd,0.11134425989562693,0.008112861989370645,0.1113 ± 0.0081
raw,ten,10,IID,S-DFA,accuracy,0.8934464186842502,0.01010739595435939,89.34 ± 1.01
raw,ten,10,IID,S-DFA,aeod,0.04227101534991619,0.007496715198921116,0.0423 ± 0.0075
raw,ten,10,IID,S-DFA,aspd,0.1113041427201472,0.007993707036355296,0.1113 ± 0.0080
raw,ten,10,IID,Sp-DFA,accuracy,0.8949312930991091,0.00925755218604938,89.49 ± 0.93
raw,ten,10,IID,Sp-DFA,aeod,0.04595717807831033,0.006113743415237206,0.0460 ± 0.0061
raw,ten,10,IID,Sp-DFA,aspd,0.11431046760033403,0.0062577950903616696,0.1143 ± 0.0063
raw,ten,10,non-IID,Benign,accuracy,0.8902451301152665,0.009130886694146283,89.02 ± 0.91
raw,ten,10,non-IID,Benign,aeod,0.03962292438332904,0.006552650839336026,0.0396 ± 0.0066
raw,ten,10,non-IID,Benign,aspd,0.107110495771064,0.007791141206449251,0.1071 ± 0.0078
raw,ten,10,non-IID,F Flip,accuracy,0.8927517994664519,0.009780234272760667,89.28 ± 0.98
raw,ten,10,non-IID,F Flip,aeod,0.05249354988587216,0.007656575049603069,0.0525 ± 0.0077
raw,ten,10,non-IID,F Flip,aspd,0.1184733624006685,0.006814068746149888,0.1185 ± 0.0068
raw,nonselection_nine,9,IID,Benign,accuracy,0.8940230309334855,0.010203995849483028,89.40 ± 1.02
raw,nonselection_nine,9,IID,Benign,aeod,0.04010297447924814,0.006868085979240984,0.0401 ± 0.0069
raw,nonselection_nine,9,IID,Benign,aspd,0.1081093168114609,0.007382318116520363,0.1081 ± 0.0074
raw,nonselection_nine,9,IID,F Flip,accuracy,0.8980554017550041,0.00835999793841127,89.81 ± 0.84
raw,nonselection_nine,9,IID,F Flip,aeod,0.04538325575647722,0.008162026527513105,0.0454 ± 0.0082
raw,nonselection_nine,9,IID,F Flip,aspd,0.11751794866735611,0.00499041820596586,0.1175 ± 0.0050
raw,nonselection_nine,9,IID,FedSA,accuracy,0.8946941606125177,0.009777073333314417,89.47 ± 0.98
raw,nonselection_nine,9,IID,FedSA,aeod,0.04241366655982938,0.007437386753930586,0.0424 ± 0.0074
raw,nonselection_nine,9,IID,FedSA,aspd,0.11200929032575178,0.008310857915686953,0.1120 ± 0.0083
raw,nonselection_nine,9,IID,S-DFA,accuracy,0.8948004228116978,0.009711048030856147,89.48 ± 0.97
raw,nonselection_nine,9,IID,S-DFA,aeod,0.04226737361043764,0.007951457848718962,0.0423 ± 0.0080
raw,nonselection_nine,9,IID,S-DFA,aspd,0.11196471568632985,0.00818399407165493,0.1120 ± 0.0082
raw,nonselection_nine,9,IID,Sp-DFA,accuracy,0.8963048718421951,0.008671186348949486,89.63 ± 0.87
raw,nonselection_nine,9,IID,Sp-DFA,aeod,0.04650478788949803,0.006219041741381813,0.0465 ± 0.0062
raw,nonselection_nine,9,IID,Sp-DFA,aspd,0.11525258240384699,0.0058369273516417535,0.1153 ± 0.0058
raw,nonselection_nine,9,non-IID,Benign,accuracy,0.8918138957400044,0.008130694340812152,89.18 ± 0.81
raw,nonselection_nine,9,non-IID,Benign,aeod,0.03923481878011316,0.00682714033168335,0.0392 ± 0.0068
raw,nonselection_nine,9,non-IID,Benign,aspd,0.10797578057831148,0.007737347170547913,0.1080 ± 0.0077
raw,nonselection_nine,9,non-IID,F Flip,accuracy,0.8939782889548833,0.009522945710229292,89.40 ± 0.95
raw,nonselection_nine,9,non-IID,F Flip,aeod,0.051353838390529254,0.0071650494335029685,0.0514 ± 0.0072
raw,nonselection_nine,9,non-IID,F Flip,aspd,0.11853822798891306,0.007224135907557232,0.1185 ± 0.0072
raw,matching_six,6,IID,Benign,accuracy,0.8911763225449237,0.011653288074987021,89.12 ± 1.17
raw,matching_six,6,IID,Benign,aeod,0.04108976696612796,0.008192541156963837,0.0411 ± 0.0082
raw,matching_six,6,IID,Benign,aspd,0.1064219481655667,0.008306404471516718,0.1064 ± 0.0083
raw,matching_six,6,IID,F Flip,accuracy,0.8966460294290364,0.00995104504387261,89.66 ± 1.00
raw,matching_six,6,IID,F Flip,aeod,0.043608405409208906,0.009304157227620537,0.0436 ± 0.0093
raw,matching_six,6,IID,F Flip,aspd,0.11621371558200685,0.00437684701682435,0.1162 ± 0.0044
raw,matching_six,6,IID,FedSA,accuracy,0.8910001510041778,0.010098643907512245,89.10 ± 1.01
raw,matching_six,6,IID,FedSA,aeod,0.04308656593370112,0.009176878606186857,0.0431 ± 0.0092
raw,matching_six,6,IID,FedSA,aspd,0.10910045254934637,0.00893300910460953,0.1091 ± 0.0089
raw,matching_six,6,IID,S-DFA,accuracy,0.8911763225449237,0.01009127778592521,89.12 ± 1.01
raw,matching_six,6,IID,S-DFA,aeod,0.04291550580327582,0.009833830049232542,0.0429 ± 0.0098
raw,matching_six,6,IID,S-DFA,aspd,0.10911241143044363,0.008814985220085256,0.1091 ± 0.0088
raw,matching_six,6,IID,Sp-DFA,accuracy,0.8932232680659721,0.009207027224530128,89.32 ± 0.92
raw,matching_six,6,IID,Sp-DFA,aeod,0.04597837790522293,0.007298692628546667,0.0460 ± 0.0073
raw,matching_six,6,IID,Sp-DFA,aspd,0.11214673225163009,0.004444379069664203,0.1121 ± 0.0044
raw,matching_six,6,non-IID,Benign,accuracy,0.8905051928658915,0.009890878241367243,89.05 ± 0.99
raw,matching_six,6,non-IID,Benign,aeod,0.039810579782264134,0.003892469917814922,0.0398 ± 0.0039
raw,matching_six,6,non-IID,Benign,aspd,0.10672446778713025,0.007875360842813551,0.1067 ± 0.0079
raw,matching_six,6,non-IID,F Flip,accuracy,0.8933155483968389,0.011300779340931662,89.33 ± 1.13
raw,matching_six,6,non-IID,F Flip,aeod,0.05079960985403784,0.005541783360745343,0.0508 ± 0.0055
raw,matching_six,6,non-IID,F Flip,aspd,0.11687658544555259,0.007569782664884549,0.1169 ± 0.0076
native,ten,10,IID,Benign,accuracy,0.8933306488146172,0.009866428038993302,89.33 ± 0.99
native,ten,10,IID,Benign,aeod,0.04037627885519991,0.00653271608919519,0.0404 ± 0.0065
native,ten,10,IID,Benign,aspd,0.10740576199617229,0.007307059069591229,0.1074 ± 0.0073
native,ten,10,IID,F Flip,accuracy,0.8972215231288065,0.008311293153378356,89.72 ± 0.83
native,ten,10,IID,F Flip,aeod,0.045846965694232654,0.007833700969104965,0.0458 ± 0.0078
native,ten,10,IID,F Flip,aspd,0.11710210051217795,0.004885327953262382,0.1171 ± 0.0049
native,ten,10,IID,FedSA,accuracy,0.8933507827049881,0.010149707614505274,89.34 ± 1.01
native,ten,10,IID,FedSA,aeod,0.04240267900436875,0.007012121561934235,0.0424 ± 0.0070
native,ten,10,IID,FedSA,aspd,0.11134425989562693,0.008112861989370645,0.1113 ± 0.0081
native,ten,10,IID,S-DFA,accuracy,0.8934464186842502,0.01010739595435939,89.34 ± 1.01
native,ten,10,IID,S-DFA,aeod,0.04227101534991619,0.007496715198921116,0.0423 ± 0.0075
native,ten,10,IID,S-DFA,aspd,0.1113041427201472,0.007993707036355296,0.1113 ± 0.0080
native,ten,10,IID,Sp-DFA,accuracy,0.8949312930991091,0.00925755218604938,89.49 ± 0.93
native,ten,10,IID,Sp-DFA,aeod,0.04595717807831033,0.006113743415237206,0.0460 ± 0.0061
native,ten,10,IID,Sp-DFA,aspd,0.11431046760033403,0.0062577950903616696,0.1143 ± 0.0063
native,ten,10,non-IID,Benign,accuracy,0.8902451301152665,0.009130886694146283,89.02 ± 0.91
native,ten,10,non-IID,Benign,aeod,0.03962292438332904,0.006552650839336026,0.0396 ± 0.0066
native,ten,10,non-IID,Benign,aspd,0.107110495771064,0.007791141206449251,0.1071 ± 0.0078
native,ten,10,non-IID,F Flip,accuracy,0.8927517994664519,0.009780234272760667,89.28 ± 0.98
native,ten,10,non-IID,F Flip,aeod,0.05249354988587216,0.007656575049603069,0.0525 ± 0.0077
native,ten,10,non-IID,F Flip,aspd,0.1184733624006685,0.006814068746149888,0.1185 ± 0.0068
native,nonselection_nine,9,IID,Benign,accuracy,0.8940230309334855,0.010203995849483028,89.40 ± 1.02
native,nonselection_nine,9,IID,Benign,aeod,0.04010297447924814,0.006868085979240984,0.0401 ± 0.0069
native,nonselection_nine,9,IID,Benign,aspd,0.1081093168114609,0.007382318116520363,0.1081 ± 0.0074
native,nonselection_nine,9,IID,F Flip,accuracy,0.8980554017550041,0.00835999793841127,89.81 ± 0.84
native,nonselection_nine,9,IID,F Flip,aeod,0.04538325575647722,0.008162026527513105,0.0454 ± 0.0082
native,nonselection_nine,9,IID,F Flip,aspd,0.11751794866735611,0.00499041820596586,0.1175 ± 0.0050
native,nonselection_nine,9,IID,FedSA,accuracy,0.8946941606125177,0.009777073333314417,89.47 ± 0.98
native,nonselection_nine,9,IID,FedSA,aeod,0.04241366655982938,0.007437386753930586,0.0424 ± 0.0074
native,nonselection_nine,9,IID,FedSA,aspd,0.11200929032575178,0.008310857915686953,0.1120 ± 0.0083
native,nonselection_nine,9,IID,S-DFA,accuracy,0.8948004228116978,0.009711048030856147,89.48 ± 0.97
native,nonselection_nine,9,IID,S-DFA,aeod,0.04226737361043764,0.007951457848718962,0.0423 ± 0.0080
native,nonselection_nine,9,IID,S-DFA,aspd,0.11196471568632985,0.00818399407165493,0.1120 ± 0.0082
native,nonselection_nine,9,IID,Sp-DFA,accuracy,0.8963048718421951,0.008671186348949486,89.63 ± 0.87
native,nonselection_nine,9,IID,Sp-DFA,aeod,0.04650478788949803,0.006219041741381813,0.0465 ± 0.0062
native,nonselection_nine,9,IID,Sp-DFA,aspd,0.11525258240384699,0.0058369273516417535,0.1153 ± 0.0058
native,nonselection_nine,9,non-IID,Benign,accuracy,0.8918138957400044,0.008130694340812152,89.18 ± 0.81
native,nonselection_nine,9,non-IID,Benign,aeod,0.03923481878011316,0.00682714033168335,0.0392 ± 0.0068
native,nonselection_nine,9,non-IID,Benign,aspd,0.10797578057831148,0.007737347170547913,0.1080 ± 0.0077
native,nonselection_nine,9,non-IID,F Flip,accuracy,0.8939782889548833,0.009522945710229292,89.40 ± 0.95
native,nonselection_nine,9,non-IID,F Flip,aeod,0.051353838390529254,0.0071650494335029685,0.0514 ± 0.0072
native,nonselection_nine,9,non-IID,F Flip,aspd,0.11853822798891306,0.007224135907557232,0.1185 ± 0.0072
native,matching_six,6,IID,Benign,accuracy,0.8911763225449237,0.011653288074987021,89.12 ± 1.17
native,matching_six,6,IID,Benign,aeod,0.04108976696612796,0.008192541156963837,0.0411 ± 0.0082
native,matching_six,6,IID,Benign,aspd,0.1064219481655667,0.008306404471516718,0.1064 ± 0.0083
native,matching_six,6,IID,F Flip,accuracy,0.8966460294290364,0.00995104504387261,89.66 ± 1.00
native,matching_six,6,IID,F Flip,aeod,0.043608405409208906,0.009304157227620537,0.0436 ± 0.0093
native,matching_six,6,IID,F Flip,aspd,0.11621371558200685,0.00437684701682435,0.1162 ± 0.0044
native,matching_six,6,IID,FedSA,accuracy,0.8910001510041778,0.010098643907512245,89.10 ± 1.01
native,matching_six,6,IID,FedSA,aeod,0.04308656593370112,0.009176878606186857,0.0431 ± 0.0092
native,matching_six,6,IID,FedSA,aspd,0.10910045254934637,0.00893300910460953,0.1091 ± 0.0089
native,matching_six,6,IID,S-DFA,accuracy,0.8911763225449237,0.01009127778592521,89.12 ± 1.01
native,matching_six,6,IID,S-DFA,aeod,0.04291550580327582,0.009833830049232542,0.0429 ± 0.0098
native,matching_six,6,IID,S-DFA,aspd,0.10911241143044363,0.008814985220085256,0.1091 ± 0.0088
native,matching_six,6,IID,Sp-DFA,accuracy,0.8932232680659721,0.009207027224530128,89.32 ± 0.92
native,matching_six,6,IID,Sp-DFA,aeod,0.04597837790522293,0.007298692628546667,0.0460 ± 0.0073
native,matching_six,6,IID,Sp-DFA,aspd,0.11214673225163009,0.004444379069664203,0.1121 ± 0.0044
native,matching_six,6,non-IID,Benign,accuracy,0.8905051928658915,0.009890878241367243,89.05 ± 0.99
native,matching_six,6,non-IID,Benign,aeod,0.039810579782264134,0.003892469917814922,0.0398 ± 0.0039
native,matching_six,6,non-IID,Benign,aspd,0.10672446778713025,0.007875360842813551,0.1067 ± 0.0079
native,matching_six,6,non-IID,F Flip,accuracy,0.8933155483968389,0.011300779340931662,89.33 ± 1.13
native,matching_six,6,non-IID,F Flip,aeod,0.05079960985403784,0.005541783360745343,0.0508 ± 0.0055
native,matching_six,6,non-IID,F Flip,aspd,0.11687658544555259,0.007569782664884549,0.1169 ± 0.0076
shared_calibration,ten,10,IID,Benign,accuracy,0.8895102431167262,0.010389063857311906,88.95 ± 1.04
shared_calibration,ten,10,IID,Benign,aeod,0.007884845808975749,0.00319607920714134,0.0079 ± 0.0032
shared_calibration,ten,10,IID,Benign,aspd,0.06565350901655075,0.007484670010786718,0.0657 ± 0.0075
shared_calibration,ten,10,IID,F Flip,accuracy,0.8935823224442543,0.008190834605115016,89.36 ± 0.82
shared_calibration,ten,10,IID,F Flip,aeod,0.007128412726213651,0.005288685862040508,0.0071 ± 0.0053
shared_calibration,ten,10,IID,F Flip,aspd,0.07122311539381372,0.00937981670157709,0.0712 ± 0.0094
shared_calibration,ten,10,IID,FedSA,accuracy,0.8899129209241455,0.010019756237254394,88.99 ± 1.00
shared_calibration,ten,10,IID,FedSA,aeod,0.008559396328249702,0.004854045826156328,0.0086 ± 0.0049
shared_calibration,ten,10,IID,FedSA,aspd,0.06594210251762221,0.008465091542856277,0.0659 ± 0.0085
shared_calibration,ten,10,IID,S-DFA,accuracy,0.8898827200885892,0.009971698940537356,88.99 ± 1.00
shared_calibration,ten,10,IID,S-DFA,aeod,0.00921425410986304,0.004931339289218239,0.0092 ± 0.0049
shared_calibration,ten,10,IID,S-DFA,aspd,0.0660828711909746,0.007974760850955775,0.0661 ± 0.0080
shared_calibration,ten,10,IID,Sp-DFA,accuracy,0.8915588664619721,0.00931348711157343,89.16 ± 0.93
shared_calibration,ten,10,IID,Sp-DFA,aeod,0.00933463109590298,0.008020297931071637,0.0093 ± 0.0080
shared_calibration,ten,10,IID,Sp-DFA,aspd,0.07489683081567798,0.008637633539520356,0.0749 ± 0.0086
shared_calibration,ten,10,non-IID,Benign,accuracy,0.8860975486988474,0.00921769953034877,88.61 ± 0.92
shared_calibration,ten,10,non-IID,Benign,aeod,0.006516584778602841,0.004938388003496046,0.0065 ± 0.0049
shared_calibration,ten,10,non-IID,Benign,aspd,0.06839755718816737,0.006675678352128585,0.0684 ± 0.0067
shared_calibration,ten,10,non-IID,F Flip,accuracy,0.889027029747823,0.010411032316516472,88.90 ± 1.04
shared_calibration,ten,10,non-IID,F Flip,aeod,0.009137821583419636,0.007304938713571755,0.0091 ± 0.0073
shared_calibration,ten,10,non-IID,F Flip,aspd,0.07129446348780538,0.011149557709610772,0.0713 ± 0.0111
shared_calibration,nonselection_nine,9,IID,Benign,accuracy,0.8902143700049776,0.010763202995353412,89.02 ± 1.08
shared_calibration,nonselection_nine,9,IID,Benign,aeod,0.007989228371612608,0.003371826024953941,0.0080 ± 0.0034
shared_calibration,nonselection_nine,9,IID,Benign,aspd,0.0652781074645321,0.00783820130243627,0.0653 ± 0.0078
shared_calibration,nonselection_nine,9,IID,F Flip,accuracy,0.8943362247837005,0.008311548873308195,89.43 ± 0.83
shared_calibration,nonselection_nine,9,IID,F Flip,aeod,0.007715474540471994,0.005252547497259039,0.0077 ± 0.0053
shared_calibration,nonselection_nine,9,IID,F Flip,aspd,0.07180562770205973,0.009755061501365797,0.0718 ± 0.0098
shared_calibration,nonselection_nine,9,IID,FedSA,accuracy,0.8912042862815501,0.009704853371629199,89.12 ± 0.97
shared_calibration,nonselection_nine,9,IID,FedSA,aeod,0.008954902226864507,0.004974655836290481,0.0090 ± 0.0050
shared_calibration,nonselection_nine,9,IID,FedSA,aspd,0.06555595858343556,0.008884680150746909,0.0656 ± 0.0089
shared_calibration,nonselection_nine,9,IID,S-DFA,accuracy,0.8911707297975985,0.009654052302668113,89.12 ± 0.97
shared_calibration,nonselection_nine,9,IID,S-DFA,aeod,0.009682521984212662,0.0049890910053232,0.0097 ± 0.0050
shared_calibration,nonselection_nine,9,IID,S-DFA,aspd,0.06571236822049377,0.008366725577154357,0.0657 ± 0.0084
shared_calibration,nonselection_nine,9,IID,Sp-DFA,accuracy,0.8929827799309855,0.008647194043052382,89.30 ± 0.86
shared_calibration,nonselection_nine,9,IID,Sp-DFA,aeod,0.008958872938206186,0.008412930024310466,0.0090 ± 0.0084
shared_calibration,nonselection_nine,9,IID,Sp-DFA,aspd,0.07490877311600419,0.009161506309002119,0.0749 ± 0.0092
shared_calibration,nonselection_nine,9,non-IID,Benign,accuracy,0.8878262668970879,0.007871879277550344,88.78 ± 0.79
shared_calibration,nonselection_nine,9,non-IID,Benign,aeod,0.006126823315419805,0.005072189182458973,0.0061 ± 0.0051
shared_calibration,nonselection_nine,9,non-IID,Benign,aspd,0.06941478184809685,0.006204383454064193,0.0694 ± 0.0062
shared_calibration,nonselection_nine,9,non-IID,F Flip,accuracy,0.8903206322041577,0.010154430601385319,89.03 ± 1.02
shared_calibration,nonselection_nine,9,non-IID,F Flip,aeod,0.007367539649556449,0.00497755380682544,0.0074 ± 0.0050
shared_calibration,nonselection_nine,9,non-IID,F Flip,aspd,0.07043715218911002,0.011470970394985682,0.0704 ± 0.0115
shared_calibration,matching_six,6,IID,Benign,accuracy,0.8870320967768998,0.012173374811862644,88.70 ± 1.22
shared_calibration,matching_six,6,IID,Benign,aeod,0.007623742203190065,0.00410533607390763,0.0076 ± 0.0041
shared_calibration,matching_six,6,IID,Benign,aspd,0.06494821690492096,0.009801027775242126,0.0649 ± 0.0098
shared_calibration,matching_six,6,IID,F Flip,accuracy,0.8935084981795607,0.010231189810321926,89.35 ± 1.02
shared_calibration,matching_six,6,IID,F Flip,aeod,0.008911572756069408,0.005255992101617998,0.0089 ± 0.0053
shared_calibration,matching_six,6,IID,F Flip,aspd,0.07556779831326994,0.009738956469216627,0.0756 ± 0.0097
shared_calibration,matching_six,6,IID,FedSA,accuracy,0.8878626197547022,0.010462477702116318,88.79 ± 1.05
shared_calibration,matching_six,6,IID,FedSA,aeod,0.0077792599846038075,0.004343011366066363,0.0078 ± 0.0043
shared_calibration,matching_six,6,IID,FedSA,aspd,0.06574890406457777,0.010855531146532928,0.0657 ± 0.0109
shared_calibration,matching_six,6,IID,S-DFA,accuracy,0.8878290632707505,0.010387787524081643,88.78 ± 1.04
shared_calibration,matching_six,6,IID,S-DFA,aeod,0.008692722652596518,0.004305313717650925,0.0087 ± 0.0043
shared_calibration,matching_six,6,IID,S-DFA,aspd,0.0659492049599746,0.010170774216817174,0.0659 ± 0.0102
shared_calibration,matching_six,6,IID,Sp-DFA,accuracy,0.8901947953893391,0.009555686803758984,89.02 ± 0.96
shared_calibration,matching_six,6,IID,Sp-DFA,aeod,0.008021054304008826,0.009888437415977752,0.0080 ± 0.0099
shared_calibration,matching_six,6,IID,Sp-DFA,aspd,0.07303770219308953,0.007047429912226604,0.0730 ± 0.0070
shared_calibration,matching_six,6,non-IID,Benign,accuracy,0.8866797536954079,0.009522641964377677,88.67 ± 0.95
shared_calibration,matching_six,6,non-IID,Benign,aeod,0.0066999310652032795,0.006092292532332291,0.0067 ± 0.0061
shared_calibration,matching_six,6,non-IID,Benign,aspd,0.0689231683203257,0.004786532099559928,0.0689 ± 0.0048
shared_calibration,matching_six,6,non-IID,F Flip,accuracy,0.8898760087917987,0.01235938079333783,88.99 ± 1.24
shared_calibration,matching_six,6,non-IID,F Flip,aeod,0.008549179866073361,0.005153931585858138,0.0085 ± 0.0052
shared_calibration,matching_six,6,non-IID,F Flip,aspd,0.07242495980009338,0.013921485363792589,0.0724 ± 0.0139
