dataset,tag,synthetic_method,real_ratio,synthetic_ratio,seed,independent_seeds,scenario_count,all_scenarios_ACC_pct,all_scenarios_AEOD,all_scenarios_ASPD,all_scenarios_1_minus_half_sum,all_scenarios_1_minus_sum,sdfa_two_distributions_ACC_pct,sdfa_two_distributions_1_minus_half_sum,sdfa_two_distributions_1_minus_sum,raw_lines,records_without_common_checkpoint
adult,real10_none,none,0.1,0.0,123,1,10,83.04801115611926,0.007927907961095609,0.05625011409846126,0.9679109889702215,0.9358219779404431,83.29238329238329,0.9671437526992007,0.9342875053984016,"[3845, 3846, 3847, 3848, 3849, 3850, 3851, 3852, 3853, 3854]",10
adult,real1_ctgan_synth9,ctgan,0.01,0.09,123,1,10,76.52300949598246,0.0011865300393967733,0.0049849602680570575,0.996914254846273,0.9938285096925462,76.11395178962746,0.9973885405971481,0.9947770811942961,"[3885, 3886, 3887, 3888, 3889, 3890, 3891, 3892, 3893, 3894]",10
adult,real1_forest_diffusion_synth9,forest_diffusion,0.01,0.09,123,1,10,79.90371206587423,0.00656430093719422,0.00880747237292581,0.99231411334494,0.9846282266898799,79.90570423002856,0.994338150804979,0.9886763016099579,"[4066, 4067, 4068, 4069, 4070, 4071, 4072, 4073, 4074, 4075]",10
adult,real1_gaussian_copula_synth9,gaussian_copula,0.01,0.09,123,1,10,81.29158642672157,0.0035947770286596263,0.0009666160841857466,0.9977193034435773,0.9954386068871546,80.17796666445315,0.9951327734183287,0.9902655468366575,"[3865, 3866, 3867, 3868, 3869, 3870, 3871, 3872, 3873, 3874]",10
adult,real1_pca_gaussian_synth9,pca_gaussian,0.01,0.09,123,1,10,81.87661863337539,0.004811924249893322,0.00919657270089143,0.9929957515246076,0.9859915030492152,81.79161962945747,0.9859737020745689,0.9719474041491378,"[3945, 3946, 3947, 3948, 3949, 3950, 3951, 3952, 3953, 3954]",10
adult,real1_smote_synth9,smote,0.01,0.09,123,1,10,80.70987449365828,0.14931171318555214,0.15721520552628548,0.8467365406440812,0.6934730812881624,80.4535493724683,0.8558692698301347,0.7117385396602693,"[3925, 3926, 3927, 3928, 3929, 3930, 3931, 3932, 3933, 3934]",9
adult,real1_tvae_synth9,tvae,0.01,0.09,123,1,10,76.22484892755162,0.004577668535876084,0.0065842164604388385,0.9944190575018426,0.9888381150036851,76.18367753502889,0.9932317916633833,0.9864635833267666,"[3905, 3906, 3907, 3908, 3909, 3910, 3911, 3912, 3913, 3914]",10
adult,real5_ctgan_synth5,ctgan,0.05,0.05,123,1,10,82.28368417557607,0.023243981810195186,0.01143842139648171,0.9826587983966616,0.9653175967933231,82.10040507337806,0.9778224412534224,0.9556448825068448,"[3985, 3986, 3987, 3988, 3989, 3990, 3991, 3992, 3993, 3994]",10
adult,real5_forest_diffusion_synth5,forest_diffusion,0.05,0.05,123,1,10,83.06394846935387,0.00687150094450579,0.05104298531888328,0.9710427568683054,0.9420855137366109,83.15957234876154,0.9748313713302396,0.9496627426604792,"[4086, 4087, 4088, 4089, 4090, 4091, 4092, 4093, 4094, 4095]",10
adult,real5_gaussian_copula_synth5,gaussian_copula,0.05,0.05,123,1,10,82.56457932133608,0.011652408161306863,0.04473553812284871,0.9718060268579222,0.9436120537158444,82.35938641344046,0.9741049309964444,0.9482098619928887,"[3965, 3966, 3967, 3968, 3969, 3970, 3971, 3972, 3973, 3974]",10
adult,real5_pca_gaussian_synth5,pca_gaussian,0.05,0.05,123,1,10,80.25898134006242,0.006577324663796494,0.01099367311744761,0.9912145011093779,0.9824290022187558,79.17856431369944,0.9940394022283402,0.9880788044566804,"[4045, 4046, 4047, 4048, 4049, 4050, 4051, 4052, 4053, 4054]",10
adult,real5_smote_synth5,smote,0.05,0.05,123,1,10,82.70336675742081,0.07802988716768793,0.15886289965004724,0.8815536065911325,0.7631072131822648,80.93830931668771,0.9301879600481794,0.8603759200963588,"[4025, 4026, 4027, 4028, 4029, 4030, 4031, 4032, 4033, 4034]",9
adult,real5_tvae_synth5,tvae,0.05,0.05,123,1,10,83.62374659671957,0.008678200280924059,0.09990070876058318,0.9457105454792464,0.8914210909584928,83.61777010425659,0.9501876892500436,0.9003753785000873,"[4005, 4006, 4007, 4008, 4009, 4010, 4011, 4012, 4013, 4014]",10
compas,real10_none,none,0.1,0.0,123,1,10,64.78401727861771,0.0869387755102041,0.014935681128734613,0.9490627716805307,0.8981255433610613,64.98380129589633,0.9584389526518828,0.9168779053037657,"[3855, 3856, 3857, 3858, 3859, 3860, 3861, 3862, 3863, 3864]",10
compas,real1_ctgan_synth9,ctgan,0.01,0.09,123,1,10,66.91684665226782,0.20425909494232478,0.27551330789603,0.7601137985808226,0.5202275971616452,66.63066954643628,0.7997417803142098,0.5994835606284197,"[3895, 3896, 3897, 3898, 3899, 3900, 3901, 3902, 3903, 3904]",10
compas,real1_forest_diffusion_synth9,forest_diffusion,0.01,0.09,123,1,10,66.1231101511879,0.05043478260869565,0.11953528871417116,0.9150149643385665,0.8300299286771332,65.36177105831533,0.9297734459788419,0.859546891957684,"[4076, 4077, 4078, 4079, 4080, 4081, 4082, 4083, 4084, 4085]",8
compas,real1_gaussian_copula_synth9,gaussian_copula,0.01,0.09,123,1,10,65.87473002159827,0.012159124519372972,0.0654537453880784,0.9611935650462743,0.9223871300925486,65.38876889848811,0.9669921143812779,0.9339842287625556,"[3875, 3876, 3877, 3878, 3879, 3880, 3881, 3882, 3883, 3884]",10
compas,real1_pca_gaussian_synth9,pca_gaussian,0.01,0.09,123,1,10,66.02051835853132,0.012020112392783194,0.032794162103864974,0.9775928627516759,0.9551857255033518,66.17170626349892,0.981247511430492,0.9624950228609841,"[3955, 3956, 3957, 3958, 3959, 3960, 3961, 3962, 3963, 3964]",10
compas,real1_smote_synth9,smote,0.01,0.09,123,1,10,65.60475161987041,0.030828157349896478,0.015803498582428653,0.9766841720338374,0.9533683440676749,65.90172786177106,0.9692959959544215,0.9385919919088429,"[3935, 3936, 3937, 3938, 3939, 3940, 3941, 3942, 3943, 3944]",10
compas,real1_tvae_synth9,tvae,0.01,0.09,123,1,10,60.16738660907127,0.12750369713102633,0.06846968825102392,0.9020133073089749,0.8040266146179498,58.50431965442765,0.9080505863003279,0.8161011726006558,"[3915, 3916, 3917, 3918, 3919, 3920, 3921, 3922, 3923, 3924]",8
compas,real5_ctgan_synth5,ctgan,0.05,0.05,123,1,10,64.48704103671706,0.04306713989943803,0.08747074690661304,0.9347310565969744,0.869462113193949,62.580993520518355,0.9477402242950362,0.8954804485900725,"[3995, 3996, 3997, 3998, 3999, 4000, 4001, 4002, 4003, 4004]",10
compas,real5_forest_diffusion_synth5,forest_diffusion,0.05,0.05,123,1,10,65.04859611231102,0.07887311446317657,0.006429552715095588,0.9573486664108639,0.9146973328217278,65.71274298056156,0.9665422143923214,0.9330844287846427,"[4096, 4097, 4098, 4099, 4100, 4101, 4102, 4103, 4104, 4105]",8
compas,real5_gaussian_copula_synth5,gaussian_copula,0.05,0.05,123,1,10,65.10259179265658,0.08178053830227741,0.0074598452051772455,0.9553798082462727,0.9107596164925453,65.0377969762419,0.9520083250528615,0.9040166501057229,"[3975, 3976, 3977, 3978, 3979, 3980, 3981, 3982, 3983, 3984]",9
compas,real5_pca_gaussian_synth5,pca_gaussian,0.05,0.05,123,1,10,64.43304535637148,0.08170068027210886,0.00836197850707385,0.9549686706104087,0.9099373412208173,64.49784017278617,0.9528320555998586,0.9056641111997173,"[4055, 4056, 4057, 4058, 4059, 4060, 4061, 4062, 4063, 4064]",10
compas,real5_smote_synth5,smote,0.05,0.05,123,1,10,63.69870410367171,0.04339544513457557,0.006104602642320314,0.9752499761115521,0.9504999522231041,64.63282937365011,0.986653197259365,0.9733063945187299,"[4035, 4036, 4037, 4038, 4039, 4040, 4041, 4042, 4043, 4044]",9
compas,real5_tvae_synth5,tvae,0.05,0.05,123,1,10,60.66414686825054,0.04050280981958001,0.009799275632129442,0.9748489572741452,0.9496979145482906,59.881209503239745,0.9813164281187644,0.9626328562375287,"[4015, 4016, 4017, 4018, 4019, 4020, 4021, 4022, 4023, 4024]",10
