raw_line,raw_line_sha256,run_id,dataset,distribution,alpha,attack,seed,tag,synthetic_method,server_ratio,synthetic_ratio,server_sampling,rounds,train_rows,test_rows,root_clean_rows,root_synthetic_rows,recorded_synthetic_method,config_sha256_canonical,ACC,ACC_pct,AEOD,ASPD,fair_avg,score,ACC_attaining_rounds,AEOD_attaining_rounds,ASPD_attaining_rounds,common_attaining_rounds,joint_round,joint_ACC,joint_AEOD,joint_ASPD,terminal_ACC,terminal_AEOD,terminal_ASPD
3945,8a6ce8f0321a1c12c206dc354402713783ade6a8321694d393c6e7282b2a2ef1,full|adult|IID|GuardFed-AD2+|Benign|rounds=70|seed=123|clients=20|malicious=4|epochs=1|batch=256|lr=0.005|opt=adam|root=0.01+0.09|serversamp=stratified_sensitive|serveralpha=None|synth=pca_gaussian|synth_epochs=50|sensfeat=0|agg=count|fflip=invert|rw=1|foe=state|sdfafoe=fedsa|spdfafoe=fedsa|fedsa_gain=1.75|fedsa_norm=2.0|fg=server_aeod|actfb=0.12|acttemp=0.8|actkeep=1.0|actmetric=aeod_aspd|actdrop=0.005|actrisk=0.1|actviol=0.02|ad2calw=1.0|ad2calb=0.06|ad2calt=0.03|ad2calq=41|ad2clip=5.0|ad2normclip=2.5|ad2accdrop=0.03|ad2calobj=original|ad2normmode=root|ad2uw=3.0|ad2cw=0.2|ad2aw=1.5|ad2plus=fixed|suite=server_generation_ablation|tag=real1_pca_gaussian_synth9,adult,IID,5000.0,Benign,123,real1_pca_gaussian_synth9,pca_gaussian,0.01,0.09,stratified_sensitive,70,30162,15059,302,2715,pca_gaussian,9b54e0c97fd0933eeb45cdb78d2c2f126f26f6a5c3cb62898f8d98980f9bd46c,0.8273457732917192,82.73457732917193,0.008159250473109718,0.007210059811065386,0.007684655142087552,0.8196611181496316,[63],[62],[62],[],69,0.8200411713925227,0.04957984201305682,0.0663296935372505,0.8021116940035858,0.1596891670584257,0.017567291210047138
3946,1131d263b5d3aff154d19036515cf530b55a733d6d325217f83c58f1db59665c,full|adult|IID|GuardFed-AD2+|F Flip|rounds=70|seed=123|clients=20|malicious=4|epochs=1|batch=256|lr=0.005|opt=adam|root=0.01+0.09|serversamp=stratified_sensitive|serveralpha=None|synth=pca_gaussian|synth_epochs=50|sensfeat=0|agg=count|fflip=invert|rw=1|foe=state|sdfafoe=fedsa|spdfafoe=fedsa|fedsa_gain=1.75|fedsa_norm=2.0|fg=server_aeod|actfb=0.12|acttemp=0.8|actkeep=1.0|actmetric=aeod_aspd|actdrop=0.005|actrisk=0.1|actviol=0.02|ad2calw=1.0|ad2calb=0.06|ad2calt=0.03|ad2calq=41|ad2clip=5.0|ad2normclip=2.5|ad2accdrop=0.03|ad2calobj=original|ad2normmode=root|ad2uw=3.0|ad2cw=0.2|ad2aw=1.5|ad2plus=fixed|suite=server_generation_ablation|tag=real1_pca_gaussian_synth9,adult,IID,5000.0,F Flip,123,real1_pca_gaussian_synth9,pca_gaussian,0.01,0.09,stratified_sensitive,70,30162,15059,302,2715,pca_gaussian,9b54e0c97fd0933eeb45cdb78d2c2f126f26f6a5c3cb62898f8d98980f9bd46c,0.8114084600571088,81.14084600571087,0.0025687587074751037,0.006888698360340413,0.004728728533907758,0.806679731523201,[65],[70],[70],[],67,0.8094162959027824,0.010038551373174887,0.05783984520083716,0.7622684109170595,0.0025687587074751037,0.006888698360340413
3947,b2cf748ecce76355286bd99eceeed32ae27b3f81b7f764f3274600efe8ffaad4,full|adult|IID|GuardFed-AD2+|FedSA|rounds=70|seed=123|clients=20|malicious=4|epochs=1|batch=256|lr=0.005|opt=adam|root=0.01+0.09|serversamp=stratified_sensitive|serveralpha=None|synth=pca_gaussian|synth_epochs=50|sensfeat=0|agg=count|fflip=invert|rw=1|foe=state|sdfafoe=fedsa|spdfafoe=fedsa|fedsa_gain=1.75|fedsa_norm=2.0|fg=server_aeod|actfb=0.12|acttemp=0.8|actkeep=1.0|actmetric=aeod_aspd|actdrop=0.005|actrisk=0.1|actviol=0.02|ad2calw=1.0|ad2calb=0.06|ad2calt=0.03|ad2calq=41|ad2clip=5.0|ad2normclip=2.5|ad2accdrop=0.03|ad2calobj=original|ad2normmode=root|ad2uw=3.0|ad2cw=0.2|ad2aw=1.5|ad2plus=fixed|suite=server_generation_ablation|tag=real1_pca_gaussian_synth9,adult,IID,5000.0,FedSA,123,real1_pca_gaussian_synth9,pca_gaussian,0.01,0.09,stratified_sensitive,70,30162,15059,302,2715,pca_gaussian,9b54e0c97fd0933eeb45cdb78d2c2f126f26f6a5c3cb62898f8d98980f9bd46c,0.8203731987515771,82.0373198751577,0.005409416268576661,0.0067108351590090196,0.00606012571379284,0.8143130730377842,[69],[63],[63],[],63,0.7615379507271399,0.005409416268576661,0.0067108351590090196,0.8145295172322199,0.1783907814864299,0.02683920801484567
3948,ff5e2af8113aa4aa8c1b1982ca6bc40a7f78a07ef4ff3be0d8cf033db38b52e6,full|adult|IID|GuardFed-AD2+|S-DFA|rounds=70|seed=123|clients=20|malicious=4|epochs=1|batch=256|lr=0.005|opt=adam|root=0.01+0.09|serversamp=stratified_sensitive|serveralpha=None|synth=pca_gaussian|synth_epochs=50|sensfeat=0|agg=count|fflip=invert|rw=1|foe=state|sdfafoe=fedsa|spdfafoe=fedsa|fedsa_gain=1.75|fedsa_norm=2.0|fg=server_aeod|actfb=0.12|acttemp=0.8|actkeep=1.0|actmetric=aeod_aspd|actdrop=0.005|actrisk=0.1|actviol=0.02|ad2calw=1.0|ad2calb=0.06|ad2calt=0.03|ad2calq=41|ad2clip=5.0|ad2normclip=2.5|ad2accdrop=0.03|ad2calobj=original|ad2normmode=root|ad2uw=3.0|ad2cw=0.2|ad2aw=1.5|ad2plus=fixed|suite=server_generation_ablation|tag=real1_pca_gaussian_synth9,adult,IID,5000.0,S-DFA,123,real1_pca_gaussian_synth9,pca_gaussian,0.01,0.09,stratified_sensitive,70,30162,15059,302,2715,pca_gaussian,9b54e0c97fd0933eeb45cdb78d2c2f126f26f6a5c3cb62898f8d98980f9bd46c,0.8219005246032273,82.19005246032273,0.0040493507843653576,0.013558769022946837,0.008804059903656097,0.8130964646995712,[65],[67],[70],[],63,0.816654492330168,0.010924507511777037,0.0610515739489029,0.8023109104190185,0.18161929476520447,0.013558769022946837
3949,0b3ee9b200c42e31d351a5156ac09703f9f1adf477e35d5a539ec62802b08e5e,full|adult|IID|GuardFed-AD2+|Sp-DFA|rounds=70|seed=123|clients=20|malicious=4|epochs=1|batch=256|lr=0.005|opt=adam|root=0.01+0.09|serversamp=stratified_sensitive|serveralpha=None|synth=pca_gaussian|synth_epochs=50|sensfeat=0|agg=count|fflip=invert|rw=1|foe=state|sdfafoe=fedsa|spdfafoe=fedsa|fedsa_gain=1.75|fedsa_norm=2.0|fg=server_aeod|actfb=0.12|acttemp=0.8|actkeep=1.0|actmetric=aeod_aspd|actdrop=0.005|actrisk=0.1|actviol=0.02|ad2calw=1.0|ad2calb=0.06|ad2calt=0.03|ad2calq=41|ad2clip=5.0|ad2normclip=2.5|ad2accdrop=0.03|ad2calobj=original|ad2normmode=root|ad2uw=3.0|ad2cw=0.2|ad2aw=1.5|ad2plus=fixed|suite=server_generation_ablation|tag=real1_pca_gaussian_synth9,adult,IID,5000.0,Sp-DFA,123,real1_pca_gaussian_synth9,pca_gaussian,0.01,0.09,stratified_sensitive,70,30162,15059,302,2715,pca_gaussian,9b54e0c97fd0933eeb45cdb78d2c2f126f26f6a5c3cb62898f8d98980f9bd46c,0.8228302012085796,82.28302012085797,0.002250591351445834,0.00679013735107568,0.004520364351260757,0.8183098368573188,[69],[62],[62],[],69,0.8228302012085796,0.01110501179275597,0.07705962317155085,0.7637293312968989,0.009568440540119079,0.009057040564164582
3950,003b1fa2f90ad576339aa1b3c2bedc09a1e503a53b149bf548b6af3c6de7f793,full|adult|non-IID|GuardFed-AD2+|Benign|rounds=70|seed=123|clients=20|malicious=4|epochs=1|batch=256|lr=0.005|opt=adam|root=0.01+0.09|serversamp=stratified_sensitive|serveralpha=None|synth=pca_gaussian|synth_epochs=50|sensfeat=0|agg=count|fflip=invert|rw=1|foe=state|sdfafoe=fedsa|spdfafoe=fedsa|fedsa_gain=1.75|fedsa_norm=2.0|fg=server_aeod|actfb=0.12|acttemp=0.8|actkeep=1.0|actmetric=aeod_aspd|actdrop=0.005|actrisk=0.1|actviol=0.02|ad2calw=1.0|ad2calb=0.06|ad2calt=0.03|ad2calq=41|ad2clip=5.0|ad2normclip=2.5|ad2accdrop=0.03|ad2calobj=original|ad2normmode=root|ad2uw=3.0|ad2cw=0.2|ad2aw=1.5|ad2plus=fixed|suite=server_generation_ablation|tag=real1_pca_gaussian_synth9,adult,non-IID,5.0,Benign,123,real1_pca_gaussian_synth9,pca_gaussian,0.01,0.09,stratified_sensitive,70,30162,15059,302,2715,pca_gaussian,9b54e0c97fd0933eeb45cdb78d2c2f126f26f6a5c3cb62898f8d98980f9bd46c,0.8185802510126834,81.85802510126834,0.011984113338409541,0.006440028103429002,0.009212070720919271,0.8093681802917642,[62],[62],[70],[],62,0.8185802510126834,0.011984113338409541,0.07621751132829707,0.792814927950063,0.1329613955037297,0.006440028103429002
3951,2fdf1f9433456e01e79cf48be9c3764f12a37ba19761fa88e2cd2842f62265bb,full|adult|non-IID|GuardFed-AD2+|F Flip|rounds=70|seed=123|clients=20|malicious=4|epochs=1|batch=256|lr=0.005|opt=adam|root=0.01+0.09|serversamp=stratified_sensitive|serveralpha=None|synth=pca_gaussian|synth_epochs=50|sensfeat=0|agg=count|fflip=invert|rw=1|foe=state|sdfafoe=fedsa|spdfafoe=fedsa|fedsa_gain=1.75|fedsa_norm=2.0|fg=server_aeod|actfb=0.12|acttemp=0.8|actkeep=1.0|actmetric=aeod_aspd|actdrop=0.005|actrisk=0.1|actviol=0.02|ad2calw=1.0|ad2calb=0.06|ad2calt=0.03|ad2calq=41|ad2clip=5.0|ad2normclip=2.5|ad2accdrop=0.03|ad2calobj=original|ad2normmode=root|ad2uw=3.0|ad2cw=0.2|ad2aw=1.5|ad2plus=fixed|suite=server_generation_ablation|tag=real1_pca_gaussian_synth9,adult,non-IID,5.0,F Flip,123,real1_pca_gaussian_synth9,pca_gaussian,0.01,0.09,stratified_sensitive,70,30162,15059,302,2715,pca_gaussian,9b54e0c97fd0933eeb45cdb78d2c2f126f26f6a5c3cb62898f8d98980f9bd46c,0.8216349027159838,82.16349027159838,9.02521404894524e-05,0.005712385854896288,0.00290131899769287,0.818733583718291,[67],[64],[64],[],62,0.7844478385018926,0.018586799996115733,0.022511190074936457,0.8167208978019789,0.05314880007494355,0.05584748043916041
3952,5089593918e45b0ff5370a3b170ea264ffc4b487260ff7f323a244e69224023e,full|adult|non-IID|GuardFed-AD2+|FedSA|rounds=70|seed=123|clients=20|malicious=4|epochs=1|batch=256|lr=0.005|opt=adam|root=0.01+0.09|serversamp=stratified_sensitive|serveralpha=None|synth=pca_gaussian|synth_epochs=50|sensfeat=0|agg=count|fflip=invert|rw=1|foe=state|sdfafoe=fedsa|spdfafoe=fedsa|fedsa_gain=1.75|fedsa_norm=2.0|fg=server_aeod|actfb=0.12|acttemp=0.8|actkeep=1.0|actmetric=aeod_aspd|actdrop=0.005|actrisk=0.1|actviol=0.02|ad2calw=1.0|ad2calb=0.06|ad2calt=0.03|ad2calq=41|ad2clip=5.0|ad2normclip=2.5|ad2accdrop=0.03|ad2calobj=original|ad2normmode=root|ad2uw=3.0|ad2cw=0.2|ad2aw=1.5|ad2plus=fixed|suite=server_generation_ablation|tag=real1_pca_gaussian_synth9,adult,non-IID,5.0,FedSA,123,real1_pca_gaussian_synth9,pca_gaussian,0.01,0.09,stratified_sensitive,70,30162,15059,302,2715,pca_gaussian,9b54e0c97fd0933eeb45cdb78d2c2f126f26f6a5c3cb62898f8d98980f9bd46c,0.816123248555681,81.61232485556809,0.001885584276934693,0.005508844230634126,0.0036972142537844096,0.8124260343018965,[63],[67],[67],[],65,0.8043694800451557,0.01940249655699508,0.04562658541692671,0.8043030745733448,0.08685283360304252,0.03153689493861833
3953,5ac31722d25bc57dafcab8986577033d09511f599ea27fdc6050b499d7bb6b6c,full|adult|non-IID|GuardFed-AD2+|S-DFA|rounds=70|seed=123|clients=20|malicious=4|epochs=1|batch=256|lr=0.005|opt=adam|root=0.01+0.09|serversamp=stratified_sensitive|serveralpha=None|synth=pca_gaussian|synth_epochs=50|sensfeat=0|agg=count|fflip=invert|rw=1|foe=state|sdfafoe=fedsa|spdfafoe=fedsa|fedsa_gain=1.75|fedsa_norm=2.0|fg=server_aeod|actfb=0.12|acttemp=0.8|actkeep=1.0|actmetric=aeod_aspd|actdrop=0.005|actrisk=0.1|actviol=0.02|ad2calw=1.0|ad2calb=0.06|ad2calt=0.03|ad2calq=41|ad2clip=5.0|ad2normclip=2.5|ad2accdrop=0.03|ad2calobj=original|ad2normmode=root|ad2uw=3.0|ad2cw=0.2|ad2aw=1.5|ad2plus=fixed|suite=server_generation_ablation|tag=real1_pca_gaussian_synth9,adult,non-IID,5.0,S-DFA,123,real1_pca_gaussian_synth9,pca_gaussian,0.01,0.09,stratified_sensitive,70,30162,15059,302,2715,pca_gaussian,9b54e0c97fd0933eeb45cdb78d2c2f126f26f6a5c3cb62898f8d98980f9bd46c,0.813931867985922,81.3931867985922,0.010971347230258888,0.027525724664153303,0.019248535947206095,0.7946833320387159,[67],[65],[69],[],65,0.8050999402350754,0.010971347230258888,0.046037821347909375,0.8011156119264228,0.035220041001890134,0.036828977169434535
3954,256f33bc70f1f993beef3de59f4b8c1ce94b088a5123052686b848e10ca7b195,full|adult|non-IID|GuardFed-AD2+|Sp-DFA|rounds=70|seed=123|clients=20|malicious=4|epochs=1|batch=256|lr=0.005|opt=adam|root=0.01+0.09|serversamp=stratified_sensitive|serveralpha=None|synth=pca_gaussian|synth_epochs=50|sensfeat=0|agg=count|fflip=invert|rw=1|foe=state|sdfafoe=fedsa|spdfafoe=fedsa|fedsa_gain=1.75|fedsa_norm=2.0|fg=server_aeod|actfb=0.12|acttemp=0.8|actkeep=1.0|actmetric=aeod_aspd|actdrop=0.005|actrisk=0.1|actviol=0.02|ad2calw=1.0|ad2calb=0.06|ad2calt=0.03|ad2calq=41|ad2clip=5.0|ad2normclip=2.5|ad2accdrop=0.03|ad2calobj=original|ad2normmode=root|ad2uw=3.0|ad2cw=0.2|ad2aw=1.5|ad2plus=fixed|suite=server_generation_ablation|tag=real1_pca_gaussian_synth9,adult,non-IID,5.0,Sp-DFA,123,real1_pca_gaussian_synth9,pca_gaussian,0.01,0.09,stratified_sensitive,70,30162,15059,302,2715,pca_gaussian,9b54e0c97fd0933eeb45cdb78d2c2f126f26f6a5c3cb62898f8d98980f9bd46c,0.8135334351550568,81.35334351550568,0.0007505779278679757,0.005620244451364245,0.0031854111896161105,0.8103480239654407,[61],[62],[62],[],63,0.8043694800451557,0.007721698956559608,0.04560921235891262,0.8076233481638887,0.0570816227791833,0.042534943418598134
3955,82dd85bf930259e8a1263ede6b39545603224ed44ada8d696ba902988710fb51,full|compas|IID|GuardFed-AD2+|Benign|rounds=70|seed=123|clients=20|malicious=4|epochs=1|batch=256|lr=0.005|opt=adam|root=0.01+0.09|serversamp=stratified_sensitive|serveralpha=None|synth=pca_gaussian|synth_epochs=50|sensfeat=0|agg=count|fflip=invert|rw=1|foe=state|sdfafoe=fedsa|spdfafoe=fedsa|fedsa_gain=1.75|fedsa_norm=2.0|fg=server_aeod|actfb=0.12|acttemp=0.8|actkeep=1.0|actmetric=aeod_aspd|actdrop=0.005|actrisk=0.1|actviol=0.02|ad2calw=1.0|ad2calb=0.06|ad2calt=0.03|ad2calq=41|ad2clip=5.0|ad2normclip=2.5|ad2accdrop=0.03|ad2calobj=original|ad2normmode=root|ad2uw=3.0|ad2cw=0.2|ad2aw=1.5|ad2plus=fixed|suite=server_generation_ablation|tag=real1_pca_gaussian_synth9,compas,IID,5000.0,Benign,123,real1_pca_gaussian_synth9,pca_gaussian,0.01,0.09,stratified_sensitive,70,4320,1852,43,389,pca_gaussian,9b54e0c97fd0933eeb45cdb78d2c2f126f26f6a5c3cb62898f8d98980f9bd46c,0.6603671706263499,66.03671706263499,0.00242531795326828,0.04016821768853579,0.021296767820902035,0.6390704028054478,[68],[70],[62],[],70,0.6598272138228942,0.00242531795326828,0.08623432588617175,0.6598272138228942,0.00242531795326828,0.08623432588617175
3956,1179f3ee0a9fa5c2bcd2bcfa5f8dfd88f07ffe032fc61b4d12f8094fe6ac6658,full|compas|IID|GuardFed-AD2+|F Flip|rounds=70|seed=123|clients=20|malicious=4|epochs=1|batch=256|lr=0.005|opt=adam|root=0.01+0.09|serversamp=stratified_sensitive|serveralpha=None|synth=pca_gaussian|synth_epochs=50|sensfeat=0|agg=count|fflip=invert|rw=1|foe=state|sdfafoe=fedsa|spdfafoe=fedsa|fedsa_gain=1.75|fedsa_norm=2.0|fg=server_aeod|actfb=0.12|acttemp=0.8|actkeep=1.0|actmetric=aeod_aspd|actdrop=0.005|actrisk=0.1|actviol=0.02|ad2calw=1.0|ad2calb=0.06|ad2calt=0.03|ad2calq=41|ad2clip=5.0|ad2normclip=2.5|ad2accdrop=0.03|ad2calobj=original|ad2normmode=root|ad2uw=3.0|ad2cw=0.2|ad2aw=1.5|ad2plus=fixed|suite=server_generation_ablation|tag=real1_pca_gaussian_synth9,compas,IID,5000.0,F Flip,123,real1_pca_gaussian_synth9,pca_gaussian,0.01,0.09,stratified_sensitive,70,4320,1852,43,389,pca_gaussian,9b54e0c97fd0933eeb45cdb78d2c2f126f26f6a5c3cb62898f8d98980f9bd46c,0.6506479481641468,65.06479481641469,0.07512570245489497,0.0006699760839548041,0.03789783926942489,0.6127501088947219,[70],[66],[70],[],68,0.6452483801295896,0.0783496007098492,0.004806553159800997,0.6506479481641468,0.09585921325051755,0.0006699760839548041
3957,4817f46da7ce7b7f35e59566cf0a37b62a7fb63236421c65e37f757326477ad7,full|compas|IID|GuardFed-AD2+|FedSA|rounds=70|seed=123|clients=20|malicious=4|epochs=1|batch=256|lr=0.005|opt=adam|root=0.01+0.09|serversamp=stratified_sensitive|serveralpha=None|synth=pca_gaussian|synth_epochs=50|sensfeat=0|agg=count|fflip=invert|rw=1|foe=state|sdfafoe=fedsa|spdfafoe=fedsa|fedsa_gain=1.75|fedsa_norm=2.0|fg=server_aeod|actfb=0.12|acttemp=0.8|actkeep=1.0|actmetric=aeod_aspd|actdrop=0.005|actrisk=0.1|actviol=0.02|ad2calw=1.0|ad2calb=0.06|ad2calt=0.03|ad2calq=41|ad2clip=5.0|ad2normclip=2.5|ad2accdrop=0.03|ad2calobj=original|ad2normmode=root|ad2uw=3.0|ad2cw=0.2|ad2aw=1.5|ad2plus=fixed|suite=server_generation_ablation|tag=real1_pca_gaussian_synth9,compas,IID,5000.0,FedSA,123,real1_pca_gaussian_synth9,pca_gaussian,0.01,0.09,stratified_sensitive,70,4320,1852,43,389,pca_gaussian,9b54e0c97fd0933eeb45cdb78d2c2f126f26f6a5c3cb62898f8d98980f9bd46c,0.6646868250539957,66.46868250539957,0.005826678497485971,0.017457895971622894,0.011642287234554433,0.6530445378194413,[62],[63],[65],[],62,0.6646868250539957,0.02159124519372968,0.05380584933475108,0.6603671706263499,0.03643892339544519,0.04996807692352584
3958,8baf4f1bdb31d3a034126668426d4a86b2a8d152827bc861c648a0d9e2fa176b,full|compas|IID|GuardFed-AD2+|S-DFA|rounds=70|seed=123|clients=20|malicious=4|epochs=1|batch=256|lr=0.005|opt=adam|root=0.01+0.09|serversamp=stratified_sensitive|serveralpha=None|synth=pca_gaussian|synth_epochs=50|sensfeat=0|agg=count|fflip=invert|rw=1|foe=state|sdfafoe=fedsa|spdfafoe=fedsa|fedsa_gain=1.75|fedsa_norm=2.0|fg=server_aeod|actfb=0.12|acttemp=0.8|actkeep=1.0|actmetric=aeod_aspd|actdrop=0.005|actrisk=0.1|actviol=0.02|ad2calw=1.0|ad2calb=0.06|ad2calt=0.03|ad2calq=41|ad2clip=5.0|ad2normclip=2.5|ad2accdrop=0.03|ad2calobj=original|ad2normmode=root|ad2uw=3.0|ad2cw=0.2|ad2aw=1.5|ad2plus=fixed|suite=server_generation_ablation|tag=real1_pca_gaussian_synth9,compas,IID,5000.0,S-DFA,123,real1_pca_gaussian_synth9,pca_gaussian,0.01,0.09,stratified_sensitive,70,4320,1852,43,389,pca_gaussian,9b54e0c97fd0933eeb45cdb78d2c2f126f26f6a5c3cb62898f8d98980f9bd46c,0.6630669546436285,66.30669546436285,0.007394262052647149,0.01930791703968615,0.01335108954616665,0.6497158650974619,[62],[62],[69],[],62,0.6630669546436285,0.007394262052647149,0.07703907921475067,0.6544276457883369,0.06435965690624079,0.03149938079736492
3959,6878093836eafa42199d787a95a690404bf3de8ced2cfbdc341f70a9875b3d1e,full|compas|IID|GuardFed-AD2+|Sp-DFA|rounds=70|seed=123|clients=20|malicious=4|epochs=1|batch=256|lr=0.005|opt=adam|root=0.01+0.09|serversamp=stratified_sensitive|serveralpha=None|synth=pca_gaussian|synth_epochs=50|sensfeat=0|agg=count|fflip=invert|rw=1|foe=state|sdfafoe=fedsa|spdfafoe=fedsa|fedsa_gain=1.75|fedsa_norm=2.0|fg=server_aeod|actfb=0.12|acttemp=0.8|actkeep=1.0|actmetric=aeod_aspd|actdrop=0.005|actrisk=0.1|actviol=0.02|ad2calw=1.0|ad2calb=0.06|ad2calt=0.03|ad2calq=41|ad2clip=5.0|ad2normclip=2.5|ad2accdrop=0.03|ad2calobj=original|ad2normmode=root|ad2uw=3.0|ad2cw=0.2|ad2aw=1.5|ad2plus=fixed|suite=server_generation_ablation|tag=real1_pca_gaussian_synth9,compas,IID,5000.0,Sp-DFA,123,real1_pca_gaussian_synth9,pca_gaussian,0.01,0.09,stratified_sensitive,70,4320,1852,43,389,pca_gaussian,9b54e0c97fd0933eeb45cdb78d2c2f126f26f6a5c3cb62898f8d98980f9bd46c,0.6555075593952484,65.55075593952483,0.003401360544217691,0.04730568067352442,0.025353520608871055,0.6301540387863773,"[66, 67, 70]",[66],[63],[],66,0.6555075593952484,0.003401360544217691,0.07794716526582524,0.6555075593952484,0.03750369713102636,0.10445440719372229
3960,6a96f15988cb8a9fd14f7e4f2fef3cb3a21a8ba2cd4264b6a7db0befba5f6e05,full|compas|non-IID|GuardFed-AD2+|Benign|rounds=70|seed=123|clients=20|malicious=4|epochs=1|batch=256|lr=0.005|opt=adam|root=0.01+0.09|serversamp=stratified_sensitive|serveralpha=None|synth=pca_gaussian|synth_epochs=50|sensfeat=0|agg=count|fflip=invert|rw=1|foe=state|sdfafoe=fedsa|spdfafoe=fedsa|fedsa_gain=1.75|fedsa_norm=2.0|fg=server_aeod|actfb=0.12|acttemp=0.8|actkeep=1.0|actmetric=aeod_aspd|actdrop=0.005|actrisk=0.1|actviol=0.02|ad2calw=1.0|ad2calb=0.06|ad2calt=0.03|ad2calq=41|ad2clip=5.0|ad2normclip=2.5|ad2accdrop=0.03|ad2calobj=original|ad2normmode=root|ad2uw=3.0|ad2cw=0.2|ad2aw=1.5|ad2plus=fixed|suite=server_generation_ablation|tag=real1_pca_gaussian_synth9,compas,non-IID,5.0,Benign,123,real1_pca_gaussian_synth9,pca_gaussian,0.01,0.09,stratified_sensitive,70,4320,1852,43,389,pca_gaussian,9b54e0c97fd0933eeb45cdb78d2c2f126f26f6a5c3cb62898f8d98980f9bd46c,0.6614470842332614,66.14470842332614,0.013782904466134283,0.017858247533986127,0.015820576000060205,0.6456265082332011,[67],[62],[69],[],67,0.6614470842332614,0.014196983141082531,0.05506643151362073,0.6555075593952484,0.06696243714877254,0.02327524928596192
3961,01e6e587167a29aa6f2e7f0b25fd7dd0d3ff07685d4c1ba7b2e77d7af20314b2,full|compas|non-IID|GuardFed-AD2+|F Flip|rounds=70|seed=123|clients=20|malicious=4|epochs=1|batch=256|lr=0.005|opt=adam|root=0.01+0.09|serversamp=stratified_sensitive|serveralpha=None|synth=pca_gaussian|synth_epochs=50|sensfeat=0|agg=count|fflip=invert|rw=1|foe=state|sdfafoe=fedsa|spdfafoe=fedsa|fedsa_gain=1.75|fedsa_norm=2.0|fg=server_aeod|actfb=0.12|acttemp=0.8|actkeep=1.0|actmetric=aeod_aspd|actdrop=0.005|actrisk=0.1|actviol=0.02|ad2calw=1.0|ad2calb=0.06|ad2calt=0.03|ad2calq=41|ad2clip=5.0|ad2normclip=2.5|ad2accdrop=0.03|ad2calobj=original|ad2normmode=root|ad2uw=3.0|ad2cw=0.2|ad2aw=1.5|ad2plus=fixed|suite=server_generation_ablation|tag=real1_pca_gaussian_synth9,compas,non-IID,5.0,F Flip,123,real1_pca_gaussian_synth9,pca_gaussian,0.01,0.09,stratified_sensitive,70,4320,1852,43,389,pca_gaussian,9b54e0c97fd0933eeb45cdb78d2c2f126f26f6a5c3cb62898f8d98980f9bd46c,0.6587473002159827,65.87473002159827,0.0039041703637976988,0.052133243536306495,0.028018706950052097,0.6307285932659306,"[61, 63, 69]",[62],[66],[],61,0.6587473002159827,0.014256137237503685,0.05530337427501936,0.6538876889848813,0.013280094646554275,0.061640134135281466
3962,15ffd34f97b75f8155b749c60b86b7a59d6315891d612e65b86901562024abce,full|compas|non-IID|GuardFed-AD2+|FedSA|rounds=70|seed=123|clients=20|malicious=4|epochs=1|batch=256|lr=0.005|opt=adam|root=0.01+0.09|serversamp=stratified_sensitive|serveralpha=None|synth=pca_gaussian|synth_epochs=50|sensfeat=0|agg=count|fflip=invert|rw=1|foe=state|sdfafoe=fedsa|spdfafoe=fedsa|fedsa_gain=1.75|fedsa_norm=2.0|fg=server_aeod|actfb=0.12|acttemp=0.8|actkeep=1.0|actmetric=aeod_aspd|actdrop=0.005|actrisk=0.1|actviol=0.02|ad2calw=1.0|ad2calb=0.06|ad2calt=0.03|ad2calq=41|ad2clip=5.0|ad2normclip=2.5|ad2accdrop=0.03|ad2calobj=original|ad2normmode=root|ad2uw=3.0|ad2cw=0.2|ad2aw=1.5|ad2plus=fixed|suite=server_generation_ablation|tag=real1_pca_gaussian_synth9,compas,non-IID,5.0,FedSA,123,real1_pca_gaussian_synth9,pca_gaussian,0.01,0.09,stratified_sensitive,70,4320,1852,43,389,pca_gaussian,9b54e0c97fd0933eeb45cdb78d2c2f126f26f6a5c3cb62898f8d98980f9bd46c,0.6636069114470843,66.36069114470843,0.0031647441585329616,0.05259312259044968,0.02787893337449132,0.635727978072593,[68],[61],[62],[],65,0.656047516198704,0.020349009168884935,0.05351638231589956,0.6565874730021598,0.0183081928423543,0.05888903025047065
3963,62471ca3025a6d39db28a6cd3cf11413a7c7fe1c18c0d1bcb0caf2d2c991300a,full|compas|non-IID|GuardFed-AD2+|S-DFA|rounds=70|seed=123|clients=20|malicious=4|epochs=1|batch=256|lr=0.005|opt=adam|root=0.01+0.09|serversamp=stratified_sensitive|serveralpha=None|synth=pca_gaussian|synth_epochs=50|sensfeat=0|agg=count|fflip=invert|rw=1|foe=state|sdfafoe=fedsa|spdfafoe=fedsa|fedsa_gain=1.75|fedsa_norm=2.0|fg=server_aeod|actfb=0.12|acttemp=0.8|actkeep=1.0|actmetric=aeod_aspd|actdrop=0.005|actrisk=0.1|actviol=0.02|ad2calw=1.0|ad2calb=0.06|ad2calt=0.03|ad2calq=41|ad2clip=5.0|ad2normclip=2.5|ad2accdrop=0.03|ad2calobj=original|ad2normmode=root|ad2uw=3.0|ad2cw=0.2|ad2aw=1.5|ad2plus=fixed|suite=server_generation_ablation|tag=real1_pca_gaussian_synth9,compas,non-IID,5.0,S-DFA,123,real1_pca_gaussian_synth9,pca_gaussian,0.01,0.09,stratified_sensitive,70,4320,1852,43,389,pca_gaussian,9b54e0c97fd0933eeb45cdb78d2c2f126f26f6a5c3cb62898f8d98980f9bd46c,0.6603671706263499,66.03671706263499,0.0009168884945282563,0.0473908866911702,0.024153887592849227,0.6362132830335007,"[62, 63]",[65],[70],[],65,0.6587473002159827,0.0009168884945282563,0.07668658308695564,0.6528077753779697,0.03401360544217685,0.0473908866911702
3964,a27a4e06de8b4485fe92e034f7b65e4fb4339aaa8b378bfadb776fdf20601f26,full|compas|non-IID|GuardFed-AD2+|Sp-DFA|rounds=70|seed=123|clients=20|malicious=4|epochs=1|batch=256|lr=0.005|opt=adam|root=0.01+0.09|serversamp=stratified_sensitive|serveralpha=None|synth=pca_gaussian|synth_epochs=50|sensfeat=0|agg=count|fflip=invert|rw=1|foe=state|sdfafoe=fedsa|spdfafoe=fedsa|fedsa_gain=1.75|fedsa_norm=2.0|fg=server_aeod|actfb=0.12|acttemp=0.8|actkeep=1.0|actmetric=aeod_aspd|actdrop=0.005|actrisk=0.1|actviol=0.02|ad2calw=1.0|ad2calb=0.06|ad2calt=0.03|ad2calq=41|ad2clip=5.0|ad2normclip=2.5|ad2accdrop=0.03|ad2calobj=original|ad2normmode=root|ad2uw=3.0|ad2cw=0.2|ad2aw=1.5|ad2plus=fixed|suite=server_generation_ablation|tag=real1_pca_gaussian_synth9,compas,non-IID,5.0,Sp-DFA,123,real1_pca_gaussian_synth9,pca_gaussian,0.01,0.09,stratified_sensitive,70,4320,1852,43,389,pca_gaussian,9b54e0c97fd0933eeb45cdb78d2c2f126f26f6a5c3cb62898f8d98980f9bd46c,0.6636069114470843,66.36069114470843,0.0042590949423246816,0.03305643322941315,0.018657764085868916,0.6449491473612153,[65],[70],[68],[],63,0.6592872570194385,0.014404022478556655,0.04986069399717774,0.6630669546436285,0.0042590949423246816,0.07695737481426834
4045,504f88dad60696b06a104445515b2babc1419bf0e58dd8d4e54acce2721d8281,full|adult|IID|GuardFed-AD2+|Benign|rounds=70|seed=123|clients=20|malicious=4|epochs=1|batch=256|lr=0.005|opt=adam|root=0.05+0.05|serversamp=stratified_sensitive|serveralpha=None|synth=pca_gaussian|synth_epochs=50|sensfeat=0|agg=count|fflip=invert|rw=1|foe=state|sdfafoe=fedsa|spdfafoe=fedsa|fedsa_gain=1.75|fedsa_norm=2.0|fg=server_aeod|actfb=0.12|acttemp=0.8|actkeep=1.0|actmetric=aeod_aspd|actdrop=0.005|actrisk=0.1|actviol=0.02|ad2calw=1.0|ad2calb=0.06|ad2calt=0.03|ad2calq=41|ad2clip=5.0|ad2normclip=2.5|ad2accdrop=0.03|ad2calobj=original|ad2normmode=root|ad2uw=3.0|ad2cw=0.2|ad2aw=1.5|ad2plus=fixed|suite=server_generation_ablation|tag=real5_pca_gaussian_synth5,adult,IID,5000.0,Benign,123,real5_pca_gaussian_synth5,pca_gaussian,0.05,0.05,stratified_sensitive,70,30162,15059,1508,1508,pca_gaussian,da38e885284dbcd0d01938ea3b6b4ccaed9ae3cfead8c26e84e441316d0892b6,0.8083538083538083,80.83538083538083,0.003949959186611146,0.009972416157842699,0.006961187672226922,0.8013926206815813,[64],[61],[63],[],61,0.7960023905969852,0.003949959186611146,0.03719716161947234,0.7896938707749519,0.02619939668157731,0.026226677321607283
4046,0a439da3042f4086cbfb3b745d7dd20e846ae0bd1bdb984728e05f792c652a66,full|adult|IID|GuardFed-AD2+|F Flip|rounds=70|seed=123|clients=20|malicious=4|epochs=1|batch=256|lr=0.005|opt=adam|root=0.05+0.05|serversamp=stratified_sensitive|serveralpha=None|synth=pca_gaussian|synth_epochs=50|sensfeat=0|agg=count|fflip=invert|rw=1|foe=state|sdfafoe=fedsa|spdfafoe=fedsa|fedsa_gain=1.75|fedsa_norm=2.0|fg=server_aeod|actfb=0.12|acttemp=0.8|actkeep=1.0|actmetric=aeod_aspd|actdrop=0.005|actrisk=0.1|actviol=0.02|ad2calw=1.0|ad2calb=0.06|ad2calt=0.03|ad2calq=41|ad2clip=5.0|ad2normclip=2.5|ad2accdrop=0.03|ad2calobj=original|ad2normmode=root|ad2uw=3.0|ad2cw=0.2|ad2aw=1.5|ad2plus=fixed|suite=server_generation_ablation|tag=real5_pca_gaussian_synth5,adult,IID,5000.0,F Flip,123,real5_pca_gaussian_synth5,pca_gaussian,0.05,0.05,stratified_sensitive,70,30162,15059,1508,1508,pca_gaussian,da38e885284dbcd0d01938ea3b6b4ccaed9ae3cfead8c26e84e441316d0892b6,0.8084202138256192,80.84202138256192,0.013338466661830362,0.01115968211556823,0.012249074388699295,0.79617113943692,[68],[64],[69],[],63,0.8007171790955575,0.01908490041704486,0.04046478105994833,0.7796002390596986,0.038540520069391335,0.014422767709495507
4047,9d85a533ac065550ff3c2a40d055d44bafd0f297901211e351df0b6dba93a19c,full|adult|IID|GuardFed-AD2+|FedSA|rounds=70|seed=123|clients=20|malicious=4|epochs=1|batch=256|lr=0.005|opt=adam|root=0.05+0.05|serversamp=stratified_sensitive|serveralpha=None|synth=pca_gaussian|synth_epochs=50|sensfeat=0|agg=count|fflip=invert|rw=1|foe=state|sdfafoe=fedsa|spdfafoe=fedsa|fedsa_gain=1.75|fedsa_norm=2.0|fg=server_aeod|actfb=0.12|acttemp=0.8|actkeep=1.0|actmetric=aeod_aspd|actdrop=0.005|actrisk=0.1|actviol=0.02|ad2calw=1.0|ad2calb=0.06|ad2calt=0.03|ad2calq=41|ad2clip=5.0|ad2normclip=2.5|ad2accdrop=0.03|ad2calobj=original|ad2normmode=root|ad2uw=3.0|ad2cw=0.2|ad2aw=1.5|ad2plus=fixed|suite=server_generation_ablation|tag=real5_pca_gaussian_synth5,adult,IID,5000.0,FedSA,123,real5_pca_gaussian_synth5,pca_gaussian,0.05,0.05,stratified_sensitive,70,30162,15059,1508,1508,pca_gaussian,da38e885284dbcd0d01938ea3b6b4ccaed9ae3cfead8c26e84e441316d0892b6,0.8132678132678133,81.32678132678133,0.004793645335363819,0.009665779677767088,0.007229712506565454,0.8060381007612478,[63],[70],[62],[],64,0.7932133607809283,0.007109355319821015,0.03222605967529072,0.7702370675343648,0.004793645335363819,0.012056922323051493
4048,995be317b230cc0c5dbb99bccde0d3d949da8ed9c41fb93b85095e784760969a,full|adult|IID|GuardFed-AD2+|S-DFA|rounds=70|seed=123|clients=20|malicious=4|epochs=1|batch=256|lr=0.005|opt=adam|root=0.05+0.05|serversamp=stratified_sensitive|serveralpha=None|synth=pca_gaussian|synth_epochs=50|sensfeat=0|agg=count|fflip=invert|rw=1|foe=state|sdfafoe=fedsa|spdfafoe=fedsa|fedsa_gain=1.75|fedsa_norm=2.0|fg=server_aeod|actfb=0.12|acttemp=0.8|actkeep=1.0|actmetric=aeod_aspd|actdrop=0.005|actrisk=0.1|actviol=0.02|ad2calw=1.0|ad2calb=0.06|ad2calt=0.03|ad2calq=41|ad2clip=5.0|ad2normclip=2.5|ad2accdrop=0.03|ad2calobj=original|ad2normmode=root|ad2uw=3.0|ad2cw=0.2|ad2aw=1.5|ad2plus=fixed|suite=server_generation_ablation|tag=real5_pca_gaussian_synth5,adult,IID,5000.0,S-DFA,123,real5_pca_gaussian_synth5,pca_gaussian,0.05,0.05,stratified_sensitive,70,30162,15059,1508,1508,pca_gaussian,da38e885284dbcd0d01938ea3b6b4ccaed9ae3cfead8c26e84e441316d0892b6,0.7999867189056378,79.99867189056377,0.0023139963362200644,0.0004414482004621396,0.001377722268341102,0.7986089966372967,[61],[69],[68],[],69,0.7934789826681719,0.0023139963362200644,0.034501649417386676,0.7701042565907431,0.045904637760467396,0.006224830882508414
4049,67fbab89a1f65194275418525459b5f8f10a7ccba66a922e3b05ed4a3fe1d6ad,full|adult|IID|GuardFed-AD2+|Sp-DFA|rounds=70|seed=123|clients=20|malicious=4|epochs=1|batch=256|lr=0.005|opt=adam|root=0.05+0.05|serversamp=stratified_sensitive|serveralpha=None|synth=pca_gaussian|synth_epochs=50|sensfeat=0|agg=count|fflip=invert|rw=1|foe=state|sdfafoe=fedsa|spdfafoe=fedsa|fedsa_gain=1.75|fedsa_norm=2.0|fg=server_aeod|actfb=0.12|acttemp=0.8|actkeep=1.0|actmetric=aeod_aspd|actdrop=0.005|actrisk=0.1|actviol=0.02|ad2calw=1.0|ad2calb=0.06|ad2calt=0.03|ad2calq=41|ad2clip=5.0|ad2normclip=2.5|ad2accdrop=0.03|ad2calobj=original|ad2normmode=root|ad2uw=3.0|ad2cw=0.2|ad2aw=1.5|ad2plus=fixed|suite=server_generation_ablation|tag=real5_pca_gaussian_synth5,adult,IID,5000.0,Sp-DFA,123,real5_pca_gaussian_synth5,pca_gaussian,0.05,0.05,stratified_sensitive,70,30162,15059,1508,1508,pca_gaussian,da38e885284dbcd0d01938ea3b6b4ccaed9ae3cfead8c26e84e441316d0892b6,0.8060960223122385,80.60960223122386,0.007496068605335943,0.028525678563359646,0.018010873584347796,0.7880851487278907,[64],[65],[67],[],63,0.7904243309648715,0.008314050030531511,0.03088472317998059,0.8057639949531842,0.048582498739040525,0.038472416298271576
4050,63da367a5c4ec502b223828926a257e6a173d92944acf231986428cd7a81b152,full|adult|non-IID|GuardFed-AD2+|Benign|rounds=70|seed=123|clients=20|malicious=4|epochs=1|batch=256|lr=0.005|opt=adam|root=0.05+0.05|serversamp=stratified_sensitive|serveralpha=None|synth=pca_gaussian|synth_epochs=50|sensfeat=0|agg=count|fflip=invert|rw=1|foe=state|sdfafoe=fedsa|spdfafoe=fedsa|fedsa_gain=1.75|fedsa_norm=2.0|fg=server_aeod|actfb=0.12|acttemp=0.8|actkeep=1.0|actmetric=aeod_aspd|actdrop=0.005|actrisk=0.1|actviol=0.02|ad2calw=1.0|ad2calb=0.06|ad2calt=0.03|ad2calq=41|ad2clip=5.0|ad2normclip=2.5|ad2accdrop=0.03|ad2calobj=original|ad2normmode=root|ad2uw=3.0|ad2cw=0.2|ad2aw=1.5|ad2plus=fixed|suite=server_generation_ablation|tag=real5_pca_gaussian_synth5,adult,non-IID,5.0,Benign,123,real5_pca_gaussian_synth5,pca_gaussian,0.05,0.05,stratified_sensitive,70,30162,15059,1508,1508,pca_gaussian,da38e885284dbcd0d01938ea3b6b4ccaed9ae3cfead8c26e84e441316d0892b6,0.797728932864068,79.7728932864068,0.013726322379503397,0.0014312109755678232,0.00757876667753561,0.7901501661865323,[61],"[62, 64, 66]","[62, 64, 66]",[],61,0.797728932864068,0.024039057470620934,0.035588468606663495,0.7674480377183079,0.0251335074780753,0.006918910629819896
4051,604dd13161041038d4509ca148a933080e6fb447d8e02e7c4485b1d4a112bb54,full|adult|non-IID|GuardFed-AD2+|F Flip|rounds=70|seed=123|clients=20|malicious=4|epochs=1|batch=256|lr=0.005|opt=adam|root=0.05+0.05|serversamp=stratified_sensitive|serveralpha=None|synth=pca_gaussian|synth_epochs=50|sensfeat=0|agg=count|fflip=invert|rw=1|foe=state|sdfafoe=fedsa|spdfafoe=fedsa|fedsa_gain=1.75|fedsa_norm=2.0|fg=server_aeod|actfb=0.12|acttemp=0.8|actkeep=1.0|actmetric=aeod_aspd|actdrop=0.005|actrisk=0.1|actviol=0.02|ad2calw=1.0|ad2calb=0.06|ad2calt=0.03|ad2calq=41|ad2clip=5.0|ad2normclip=2.5|ad2accdrop=0.03|ad2calobj=original|ad2normmode=root|ad2uw=3.0|ad2cw=0.2|ad2aw=1.5|ad2plus=fixed|suite=server_generation_ablation|tag=real5_pca_gaussian_synth5,adult,non-IID,5.0,F Flip,123,real5_pca_gaussian_synth5,pca_gaussian,0.05,0.05,stratified_sensitive,70,30162,15059,1508,1508,pca_gaussian,da38e885284dbcd0d01938ea3b6b4ccaed9ae3cfead8c26e84e441316d0892b6,0.8052327511786971,80.5232751178697,0.005111241475314041,0.013505506356633412,0.009308373915973726,0.7959243772627234,[66],[69],[65],[],64,0.8032405870243708,0.010481815050515486,0.04687993319116313,0.8039046417424796,0.014913309391763413,0.04773261732260794
4052,8681b610dadf29e82fbe862194980f74721d6c00ede262d477f481f3809b1224,full|adult|non-IID|GuardFed-AD2+|FedSA|rounds=70|seed=123|clients=20|malicious=4|epochs=1|batch=256|lr=0.005|opt=adam|root=0.05+0.05|serversamp=stratified_sensitive|serveralpha=None|synth=pca_gaussian|synth_epochs=50|sensfeat=0|agg=count|fflip=invert|rw=1|foe=state|sdfafoe=fedsa|spdfafoe=fedsa|fedsa_gain=1.75|fedsa_norm=2.0|fg=server_aeod|actfb=0.12|acttemp=0.8|actkeep=1.0|actmetric=aeod_aspd|actdrop=0.005|actrisk=0.1|actviol=0.02|ad2calw=1.0|ad2calb=0.06|ad2calt=0.03|ad2calq=41|ad2clip=5.0|ad2normclip=2.5|ad2accdrop=0.03|ad2calobj=original|ad2normmode=root|ad2uw=3.0|ad2cw=0.2|ad2aw=1.5|ad2plus=fixed|suite=server_generation_ablation|tag=real5_pca_gaussian_synth5,adult,non-IID,5.0,FedSA,123,real5_pca_gaussian_synth5,pca_gaussian,0.05,0.05,stratified_sensitive,70,30162,15059,1508,1508,pca_gaussian,da38e885284dbcd0d01938ea3b6b4ccaed9ae3cfead8c26e84e441316d0892b6,0.8002523407928813,80.02523407928813,0.0030954199323565967,0.018575169310079756,0.010835294621218176,0.7894170461716632,[69],[67],[61],[],67,0.7985257985257985,0.0030954199323565967,0.03902715047864781,0.7861079752971645,0.04197124384014861,0.01885839429049896
4053,ebd0931fceed9a8595e0753d23c213dff58f66bd9bc61886062ada10b6d995c3,full|adult|non-IID|GuardFed-AD2+|S-DFA|rounds=70|seed=123|clients=20|malicious=4|epochs=1|batch=256|lr=0.005|opt=adam|root=0.05+0.05|serversamp=stratified_sensitive|serveralpha=None|synth=pca_gaussian|synth_epochs=50|sensfeat=0|agg=count|fflip=invert|rw=1|foe=state|sdfafoe=fedsa|spdfafoe=fedsa|fedsa_gain=1.75|fedsa_norm=2.0|fg=server_aeod|actfb=0.12|acttemp=0.8|actkeep=1.0|actmetric=aeod_aspd|actdrop=0.005|actrisk=0.1|actviol=0.02|ad2calw=1.0|ad2calb=0.06|ad2calt=0.03|ad2calq=41|ad2clip=5.0|ad2normclip=2.5|ad2accdrop=0.03|ad2calobj=original|ad2normmode=root|ad2uw=3.0|ad2cw=0.2|ad2aw=1.5|ad2plus=fixed|suite=server_generation_ablation|tag=real5_pca_gaussian_synth5,adult,non-IID,5.0,S-DFA,123,real5_pca_gaussian_synth5,pca_gaussian,0.05,0.05,stratified_sensitive,70,30162,15059,1508,1508,pca_gaussian,da38e885284dbcd0d01938ea3b6b4ccaed9ae3cfead8c26e84e441316d0892b6,0.7835845673683511,78.35845673683511,0.011656806525115512,0.009430140024841466,0.010543473274978489,0.7730410940933726,[66],[69],[64],[],69,0.770701905837041,0.011656806525115512,0.011446297450265009,0.7772096420745069,0.04440405312081047,0.01212149954446879
4054,7832b5f78f55faf8070b8fc988932fdf44d9c5c796e808b4e092dfb742a6793b,full|adult|non-IID|GuardFed-AD2+|Sp-DFA|rounds=70|seed=123|clients=20|malicious=4|epochs=1|batch=256|lr=0.005|opt=adam|root=0.05+0.05|serversamp=stratified_sensitive|serveralpha=None|synth=pca_gaussian|synth_epochs=50|sensfeat=0|agg=count|fflip=invert|rw=1|foe=state|sdfafoe=fedsa|spdfafoe=fedsa|fedsa_gain=1.75|fedsa_norm=2.0|fg=server_aeod|actfb=0.12|acttemp=0.8|actkeep=1.0|actmetric=aeod_aspd|actdrop=0.005|actrisk=0.1|actviol=0.02|ad2calw=1.0|ad2calb=0.06|ad2calt=0.03|ad2calq=41|ad2clip=5.0|ad2normclip=2.5|ad2accdrop=0.03|ad2calobj=original|ad2normmode=root|ad2uw=3.0|ad2cw=0.2|ad2aw=1.5|ad2plus=fixed|suite=server_generation_ablation|tag=real5_pca_gaussian_synth5,adult,non-IID,5.0,Sp-DFA,123,real5_pca_gaussian_synth5,pca_gaussian,0.05,0.05,stratified_sensitive,70,30162,15059,1508,1508,pca_gaussian,da38e885284dbcd0d01938ea3b6b4ccaed9ae3cfead8c26e84e441316d0892b6,0.8029749651371273,80.29749651371273,0.0002913202003140547,0.00722969979235384,0.003760509996333947,0.7992144551407934,[64],[63],[66],[],63,0.7929477388936849,0.0002913202003140547,0.03815482636591455,0.7702370675343648,0.03438263823000701,0.008431690720728734
4055,8791014d4473286d872a62cae921f6e37fd5cc9188aa0f3b065934db21306105,full|compas|IID|GuardFed-AD2+|Benign|rounds=70|seed=123|clients=20|malicious=4|epochs=1|batch=256|lr=0.005|opt=adam|root=0.05+0.05|serversamp=stratified_sensitive|serveralpha=None|synth=pca_gaussian|synth_epochs=50|sensfeat=0|agg=count|fflip=invert|rw=1|foe=state|sdfafoe=fedsa|spdfafoe=fedsa|fedsa_gain=1.75|fedsa_norm=2.0|fg=server_aeod|actfb=0.12|acttemp=0.8|actkeep=1.0|actmetric=aeod_aspd|actdrop=0.005|actrisk=0.1|actviol=0.02|ad2calw=1.0|ad2calb=0.06|ad2calt=0.03|ad2calq=41|ad2clip=5.0|ad2normclip=2.5|ad2accdrop=0.03|ad2calobj=original|ad2normmode=root|ad2uw=3.0|ad2cw=0.2|ad2aw=1.5|ad2plus=fixed|suite=server_generation_ablation|tag=real5_pca_gaussian_synth5,compas,IID,5000.0,Benign,123,real5_pca_gaussian_synth5,pca_gaussian,0.05,0.05,stratified_sensitive,70,4320,1852,216,216,pca_gaussian,da38e885284dbcd0d01938ea3b6b4ccaed9ae3cfead8c26e84e441316d0892b6,0.646328293736501,64.6328293736501,0.10665483584738245,0.012983996442356954,0.0598194161448697,0.5865088775916313,[61],[67],[67],[],67,0.6387688984881209,0.10665483584738245,0.012983996442356954,0.6414686825053996,0.11996450754214727,0.020896484026206086
4056,dd8f9181dc000b0dcd7c454d9674ec61e856b6690aeb05dedfece2289c10ac09,full|compas|IID|GuardFed-AD2+|F Flip|rounds=70|seed=123|clients=20|malicious=4|epochs=1|batch=256|lr=0.005|opt=adam|root=0.05+0.05|serversamp=stratified_sensitive|serveralpha=None|synth=pca_gaussian|synth_epochs=50|sensfeat=0|agg=count|fflip=invert|rw=1|foe=state|sdfafoe=fedsa|spdfafoe=fedsa|fedsa_gain=1.75|fedsa_norm=2.0|fg=server_aeod|actfb=0.12|acttemp=0.8|actkeep=1.0|actmetric=aeod_aspd|actdrop=0.005|actrisk=0.1|actviol=0.02|ad2calw=1.0|ad2calb=0.06|ad2calt=0.03|ad2calq=41|ad2clip=5.0|ad2normclip=2.5|ad2accdrop=0.03|ad2calobj=original|ad2normmode=root|ad2uw=3.0|ad2cw=0.2|ad2aw=1.5|ad2plus=fixed|suite=server_generation_ablation|tag=real5_pca_gaussian_synth5,compas,IID,5000.0,F Flip,123,real5_pca_gaussian_synth5,pca_gaussian,0.05,0.05,stratified_sensitive,70,4320,1852,216,216,pca_gaussian,da38e885284dbcd0d01938ea3b6b4ccaed9ae3cfead8c26e84e441316d0892b6,0.6501079913606912,65.01079913606912,0.08624667258207636,0.0016305863924822583,0.04393862948727931,0.6061693618734119,"[65, 69]",[62],[62],[],62,0.6403887688984882,0.08624667258207636,0.0016305863924822583,0.6430885529157667,0.10771960958296362,0.017937617523026056
4057,d84945419655ff3612bbffd8e29d200214f17a330590452bd9b3f5bc5dadfbb2,full|compas|IID|GuardFed-AD2+|FedSA|rounds=70|seed=123|clients=20|malicious=4|epochs=1|batch=256|lr=0.005|opt=adam|root=0.05+0.05|serversamp=stratified_sensitive|serveralpha=None|synth=pca_gaussian|synth_epochs=50|sensfeat=0|agg=count|fflip=invert|rw=1|foe=state|sdfafoe=fedsa|spdfafoe=fedsa|fedsa_gain=1.75|fedsa_norm=2.0|fg=server_aeod|actfb=0.12|acttemp=0.8|actkeep=1.0|actmetric=aeod_aspd|actdrop=0.005|actrisk=0.1|actviol=0.02|ad2calw=1.0|ad2calb=0.06|ad2calt=0.03|ad2calq=41|ad2clip=5.0|ad2normclip=2.5|ad2accdrop=0.03|ad2calobj=original|ad2normmode=root|ad2uw=3.0|ad2cw=0.2|ad2aw=1.5|ad2plus=fixed|suite=server_generation_ablation|tag=real5_pca_gaussian_synth5,compas,IID,5000.0,FedSA,123,real5_pca_gaussian_synth5,pca_gaussian,0.05,0.05,stratified_sensitive,70,4320,1852,216,216,pca_gaussian,da38e885284dbcd0d01938ea3b6b4ccaed9ae3cfead8c26e84e441316d0892b6,0.6474082073434125,64.74082073434126,0.09402543626146109,0.018356644376928077,0.056191040319194585,0.5912171670242179,[61],[65],[68],[],68,0.6403887688984882,0.09967465246968354,0.018356644376928077,0.6409287257019438,0.1141674060928719,0.028367767847450903
4058,74ae2cba045dec2637b8ca4ac7682096b06690e2a9dc525c82a92634a917de81,full|compas|IID|GuardFed-AD2+|S-DFA|rounds=70|seed=123|clients=20|malicious=4|epochs=1|batch=256|lr=0.005|opt=adam|root=0.05+0.05|serversamp=stratified_sensitive|serveralpha=None|synth=pca_gaussian|synth_epochs=50|sensfeat=0|agg=count|fflip=invert|rw=1|foe=state|sdfafoe=fedsa|spdfafoe=fedsa|fedsa_gain=1.75|fedsa_norm=2.0|fg=server_aeod|actfb=0.12|acttemp=0.8|actkeep=1.0|actmetric=aeod_aspd|actdrop=0.005|actrisk=0.1|actviol=0.02|ad2calw=1.0|ad2calb=0.06|ad2calt=0.03|ad2calq=41|ad2clip=5.0|ad2normclip=2.5|ad2accdrop=0.03|ad2calobj=original|ad2normmode=root|ad2uw=3.0|ad2cw=0.2|ad2aw=1.5|ad2plus=fixed|suite=server_generation_ablation|tag=real5_pca_gaussian_synth5,compas,IID,5000.0,S-DFA,123,real5_pca_gaussian_synth5,pca_gaussian,0.05,0.05,stratified_sensitive,70,4320,1852,216,216,pca_gaussian,da38e885284dbcd0d01938ea3b6b4ccaed9ae3cfead8c26e84e441316d0892b6,0.6452483801295896,64.52483801295897,0.10461401952085186,0.01082233144673983,0.05771817548379585,0.5875302046457938,[70],[62],[62],[],62,0.6398488120950324,0.10461401952085186,0.01082233144673983,0.6452483801295896,0.15356403430937593,0.039995471241801805
4059,a87faa6df0a5a663677d9862516abd293b4798e16bdbed172a0731675c8a225d,full|compas|IID|GuardFed-AD2+|Sp-DFA|rounds=70|seed=123|clients=20|malicious=4|epochs=1|batch=256|lr=0.005|opt=adam|root=0.05+0.05|serversamp=stratified_sensitive|serveralpha=None|synth=pca_gaussian|synth_epochs=50|sensfeat=0|agg=count|fflip=invert|rw=1|foe=state|sdfafoe=fedsa|spdfafoe=fedsa|fedsa_gain=1.75|fedsa_norm=2.0|fg=server_aeod|actfb=0.12|acttemp=0.8|actkeep=1.0|actmetric=aeod_aspd|actdrop=0.005|actrisk=0.1|actviol=0.02|ad2calw=1.0|ad2calb=0.06|ad2calt=0.03|ad2calq=41|ad2clip=5.0|ad2normclip=2.5|ad2accdrop=0.03|ad2calobj=original|ad2normmode=root|ad2uw=3.0|ad2cw=0.2|ad2aw=1.5|ad2plus=fixed|suite=server_generation_ablation|tag=real5_pca_gaussian_synth5,compas,IID,5000.0,Sp-DFA,123,real5_pca_gaussian_synth5,pca_gaussian,0.05,0.05,stratified_sensitive,70,4320,1852,216,216,pca_gaussian,da38e885284dbcd0d01938ea3b6b4ccaed9ae3cfead8c26e84e441316d0892b6,0.6430885529157667,64.30885529157668,0.05805974563738539,0.006495499838341995,0.03227762273786369,0.610810930177903,[70],[62],[62],[],62,0.6155507559395248,0.05805974563738539,0.006495499838341995,0.6430885529157667,0.16515823720792666,0.0490203058779313
4060,205efbd56f88cd4ea82672f51e27a017a60381df6d57961cd5d0b3581b3843e1,full|compas|non-IID|GuardFed-AD2+|Benign|rounds=70|seed=123|clients=20|malicious=4|epochs=1|batch=256|lr=0.005|opt=adam|root=0.05+0.05|serversamp=stratified_sensitive|serveralpha=None|synth=pca_gaussian|synth_epochs=50|sensfeat=0|agg=count|fflip=invert|rw=1|foe=state|sdfafoe=fedsa|spdfafoe=fedsa|fedsa_gain=1.75|fedsa_norm=2.0|fg=server_aeod|actfb=0.12|acttemp=0.8|actkeep=1.0|actmetric=aeod_aspd|actdrop=0.005|actrisk=0.1|actviol=0.02|ad2calw=1.0|ad2calb=0.06|ad2calt=0.03|ad2calq=41|ad2clip=5.0|ad2normclip=2.5|ad2accdrop=0.03|ad2calobj=original|ad2normmode=root|ad2uw=3.0|ad2cw=0.2|ad2aw=1.5|ad2plus=fixed|suite=server_generation_ablation|tag=real5_pca_gaussian_synth5,compas,non-IID,5.0,Benign,123,real5_pca_gaussian_synth5,pca_gaussian,0.05,0.05,stratified_sensitive,70,4320,1852,216,216,pca_gaussian,da38e885284dbcd0d01938ea3b6b4ccaed9ae3cfead8c26e84e441316d0892b6,0.6436285097192225,64.36285097192224,0.0779946761313221,0.0035121220150172716,0.04075339907316969,0.6028751106460528,[68],[61],[61],[],61,0.6274298056155507,0.0779946761313221,0.0035121220150172716,0.6295896328293736,0.12265601892931083,0.029543144008674666
4061,9331d0a5e7d504de178eca0bbccc4879f0b63bdca4b465dc4b938ce2dc2d7b0b,full|compas|non-IID|GuardFed-AD2+|F Flip|rounds=70|seed=123|clients=20|malicious=4|epochs=1|batch=256|lr=0.005|opt=adam|root=0.05+0.05|serversamp=stratified_sensitive|serveralpha=None|synth=pca_gaussian|synth_epochs=50|sensfeat=0|agg=count|fflip=invert|rw=1|foe=state|sdfafoe=fedsa|spdfafoe=fedsa|fedsa_gain=1.75|fedsa_norm=2.0|fg=server_aeod|actfb=0.12|acttemp=0.8|actkeep=1.0|actmetric=aeod_aspd|actdrop=0.005|actrisk=0.1|actviol=0.02|ad2calw=1.0|ad2calb=0.06|ad2calt=0.03|ad2calq=41|ad2clip=5.0|ad2normclip=2.5|ad2accdrop=0.03|ad2calobj=original|ad2normmode=root|ad2uw=3.0|ad2cw=0.2|ad2aw=1.5|ad2plus=fixed|suite=server_generation_ablation|tag=real5_pca_gaussian_synth5,compas,non-IID,5.0,F Flip,123,real5_pca_gaussian_synth5,pca_gaussian,0.05,0.05,stratified_sensitive,70,4320,1852,216,216,pca_gaussian,da38e885284dbcd0d01938ea3b6b4ccaed9ae3cfead8c26e84e441316d0892b6,0.6403887688984882,64.03887688984882,0.044720496894409933,0.0008520601764581692,0.02278627853543405,0.6176024903630541,[63],[67],[66],[],65,0.6252699784017278,0.051375332741792346,0.010879524527077411,0.6301295896328294,0.1102040816326531,0.02156762731588205
4062,065bd2fb667ded05fad6f89e29a5474c2f92013e049c86e29892c813236ad889,full|compas|non-IID|GuardFed-AD2+|FedSA|rounds=70|seed=123|clients=20|malicious=4|epochs=1|batch=256|lr=0.005|opt=adam|root=0.05+0.05|serversamp=stratified_sensitive|serveralpha=None|synth=pca_gaussian|synth_epochs=50|sensfeat=0|agg=count|fflip=invert|rw=1|foe=state|sdfafoe=fedsa|spdfafoe=fedsa|fedsa_gain=1.75|fedsa_norm=2.0|fg=server_aeod|actfb=0.12|acttemp=0.8|actkeep=1.0|actmetric=aeod_aspd|actdrop=0.005|actrisk=0.1|actviol=0.02|ad2calw=1.0|ad2calb=0.06|ad2calt=0.03|ad2calq=41|ad2clip=5.0|ad2normclip=2.5|ad2accdrop=0.03|ad2calobj=original|ad2normmode=root|ad2uw=3.0|ad2cw=0.2|ad2aw=1.5|ad2plus=fixed|suite=server_generation_ablation|tag=real5_pca_gaussian_synth5,compas,non-IID,5.0,FedSA,123,real5_pca_gaussian_synth5,pca_gaussian,0.05,0.05,stratified_sensitive,70,4320,1852,216,216,pca_gaussian,da38e885284dbcd0d01938ea3b6b4ccaed9ae3cfead8c26e84e441316d0892b6,0.6490280777537797,64.90280777537797,0.07024548950014792,0.005399493666158162,0.03782249158315304,0.6112055861706267,[67],[70],[69],[],69,0.6452483801295896,0.07947352854185152,0.005399493666158162,0.6420086393088553,0.07024548950014792,0.014487357411231083
4063,96a39c6d6fd8baf1de906e7306718dcc5cc577991c4fadde395824528483d98a,full|compas|non-IID|GuardFed-AD2+|S-DFA|rounds=70|seed=123|clients=20|malicious=4|epochs=1|batch=256|lr=0.005|opt=adam|root=0.05+0.05|serversamp=stratified_sensitive|serveralpha=None|synth=pca_gaussian|synth_epochs=50|sensfeat=0|agg=count|fflip=invert|rw=1|foe=state|sdfafoe=fedsa|spdfafoe=fedsa|fedsa_gain=1.75|fedsa_norm=2.0|fg=server_aeod|actfb=0.12|acttemp=0.8|actkeep=1.0|actmetric=aeod_aspd|actdrop=0.005|actrisk=0.1|actviol=0.02|ad2calw=1.0|ad2calb=0.06|ad2calt=0.03|ad2calq=41|ad2clip=5.0|ad2normclip=2.5|ad2accdrop=0.03|ad2calobj=original|ad2normmode=root|ad2uw=3.0|ad2cw=0.2|ad2aw=1.5|ad2plus=fixed|suite=server_generation_ablation|tag=real5_pca_gaussian_synth5,compas,non-IID,5.0,S-DFA,123,real5_pca_gaussian_synth5,pca_gaussian,0.05,0.05,stratified_sensitive,70,4320,1852,216,216,pca_gaussian,da38e885284dbcd0d01938ea3b6b4ccaed9ae3cfead8c26e84e441316d0892b6,0.6447084233261339,64.47084233261339,0.0700384501626738,0.0031969764702998726,0.03661771331648683,0.6080907100096471,[65],[62],[62],[],62,0.6393088552915767,0.0700384501626738,0.0031969764702998726,0.6387688984881209,0.12661934338952974,0.033195330710233034
4064,d660997ebce13e8fd5adefd91e67cc78b34ff77660ecad057ce0ab1752171217,full|compas|non-IID|GuardFed-AD2+|Sp-DFA|rounds=70|seed=123|clients=20|malicious=4|epochs=1|batch=256|lr=0.005|opt=adam|root=0.05+0.05|serversamp=stratified_sensitive|serveralpha=None|synth=pca_gaussian|synth_epochs=50|sensfeat=0|agg=count|fflip=invert|rw=1|foe=state|sdfafoe=fedsa|spdfafoe=fedsa|fedsa_gain=1.75|fedsa_norm=2.0|fg=server_aeod|actfb=0.12|acttemp=0.8|actkeep=1.0|actmetric=aeod_aspd|actdrop=0.005|actrisk=0.1|actviol=0.02|ad2calw=1.0|ad2calb=0.06|ad2calt=0.03|ad2calq=41|ad2clip=5.0|ad2normclip=2.5|ad2accdrop=0.03|ad2calobj=original|ad2normmode=root|ad2uw=3.0|ad2cw=0.2|ad2aw=1.5|ad2plus=fixed|suite=server_generation_ablation|tag=real5_pca_gaussian_synth5,compas,non-IID,5.0,Sp-DFA,123,real5_pca_gaussian_synth5,pca_gaussian,0.05,0.05,stratified_sensitive,70,4320,1852,216,216,pca_gaussian,da38e885284dbcd0d01938ea3b6b4ccaed9ae3cfead8c26e84e441316d0892b6,0.6333693304535637,63.33693304535637,0.10440698018337774,0.02037007424595591,0.062388527214666825,0.5709808032388969,[67],[61],[64],[],61,0.6306695464362851,0.10440698018337774,0.022490887041331925,0.6328293736501079,0.14004732327713693,0.04054055631359085
