dataset,tag,hypothesis,candidate_ACC_pct,candidate_fairness,candidate_x_px,candidate_y_px,nearest_same_colour_x_px,nearest_same_colour_y_px,nearest_same_colour_distance_px,within_2px,within_22px,occluded_centre_under_ten_scenario_candidate
adult,real10_none,ten_scenarios_half_sum,83.04801115611926,0.9679109889702215,766.4537884321662,437.2738463250695,767,452,14.736280030404721,False,True,True
adult,real10_none,ten_scenarios_paper_sum,83.04801115611926,0.9358219779404431,766.4537884321662,572.047692650139,799,545,42.31824151727691,False,False,True
adult,real10_none,sdfa_only_half_sum,83.29238329238329,0.9671437526992007,788.1051597051596,440.49623866335696,788,443,2.5059687536874415,False,True,True
adult,real10_none,sdfa_only_paper_sum,83.29238329238329,0.9342875053984016,788.1051597051596,578.4924773267135,805,550,33.1248681929671,False,False,True
adult,real1_ctgan_synth9,ten_scenarios_half_sum,76.52300949598246,0.996914254846273,188.33864134404632,315.4601296456532,188,315,0.5713118681652111,True,True,False
adult,real1_ctgan_synth9,ten_scenarios_paper_sum,76.52300949598246,0.9938285096925462,188.33864134404632,328.4202592913059,187,328,1.4030604120703756,True,True,False
adult,real1_ctgan_synth9,sdfa_only_half_sum,76.11395178962746,0.9973885405971481,152.09612856099332,313.468129491978,175,320,23.81706655379947,False,False,False
adult,real1_ctgan_synth9,sdfa_only_paper_sum,76.11395178962746,0.9947770811942961,152.09612856099332,324.43625898395646,168,335,19.09255747673666,False,True,False
adult,real1_forest_diffusion_synth9,ten_scenarios_half_sum,79.90371206587423,0.99231411334494,487.86888903645684,334.7807239512519,488,335,0.2554839922887461,True,True,False
adult,real1_forest_diffusion_synth9,ten_scenarios_paper_sum,79.90371206587423,0.9846282266898799,487.86888903645684,367.0614479025043,487,358,9.103010834195173,False,True,False
adult,real1_forest_diffusion_synth9,sdfa_only_half_sum,79.90570423002856,0.994338150804979,488.04539478053056,326.2797666190882,488,326,0.28342555857837404,True,True,False
adult,real1_forest_diffusion_synth9,sdfa_only_paper_sum,79.90570423002856,0.9886763016099579,488.04539478053056,350.0595332381768,488,350,0.07486583030484911,True,True,False
adult,real1_gaussian_copula_synth9,ten_scenarios_half_sum,81.29158642672157,0.9977193034435773,610.8345574075306,312.07892553697536,611,312,0.18330436926009636,True,True,False
adult,real1_gaussian_copula_synth9,ten_scenarios_paper_sum,81.29158642672157,0.9954386068871546,610.8345574075306,321.6578510739508,612,323,1.7775320464162792,True,True,False
adult,real1_gaussian_copula_synth9,sdfa_only_half_sum,80.17796666445315,0.9951327734183287,512.1678464705492,322.9423516430193,589,334,77.62378117020413,False,False,False
adult,real1_gaussian_copula_synth9,sdfa_only_paper_sum,80.17796666445315,0.9902655468366575,512.1678464705492,343.38470328603864,589,335,77.28831131010696,False,False,False
adult,real1_pca_gaussian_synth9,ten_scenarios_half_sum,81.87661863337539,0.9929957515246076,662.6684109170592,331.917843596648,663,332,0.3416152726932139,True,True,False
adult,real1_pca_gaussian_synth9,ten_scenarios_paper_sum,81.87661863337539,0.9859915030492152,662.6684109170592,361.335687193296,664,355,6.474107019280886,False,True,False
adult,real1_pca_gaussian_synth9,sdfa_only_half_sum,81.79161962945747,0.9859737020745689,655.137499169932,361.41045128681054,655,354,7.411726809315356,False,True,False
adult,real1_pca_gaussian_synth9,sdfa_only_paper_sum,81.79161962945747,0.9719474041491378,655.137499169932,420.32090257362114,680,396,34.78002658884413,False,False,False
adult,real1_smote_synth9,ten_scenarios_half_sum,80.70987449365828,0.8467365406440812,559.2948801381233,946.2065292948589,559,946,0.3600120074310427,True,True,False
adult,real1_smote_synth9,ten_scenarios_paper_sum,80.70987449365828,0.6934730812881624,559.2948801381233,1589.9130585897178,559,968,621.9131284984372,False,False,False
adult,real1_smote_synth9,sdfa_only_half_sum,80.4535493724683,0.8558692698301347,536.5844744006915,907.8490667134344,558,926,28.072782474631776,False,False,False
adult,real1_smote_synth9,sdfa_only_paper_sum,80.4535493724683,0.7117385396602693,536.5844744006915,1513.1981334268687,537,968,545.1982917743464,False,False,False
adult,real1_tvae_synth9,ten_scenarios_half_sum,76.22484892755162,0.9944190575018426,161.92161498107345,325.9399584922612,162,326,0.09873800607498154,True,True,False
adult,real1_tvae_synth9,ten_scenarios_paper_sum,76.22484892755162,0.9888381150036851,161.92161498107345,349.3799169845225,162,348,1.3821414889097763,True,True,False
adult,real1_tvae_synth9,sdfa_only_half_sum,76.18367753502889,0.9932317916633833,158.27382960355982,330.92647501379025,158,331,0.2835287911004291,True,True,False
adult,real1_tvae_synth9,sdfa_only_paper_sum,76.18367753502889,0.9864635833267666,158.27382960355982,359.3529500275801,158,348,11.35625188962084,False,True,False
adult,real5_ctgan_synth5,ten_scenarios_half_sum,82.28368417557607,0.9826587983966616,698.7344179560398,375.3330467340213,699,375,0.4259741178948962,True,True,False
adult,real5_ctgan_synth5,ten_scenarios_paper_sum,82.28368417557607,0.9653175967933231,698.7344179560398,448.1660934680431,704,408,40.509769423501396,False,False,False
adult,real5_ctgan_synth5,sdfa_only_half_sum,82.10040507337806,0.9778224412534224,682.4958895012957,395.6457467356258,683,392,3.6804343025287043,False,True,False
adult,real5_ctgan_synth5,sdfa_only_paper_sum,82.10040507337806,0.9556448825068448,682.4958895012957,488.791493471252,704,408,83.60437898612633,False,False,False
adult,real5_forest_diffusion_synth5,ten_scenarios_half_sum,83.06394846935387,0.9710427568683054,767.8658343847533,424.12042115311715,768,424,0.1802821855663987,True,True,False
adult,real5_forest_diffusion_synth5,ten_scenarios_paper_sum,83.06394846935387,0.9420855137366109,767.8658343847533,545.7408423062343,794,524,33.99498252080286,False,False,False
adult,real5_forest_diffusion_synth5,sdfa_only_half_sum,83.15957234876154,0.9748313713302396,776.3381101002726,408.20824041299386,776,408,0.397092570454562,True,True,False
adult,real5_forest_diffusion_synth5,sdfa_only_paper_sum,83.15957234876154,0.9496627426604792,776.3381101002726,513.9164808259873,795,521,19.961021479827956,False,True,False
adult,real5_gaussian_copula_synth5,ten_scenarios_half_sum,82.56457932133608,0.9718060268579222,723.621727870377,420.9146871967269,724,421,0.38777323070560943,True,True,False
adult,real5_gaussian_copula_synth5,ten_scenarios_paper_sum,82.56457932133608,0.9436120537158444,723.621727870377,539.3293743934533,724,442,97.33010947093948,False,False,False
adult,real5_gaussian_copula_synth5,sdfa_only_half_sum,82.35938641344046,0.9741049309964444,705.4416362308248,411.2592898149337,705,412,0.8623770281251981,True,True,False
adult,real5_gaussian_copula_synth5,sdfa_only_paper_sum,82.35938641344046,0.9482098619928887,705.4416362308248,520.0185796298674,715,442,78.60191527822872,False,False,False
adult,real5_pca_gaussian_synth5,ten_scenarios_half_sum,80.25898134006242,0.9912145011093779,519.3457467295303,339.39909534061275,519,339,0.5280320936076945,True,True,False
adult,real5_pca_gaussian_synth5,ten_scenarios_paper_sum,80.25898134006242,0.9824290022187558,519.3457467295303,376.2981906812255,519,367,9.30461663613335,False,True,False
adult,real5_pca_gaussian_synth5,sdfa_only_half_sum,79.17856431369944,0.9940394022283402,423.6207981937703,327.5345106409712,490,309,68.91825967863987,False,False,False
adult,real5_pca_gaussian_synth5,sdfa_only_paper_sum,79.17856431369944,0.9880788044566804,423.6207981937703,352.56902128194236,496,342,73.146791214414,False,False,False
adult,real5_smote_synth5,ten_scenarios_half_sum,82.70336675742081,0.8815536065911325,735.9182947074837,799.9748523172436,736,799,0.9782703078701964,True,True,False
adult,real5_smote_synth5,ten_scenarios_paper_sum,82.70336675742081,0.7631072131822648,735.9182947074837,1297.4497046344877,577,968,365.7760684851947,False,False,False
adult,real5_smote_synth5,sdfa_only_half_sum,80.93830931668771,0.9301879600481794,579.5342054585308,595.7105677976466,722,780,232.9358225687881,False,False,False
adult,real5_smote_synth5,sdfa_only_paper_sum,80.93830931668771,0.8603759200963588,579.5342054585308,888.9211355952932,559,925,41.513106972935354,False,False,False
adult,real5_tvae_synth5,ten_scenarios_half_sum,83.62374659671957,0.9457105454792464,817.4639484693539,530.5157089871652,817,531,0.6706608437417276,True,True,False
adult,real5_tvae_synth5,ten_scenarios_paper_sum,83.62374659671957,0.8914210909584928,817.4639484693539,758.5314179743305,828,550,208.79741536772275,False,False,False
adult,real5_tvae_synth5,sdfa_only_half_sum,83.61777010425659,0.9501876892500436,816.934431237134,511.7117051498169,817,512,0.29565720573979415,True,True,False
adult,real5_tvae_synth5,sdfa_only_paper_sum,83.61777010425659,0.9003753785000873,816.934431237134,720.9234102996334,828,550,171.28122781117176,False,False,False
compas,real10_none,ten_scenarios_half_sum,64.78401727861771,0.9490627716805307,1510.0064794816415,394.72733440965567,1510,394,0.7273632704168542,True,True,False
compas,real10_none,ten_scenarios_paper_sum,64.78401727861771,0.8981255433610613,1510.0064794816415,542.9546688193115,1510,418,124.9546689873071,False,False,False
compas,real10_none,sdfa_only_half_sum,64.98380129589633,0.9584389526518828,1529.425485961123,367.4426477830208,1507,373,23.1038218538858,False,False,False
compas,real10_none,sdfa_only_paper_sum,64.98380129589633,0.9168779053037657,1529.425485961123,488.38529556604175,1529,418,70.38658160631307,False,False,False
compas,real1_ctgan_synth9,ten_scenarios_half_sum,66.91684665226782,0.7601137985808226,1717.3174946004324,944.568846129806,1718,945,0.8072838907238125,True,True,False
compas,real1_ctgan_synth9,ten_scenarios_paper_sum,66.91684665226782,0.5202275971616452,1717.3174946004324,1642.6376922596123,1717,968,674.6377669684648,False,False,False
compas,real1_ctgan_synth9,sdfa_only_half_sum,66.63066954643628,0.7997417803142098,1689.5010799136064,829.2514192856493,1718,928,102.77874604795143,False,False,False
compas,real1_ctgan_synth9,sdfa_only_paper_sum,66.63066954643628,0.5994835606284197,1689.5010799136064,1412.0028385712985,1696,968,444.0503987405708,False,False,False
compas,real1_forest_diffusion_synth9,ten_scenarios_half_sum,66.1231101511879,0.9150149643385665,1640.166306695464,493.8064537747712,1640,494,0.25518240193337466,True,True,False
compas,real1_forest_diffusion_synth9,ten_scenarios_paper_sum,66.1231101511879,0.8300299286771332,1640.166306695464,741.1129075495422,1640,517,224.11296925485286,False,False,False
compas,real1_forest_diffusion_synth9,sdfa_only_half_sum,65.36177105831533,0.9297734459788419,1566.1641468682496,450.85927220156987,1634,485,75.94269066025318,False,False,False
compas,real1_forest_diffusion_synth9,sdfa_only_paper_sum,65.36177105831533,0.859546891957684,1566.1641468682496,655.2185444031395,1618,517,147.61883920021535,False,False,False
compas,real1_gaussian_copula_synth9,ten_scenarios_half_sum,65.87473002159827,0.9611935650462743,1616.0237580993517,359.4267257153417,1616,359,0.4273865737464195,True,True,False
compas,real1_gaussian_copula_synth9,ten_scenarios_paper_sum,65.87473002159827,0.9223871300925486,1616.0237580993517,472.3534514306835,1616,382,90.35345455423476,False,False,False
compas,real1_gaussian_copula_synth9,sdfa_only_half_sum,65.38876889848811,0.9669921143812779,1568.7883369330443,342.5529471504813,1555,358,20.70578849295475,False,True,False
compas,real1_gaussian_copula_synth9,sdfa_only_paper_sum,65.38876889848811,0.9339842287625556,1568.7883369330443,438.6058943009631,1552,397,44.86533960152684,False,False,False
compas,real1_pca_gaussian_synth9,ten_scenarios_half_sum,66.02051835853132,0.9775928627516759,1630.1943844492444,311.704769392623,1630,312,0.35347761688715007,True,True,False
compas,real1_pca_gaussian_synth9,ten_scenarios_paper_sum,66.02051835853132,0.9551857255033518,1630.1943844492444,376.9095387852462,1599,362,34.57432527116065,False,False,False
compas,real1_pca_gaussian_synth9,sdfa_only_half_sum,66.17170626349892,0.981247511430492,1644.889848812095,301.06974173726803,1637,306,9.30361009581507,False,True,False
compas,real1_pca_gaussian_synth9,sdfa_only_paper_sum,66.17170626349892,0.9624950228609841,1644.889848812095,355.6394834745362,1647,335,20.74707247135049,False,True,False
compas,real1_smote_synth9,ten_scenarios_half_sum,65.60475161987041,0.9766841720338374,1589.781857451404,314.34905938153304,1590,314,0.41161708339692155,True,True,False
compas,real1_smote_synth9,ten_scenarios_paper_sum,65.60475161987041,0.9533683440676749,1589.781857451404,382.1981187630659,1590,337,45.19864517761255,False,False,False
compas,real1_smote_synth9,sdfa_only_half_sum,65.90172786177106,0.9692959959544215,1618.6479481641475,335.8486517726333,1605,330,14.848340535183805,False,True,False
compas,real1_smote_synth9,sdfa_only_paper_sum,65.90172786177106,0.9385919919088429,1618.6479481641475,425.197303545267,1601,337,89.94561927665184,False,False,False
compas,real1_tvae_synth9,ten_scenarios_half_sum,60.16738660907127,0.9020133073089749,1061.2699784017277,531.641275730883,1061,532,0.4489670796985005,True,True,False
compas,real1_tvae_synth9,ten_scenarios_paper_sum,60.16738660907127,0.8040266146179498,1061.2699784017277,816.782551461766,1062,555,261.7835693495032,False,False,False
compas,real1_tvae_synth9,sdfa_only_half_sum,58.50431965442765,0.9080505863003279,899.6198704103673,514.0727938660458,1040,554,145.9478077028406,False,False,False
compas,real1_tvae_synth9,sdfa_only_paper_sum,58.50431965442765,0.8161011726006558,899.6198704103673,781.6455877320914,1040,555,266.59858068269455,False,False,False
compas,real5_ctgan_synth5,ten_scenarios_half_sum,64.48704103671706,0.9347310565969744,1481.1403887688982,436.4326253028043,1481,437,0.5844852893364155,True,True,False
compas,real5_ctgan_synth5,ten_scenarios_paper_sum,64.48704103671706,0.869462113193949,1481.1403887688982,626.3652506056085,1481,458,168.36530913610375,False,False,False
compas,real5_ctgan_synth5,sdfa_only_half_sum,62.580993520518355,0.9477402242950362,1295.872570194384,398.57594730144444,1458,432,165.53691671095834,False,False,False
compas,real5_ctgan_synth5,sdfa_only_paper_sum,62.580993520518355,0.8954804485900725,1295.872570194384,550.651894602889,1461,449,193.9076474782918,False,False,False
compas,real5_forest_diffusion_synth5,ten_scenarios_half_sum,65.04859611231102,0.9573486664108639,1535.7235421166308,370.6153807443859,1521,356,20.745892286512237,False,True,True
compas,real5_forest_diffusion_synth5,ten_scenarios_paper_sum,65.04859611231102,0.9146973328217278,1535.7235421166308,494.7307614887719,1618,517,85.23693158311006,False,False,True
compas,real5_forest_diffusion_synth5,sdfa_only_half_sum,65.71274298056156,0.9665422143923214,1600.2786177105834,343.8621561183447,1541,348,59.42285982403103,False,False,True
compas,real5_forest_diffusion_synth5,sdfa_only_paper_sum,65.71274298056156,0.9330844287846427,1600.2786177105834,441.22431223668957,1639,475,51.38231729192238,False,False,True
compas,real5_gaussian_copula_synth5,ten_scenarios_half_sum,65.10259179265658,0.9553798082462727,1540.97192224622,376.34475800334644,1541,375,1.3450510948739614,True,True,False
compas,real5_gaussian_copula_synth5,ten_scenarios_paper_sum,65.10259179265658,0.9107596164925453,1540.97192224622,506.18951600669294,1494,456,68.74117395339579,False,False,False
compas,real5_gaussian_copula_synth5,sdfa_only_half_sum,65.0377969762419,0.9520083250528615,1534.6738660907133,386.15577409617293,1535,387,0.9050307748796395,True,True,False
compas,real5_gaussian_copula_synth5,sdfa_only_paper_sum,65.0377969762419,0.9040166501057229,1534.6738660907133,525.8115481923464,1494,456,80.79613631713826,False,False,False
compas,real5_pca_gaussian_synth5,ten_scenarios_half_sum,64.43304535637148,0.9549686706104087,1475.8920086393077,377.5411685237106,1476,379,1.4628230960019906,True,True,False
compas,real5_pca_gaussian_synth5,ten_scenarios_paper_sum,64.43304535637148,0.9099373412208173,1475.8920086393077,508.5823370474216,1476,464,44.582467840440216,False,False,False
compas,real5_pca_gaussian_synth5,sdfa_only_half_sum,64.49784017278617,0.9528320555998586,1482.1900647948157,383.7587182044113,1481,383,1.411349541950865,True,True,False
compas,real5_pca_gaussian_synth5,sdfa_only_paper_sum,64.49784017278617,0.9056641111997173,1482.1900647948157,521.0174364088224,1486,464,57.14458557817886,False,False,False
compas,real5_smote_synth5,ten_scenarios_half_sum,63.69870410367171,0.9752499761115521,1404.51403887689,318.52256951538334,1405,317,1.5982415782193131,True,True,False
compas,real5_smote_synth5,ten_scenarios_paper_sum,63.69870410367171,0.9504999522231041,1404.51403887689,390.54513903076685,1405,341,49.54752223664863,False,False,False
compas,real5_smote_synth5,sdfa_only_half_sum,64.63282937365011,0.986653197259365,1495.3110151187907,285.33919597524783,1427,313,73.69881183476024,False,False,False
compas,real5_smote_synth5,sdfa_only_paper_sum,64.63282937365011,0.9733063945187299,1495.3110151187907,324.17839195049584,1427,324,68.3112480507248,False,False,False
compas,real5_tvae_synth5,ten_scenarios_half_sum,60.66414686825054,0.9748489572741452,1109.5550755939526,319.68953433223726,1110,321,1.383935689792529,True,True,False
compas,real5_tvae_synth5,ten_scenarios_paper_sum,60.66414686825054,0.9496979145482906,1109.5550755939526,392.87906866447435,1110,342,50.88101400219331,False,False,False
compas,real5_tvae_synth5,sdfa_only_half_sum,59.881209503239745,0.9813164281187644,1033.4535637149033,300.86919417439543,1087,313,54.903344969249716,False,False,False
compas,real5_tvae_synth5,sdfa_only_paper_sum,59.881209503239745,0.9626328562375287,1033.4535637149033,355.2383883487914,1089,331,60.60450522627116,False,False,False
